# vtk DataFile Version 3.0
GMRF structured grid
ASCII
DATASET STRUCTURED_POINTS
DIMENSIONS 100 100 1
ORIGIN 0 0 0
SPACING 0.010101 0.010101 1
POINT_DATA 10000
SCALARS mean float 1
LOOKUP_TABLE default
-0.003074
-0.004612
-0.006574
-0.004296
-0.002200
-0.001078
-0.000677
-0.000765
-0.001267
-0.002098
-0.002747
-0.002077
-0.001205
-0.000604
-0.000274
-0.000113
-0.000037
-0.000001
0.000014
0.000017
0.000013
0.000009
0.000005
0.000003
0.000001
0.000001
0.000000
0.000000
0.000000
0.000000
0.000000
0.000000
0.000000
0.000000
0.000000
0.000000
0.000000
0.000000
0.000000
0.000000
0.000000
0.000000
0.000000
0.000000
0.000000
0.000000
0.000000
0.000000
0.000000
0.000000
0.000000
0.000000
0.000000
0.000000
0.000000
0.000000
0.000000
0.000000
0.000000
0.000000
0.000000
0.000000
0.000000
0.000000
0.000000
0.000000
0.000000
0.000000
0.000000
0.000000
0.000000
0.000000
0.000000
0.000000
0.000000
0.000000
0.000000
0.000000
0.000000
0.000000
0.000000
0.000000
0.000000
0.000000
0.000000
0.000000
0.000000
0.000000
0.000000
0.000000
0.000000
0.000000
0.000000
0.000000
0.000000
0.000000
0.000000
0.000000
0.000000
0.000000
-0.004610
-0.008799
-0.017389
-0.008410
-0.003424
-0.001434
-0.000867
-0.001117
-0.002207
-0.004376
-0.006815
-0.004354
-0.002140
-0.000935
-0.000381
-0.000140
-0.000033
0.000018
0.000040
0.000039
0.000028
0.000017
0.000009
0.000005
0.000002
0.000001
0.000000
0.000000
0.000000
0.000000
0.000000
0.000000
0.000000
0.000000
0.000000
0.000000
0.000000
0.000000
0.000000
0.000000
0.000000
0.000000
0.000000
0.000000
0.000000
0.000000
0.000000
0.000000
0.000000
0.000000
0.000000
0.000000
0.000000
0.000000
0.000000
0.000000
0.000000
0.000000
0.000000
0.000000
0.000000
0.000000
0.000000
0.000000
0.000000
0.000000
0.000000
0.000000
0.000000
0.000000
0.000000
0.000000
0.000000
0.000000
0.000000
0.000000
0.000000
0.000000
0.000000
0.000000
0.000000
0.000000
0.000000
0.000000
0.000000
0.000000
0.000000
0.000000
0.000000
0.000000
0.000000
0.000000
0.000000
0.000000
0.000000
0.000000
0.000000
0.000000
0.000000
0.000000
-0.006568
-0.017384
-0.063163
-0.016940
-0.005078
-0.001803
-0.001105
-0.001744
-0.004273
-0.010761
-0.022598
-0.010740
-0.004206
-0.001553
-0.000553
-0.000172
-0.000007
0.000084
0.000130
0.000110
0.000071
0.000038
0.000019
0.000009
0.000004
0.000002
0.000001
0.000000
0.000000
0.000000
0.000000
0.000000
0.000000
0.000000
0.000000
0.000000
0.000000
0.000000
0.000000
0.000000
0.000000
0.000000
0.000000
0.000000
0.000000
0.000000
0.000000
0.000000
0.000000
0.000000
0.000000
0.000000
0.000000
0.000000
0.000000
0.000000
0.000000
0.000000
0.000000
0.000000
0.000000
0.000000
0.000000
0.000000
0.000000
0.000000
0.000000
0.000000
0.000000
0.000000
0.000000
0.000000
0.000000
0.000000
0.000000
0.000000
0.000000
0.000000
0.000000
0.000000
0.000000
0.000000
0.000000
0.000000
0.000000
0.000000
0.000000
0.000000
0.000000
0.000000
0.000000
0.000000
0.000000
0.000000
0.000000
0.000000
0.000000
0.000000
0.000000
0.000000
-0.004277
-0.008390
-0.016923
-0.008051
-0.003223
-0.001397
-0.001109
-0.002228
-0.006652
-0.022556
-0.084675
-0.022540
-0.006597
-0.002069
-0.000661
-0.000162
0.000085
0.000281
0.000416
0.000312
0.000176
0.000086
0.000038
0.000016
0.000007
0.000003
0.000001
0.000000
0.000000
0.000000
0.000000
0.000000
0.000000
0.000000
0.000000
0.000000
0.000000
0.000000
0.000000
0.000000
0.000000
0.000000
0.000000
0.000000
0.000000
0.000000
0.000000
0.000000
0.000000
0.000000
0.000000
0.000000
0.000000
0.000000
0.000000
0.000000
0.000000
0.000000
0.000000
0.000000
0.000000
0.000000
0.000000
0.000000
0.000000
0.000000
0.000000
0.000000
0.000000
0.000000
0.000000
0.000000
0.000000
0.000000
0.000000
0.000000
0.000000
0.000000
0.000000
0.000000
0.000000
0.000000
0.000000
0.000000
0.000000
0.000000
0.000000
0.000000
0.000000
0.000000
0.000000
0.000000
0.000000
0.000000
0.000000
0.000000
0.000000
0.000000
0.000000
0.000000
-0.002150
-0.003367
-0.005012
-0.003166
-0.001589
-0.000851
-0.000817
-0.001634
-0.004203
-0.010693
-0.022531
-0.010686
-0.004173
-0.001533
-0.000519
-0.000061
0.000311
0.000819
0.001355
0.000859
0.000414
0.000176
0.000071
0.000027
0.000010
0.000004
0.000001
0.000001
0.000000
0.000000
0.000000
0.000000
0.000000
0.000000
0.000000
0.000000
0.000000
0.000000
0.000000
0.000000
0.000000
0.000000
0.000000
0.000000
0.000000
0.000000
0.000000
0.000000
0.000000
0.000000
0.000000
0.000000
0.000000
0.000000
0.000000
0.000000
0.000000
0.000000
0.000000
0.000000
0.000000
0.000000
0.000000
0.000000
0.000000
0.000000
0.000000
0.000000
0.000000
0.000000
0.000000
0.000000
0.000000
0.000000
0.000000
0.000000
0.000000
0.000000
0.000000
0.000000
0.000000
0.000000
0.000000
0.000000
0.000000
0.000000
0.000000
0.000000
0.000000
0.000000
0.000000
0.000000
0.000000
0.000000
0.000000
0.000000
0.000000
0.000000
0.000000
0.000000
-0.000957
-0.001281
-0.001603
-0.001181
-0.000703
-0.000452
-0.000489
-0.000922
-0.002036
-0.004175
-0.006599
-0.004186
-0.002049
-0.000903
-0.000341
0.000065
0.000715
0.002146
0.004683
0.002213
0.000856
0.000312
0.000111
0.000039
0.000014
0.000005
0.000002
0.000001
0.000000
0.000000
0.000000
0.000000
0.000000
0.000000
0.000000
0.000000
0.000000
0.000000
0.000000
0.000000
0.000000
0.000000
0.000000
0.000000
0.000000
0.000000
0.000000
0.000000
0.000000
0.000000
0.000000
0.000000
0.000000
0.000000
0.000000
0.000000
0.000000
0.000000
0.000000
0.000000
0.000000
0.000000
0.000000
0.000000
0.000000
0.000000
0.000000
0.000000
0.000000
0.000000
0.000000
0.000000
0.000000
0.000000
0.000000
0.000000
0.000000
0.000000
0.000000
0.000000
0.000000
0.000000
0.000000
0.000000
0.000000
0.000000
0.000000
0.000000
0.000000
0.000000
0.000000
0.000000
0.000000
0.000000
0.000000
0.000000
0.000000
0.000000
0.000000
0.000000
-0.000398
-0.000478
-0.000539
-0.000433
-0.000292
-0.000217
-0.000254
-0.000451
-0.000880
-0.001549
-0.002102
-0.001598
-0.000981
-0.000591
-0.000347
0.000013
0.001051
0.004513
0.017701
0.004665
0.001345
0.000414
0.000133
0.000044
0.000015
0.000005
0.000002
0.000001
0.000000
0.000000
0.000000
0.000000
0.000000
0.000000
0.000000
0.000000
0.000000
0.000000
0.000000
0.000000
0.000000
0.000000
0.000000
0.000000
0.000000
0.000000
0.000000
0.000000
0.000000
0.000000
0.000000
0.000000
0.000000
0.000000
0.000000
0.000000
0.000000
0.000000
0.000000
0.000000
0.000000
0.000000
0.000000
0.000000
0.000000
0.000000
0.000000
0.000000
0.000000
0.000000
0.000000
0.000000
0.000000
0.000000
0.000000
0.000000
0.000000
0.000000
0.000000
0.000000
0.000000
0.000000
0.000000
0.000000
0.000000
0.000000
0.000000
0.000000
0.000000
0.000000
0.000000
0.000000
0.000000
0.000000
0.000000
0.000000
0.000000
0.000000
0.000000
0.000000
-0.000156
-0.000174
-0.000182
-0.000151
-0.000108
-0.000088
-0.000113
-0.000199
-0.000364
-0.000588
-0.000763
-0.000722
-0.000670
-0.000722
-0.000818
-0.000706
0.000015
0.001665
0.004404
0.002068
0.000787
0.000280
0.000097
0.000034
0.000012
0.000004
0.000001
0.000000
0.000000
0.000000
0.000000
0.000000
0.000000
0.000000
0.000000
0.000000
0.000000
0.000000
0.000000
0.000000
0.000000
0.000000
0.000000
0.000000
0.000000
0.000000
0.000000
0.000000
0.000000
0.000000
0.000000
0.000000
0.000000
0.000000
0.000000
0.000000
0.000000
0.000000
0.000000
0.000000
0.000000
0.000000
0.000000
0.000000
0.000000
0.000000
0.000000
0.000000
0.000000
0.000000
0.000000
0.000000
0.000000
0.000000
0.000000
0.000000
0.000000
0.000000
0.000000
0.000000
0.000000
0.000000
0.000000
0.000000
0.000000
0.000000
0.000000
0.000000
0.000000
0.000000
0.000000
0.000000
0.000000
0.000000
0.000000
0.000000
0.000000
0.000000
0.000000
0.000000
-0.000053
-0.000054
-0.000048
-0.000030
-0.000011
-0.000004
-0.000022
-0.000070
-0.000151
-0.000265
-0.000402
-0.000582
-0.000922
-0.001529
-0.002317
-0.002738
-0.001935
-0.000608
0.000585
0.000483
0.000243
0.000103
0.000040
0.000015
0.000005
0.000002
0.000001
0.000000
0.000000
0.000000
0.000000
0.000000
0.000000
0.000000
0.000000
0.000000
0.000000
0.000000
0.000000
0.000000
0.000000
0.000000
0.000000
0.000000
0.000000
0.000000
0.000000
0.000000
0.000000
0.000000
0.000000
0.000000
0.000000
0.000000
0.000000
0.000000
0.000000
0.000000
0.000000
0.000000
0.000000
0.000000
0.000000
0.000000
0.000000
0.000000
0.000000
0.000000
0.000000
0.000000
0.000000
0.000000
0.000000
0.000000
0.000000
0.000000
0.000000
0.000000
0.000000
0.000000
0.000000
0.000000
0.000000
0.000000
0.000000
0.000000
0.000000
0.000000
0.000000
0.000000
0.000000
0.000000
0.000000
0.000000
0.000000
0.000000
0.000000
0.000000
0.000000
0.000000
-0.000002
0.000007
0.000027
0.000058
0.000090
0.000102
0.000078
0.000023
-0.000058
-0.000181
-0.000403
-0.000861
-0.001830
-0.003687
-0.006498
-0.008733
-0.006343
-0.003353
-0.001355
-0.000479
-0.000158
-0.000050
-0.000016
-0.000005
-0.000002
-0.000001
-0.000000
-0.000000
-0.000000
-0.000000
-0.000000
-0.000000
-0.000000
-0.000000
-0.000000
-0.000000
-0.000000
-0.000000
-0.000000
-0.000000
-0.000000
-0.000000
-0.000000
-0.000000
-0.000000
-0.000000
-0.000000
-0.000000
-0.000000
-0.000000
-0.000000
-0.000000
-0.000000
-0.000000
-0.000000
-0.000000
-0.000000
-0.000000
-0.000000
-0.000000
-0.000000
-0.000000
-0.000000
-0.000000
-0.000000
-0.000000
-0.000000
-0.000000
-0.000000
-0.000000
-0.000000
-0.000000
-0.000000
-0.000000
-0.000000
-0.000000
-0.000000
-0.000000
-0.000000
-0.000000
-0.000000
-0.000000
-0.000000
-0.000000
-0.000000
-0.000000
-0.000000
-0.000000
-0.000000
-0.000000
0.000000
0.000000
0.000000
0.000000
0.000000
0.000000
0.000000
0.000000
0.000000
0.000000
0.000038
0.000063
0.000117
0.000202
0.000299
0.000348
0.000286
0.000165
0.000021
-0.000180
-0.000572
-0.001488
-0.003682
-0.008576
-0.017752
-0.028085
-0.017694
-0.008460
-0.003530
-0.001364
-0.000503
-0.000181
-0.000064
-0.000022
-0.000008
-0.000003
-0.000001
-0.000000
-0.000000
-0.000000
-0.000000
-0.000000
-0.000000
-0.000000
-0.000000
-0.000000
-0.000000
-0.000000
-0.000000
-0.000000
-0.000000
-0.000000
-0.000000
-0.000000
-0.000000
-0.000000
-0.000000
-0.000000
-0.000000
-0.000000
-0.000000
-0.000000
-0.000000
-0.000000
-0.000000
-0.000000
-0.000000
-0.000000
-0.000000
-0.000000
-0.000000
-0.000000
-0.000000
-0.000000
-0.000000
-0.000000
-0.000000
-0.000000
-0.000000
-0.000000
-0.000000
-0.000000
-0.000000
-0.000000
-0.000000
-0.000000
-0.000000
-0.000000
-0.000000
-0.000000
-0.000000
-0.000000
-0.000000
-0.000000
-0.000000
-0.000000
-0.000000
-0.000000
-0.000000
-0.000000
-0.000000
-0.000000
-0.000000
-0.000000
-0.000000
-0.000000
-0.000000
-0.000000
-0.000000
-0.000000
0.000091
0.000152
0.000294
0.000539
0.000854
0.001051
0.000840
0.000496
0.000176
-0.000169
-0.000787
-0.002328
-0.006513
-0.017761
-0.045603
-0.096246
-0.045583
-0.017724
-0.006471
-0.002307
-0.000814
-0.000286
-0.000100
-0.000035
-0.000012
-0.000004
-0.000002
-0.000001
-0.000000
-0.000000
-0.000000
-0.000000
-0.000000
-0.000000
-0.000000
-0.000000
-0.000000
-0.000000
-0.000000
-0.000000
-0.000000
-0.000000
-0.000000
-0.000000
-0.000000
-0.000000
-0.000000
-0.000000
-0.000000
-0.000000
-0.000000
-0.000000
-0.000000
-0.000000
-0.000000
-0.000000
-0.000000
-0.000000
-0.000000
-0.000000
-0.000000
-0.000000
-0.000000
-0.000000
-0.000000
-0.000000
-0.000000
-0.000000
-0.000000
-0.000000
-0.000000
-0.000000
-0.000000
-0.000000
-0.000000
-0.000000
-0.000000
-0.000000
-0.000000
-0.000000
-0.000000
-0.000000
-0.000000
-0.000000
-0.000000
-0.000000
-0.000000
-0.000000
-0.000000
-0.000000
-0.000000
-0.000000
-0.000000
-0.000000
-0.000000
-0.000000
-0.000000
-0.000000
-0.000000
-0.000000
0.000173
0.000311
0.000660
0.001344
0.002382
0.003215
0.002367
0.001298
0.000530
-0.000053
-0.000865
-0.002851
-0.008793
-0.028113
-0.096256
-0.361959
-0.096251
-0.028106
-0.008795
-0.002884
-0.000974
-0.000335
-0.000117
-0.000041
-0.000015
-0.000005
-0.000002
-0.000001
-0.000000
-0.000000
-0.000000
-0.000000
-0.000000
-0.000000
-0.000000
-0.000000
-0.000000
-0.000000
-0.000000
-0.000000
-0.000000
-0.000000
-0.000000
-0.000000
-0.000000
-0.000000
-0.000000
-0.000000
-0.000000
-0.000000
-0.000000
-0.000000
-0.000000
-0.000000
-0.000000
-0.000000
-0.000000
-0.000000
-0.000000
-0.000000
-0.000000
-0.000000
-0.000000
-0.000000
-0.000000
-0.000000
-0.000000
-0.000000
-0.000000
-0.000000
-0.000000
-0.000000
-0.000000
-0.000000
-0.000000
-0.000000
-0.000000
-0.000000
-0.000000
-0.000000
-0.000000
-0.000000
-0.000000
-0.000000
-0.000000
-0.000000
-0.000000
-0.000000
-0.000000
-0.000000
-0.000000
-0.000000
-0.000000
-0.000000
-0.000000
-0.000000
-0.000000
-0.000000
-0.000000
-0.000000
0.000291
0.000571
0.001353
0.003138
0.006495
0.010277
0.006481
0.003095
0.001233
0.000237
-0.000633
-0.002268
-0.006490
-0.017754
-0.045605
-0.096258
-0.045606
-0.017760
-0.006513
-0.002343
-0.000838
-0.000300
-0.000108
-0.000039
-0.000014
-0.000005
-0.000002
-0.000001
-0.000000
-0.000000
-0.000000
-0.000000
-0.000000
-0.000000
-0.000000
-0.000000
-0.000000
-0.000000
-0.000000
-0.000000
-0.000000
-0.000000
-0.000000
-0.000000
-0.000000
-0.000000
-0.000000
-0.000000
-0.000000
-0.000000
-0.000000
-0.000000
-0.000000
-0.000000
-0.000000
-0.000000
-0.000000
-0.000000
-0.000000
-0.000000
-0.000000
-0.000000
-0.000000
-0.000000
-0.000000
-0.000000
-0.000000
-0.000000
-0.000000
-0.000000
-0.000000
-0.000000
-0.000000
-0.000000
-0.000000
-0.000000
-0.000000
-0.000000
-0.000000
-0.000000
-0.000000
-0.000000
-0.000000
-0.000000
-0.000000
-0.000000
-0.000000
-0.000000
-0.000000
-0.000000
-0.000000
-0.000000
-0.000000
-0.000000
-0.000000
-0.000000
-0.000000
-0.000000
-0.000000
-0.000000
0.000418
0.000898
0.002398
0.006500
0.016677
0.035193
0.016666
0.006464
0.002300
0.000638
-0.000269
-0.001369
-0.003633
-0.008561
-0.017759
-0.028118
-0.017763
-0.008573
-0.003670
-0.001477
-0.000575
-0.000219
-0.000083
-0.000031
-0.000011
-0.000004
-0.000002
-0.000001
-0.000000
-0.000000
-0.000000
-0.000000
-0.000000
-0.000000
-0.000000
-0.000000
-0.000000
-0.000000
-0.000000
-0.000000
-0.000000
-0.000000
-0.000000
-0.000000
-0.000000
-0.000000
-0.000000
-0.000000
-0.000000
-0.000000
-0.000000
-0.000000
-0.000000
-0.000000
-0.000000
-0.000000
-0.000000
-0.000000
-0.000000
-0.000000
-0.000000
-0.000000
-0.000000
-0.000000
-0.000000
-0.000000
-0.000000
-0.000000
-0.000000
-0.000000
-0.000000
-0.000000
-0.000000
-0.000000
-0.000000
-0.000000
-0.000000
-0.000000
-0.000000
-0.000000
-0.000000
-0.000000
-0.000000
-0.000000
-0.000000
-0.000000
-0.000000
-0.000000
-0.000000
-0.000000
-0.000000
-0.000000
-0.000000
-0.000000
-0.000000
-0.000000
-0.000000
-0.000000
-0.000000
-0.000000
0.000485
0.001104
0.003237
0.010287
0.035198
0.132348
0.035189
0.010260
0.003166
0.000921
0.000021
-0.000675
-0.001745
-0.003657
-0.006514
-0.008809
-0.006518
-0.003672
-0.001788
-0.000799
-0.000338
-0.000138
-0.000055
-0.000022
-0.000008
-0.000003
-0.000001
-0.000000
-0.000000
-0.000000
-0.000000
-0.000000
-0.000000
-0.000000
-0.000000
-0.000000
-0.000000
-0.000000
-0.000000
-0.000000
-0.000000
-0.000000
-0.000000
-0.000000
-0.000000
-0.000000
-0.000000
-0.000000
-0.000000
-0.000000
-0.000000
-0.000000
-0.000000
-0.000000
-0.000000
-0.000000
-0.000000
-0.000000
-0.000000
-0.000000
-0.000000
-0.000000
-0.000000
-0.000000
-0.000000
-0.000000
-0.000000
-0.000000
-0.000000
-0.000000
-0.000000
-0.000000
-0.000000
-0.000000
-0.000000
-0.000000
-0.000000
-0.000000
-0.000000
-0.000000
-0.000000
-0.000000
-0.000000
-0.000000
-0.000000
-0.000000
-0.000000
-0.000000
-0.000000
-0.000000
-0.000000
-0.000000
-0.000000
-0.000000
-0.000000
-0.000000
-0.000000
-0.000000
-0.000000
-0.000000
0.000419
0.000898
0.002398
0.006501
0.016678
0.035196
0.016672
0.006482
0.002351
0.000780
0.000129
-0.000281
-0.000760
-0.001465
-0.002343
-0.002896
-0.002347
-0.001479
-0.000799
-0.000391
-0.000179
-0.000078
-0.000033
-0.000014
-0.000005
-0.000002
-0.000001
-0.000000
-0.000000
-0.000000
-0.000000
-0.000000
-0.000000
-0.000000
-0.000000
-0.000000
-0.000000
-0.000000
-0.000000
-0.000000
-0.000000
-0.000000
-0.000000
-0.000000
-0.000000
-0.000000
-0.000000
-0.000000
-0.000000
-0.000000
-0.000000
-0.000000
-0.000000
-0.000000
-0.000000
-0.000000
-0.000000
-0.000000
-0.000000
-0.000000
-0.000000
-0.000000
-0.000000
-0.000000
-0.000000
-0.000000
-0.000000
-0.000000
-0.000000
-0.000000
-0.000000
-0.000000
-0.000000
-0.000000
-0.000000
-0.000000
-0.000000
-0.000000
-0.000000
-0.000000
-0.000000
-0.000000
-0.000000
-0.000000
-0.000000
-0.000000
-0.000000
-0.000000
-0.000000
-0.000000
-0.000000
-0.000000
-0.000000
-0.000000
-0.000000
-0.000000
-0.000000
-0.000000
-0.000000
-0.000000
0.000291
0.000571
0.001354
0.003139
0.006497
0.010281
0.006493
0.003128
0.001325
0.000500
0.000122
-0.000099
-0.000308
-0.000565
-0.000838
-0.000983
-0.000842
-0.000576
-0.000339
-0.000179
-0.000088
-0.000041
-0.000018
-0.000008
-0.000003
-0.000001
-0.000001
-0.000000
-0.000000
-0.000000
-0.000000
-0.000000
-0.000000
-0.000000
-0.000000
-0.000000
-0.000000
-0.000000
-0.000000
-0.000000
-0.000000
-0.000000
-0.000000
-0.000000
-0.000000
-0.000000
-0.000000
-0.000000
-0.000000
-0.000000
-0.000000
-0.000000
-0.000000
-0.000000
-0.000000
-0.000000
-0.000000
-0.000000
-0.000000
-0.000000
-0.000000
-0.000000
-0.000000
-0.000000
-0.000000
-0.000000
-0.000000
-0.000000
-0.000000
-0.000000
-0.000000
-0.000000
-0.000000
-0.000000
-0.000000
-0.000000
-0.000000
-0.000000
-0.000000
-0.000000
-0.000000
-0.000000
-0.000000
-0.000000
-0.000000
-0.000000
-0.000000
-0.000000
-0.000000
-0.000000
-0.000000
-0.000000
-0.000000
-0.000000
-0.000000
-0.000000
-0.000000
-0.000000
-0.000000
-0.000000
0.000174
0.000313
0.000662
0.001346
0.002385
0.003222
0.002382
0.001339
0.000645
0.000272
0.000083
-0.000028
-0.000118
-0.000212
-0.000300
-0.000341
-0.000302
-0.000220
-0.000138
-0.000078
-0.000041
-0.000020
-0.000009
-0.000004
-0.000002
-0.000001
-0.000000
-0.000000
-0.000000
-0.000000
-0.000000
-0.000000
-0.000000
-0.000000
-0.000000
-0.000000
-0.000000
-0.000000
-0.000000
-0.000000
-0.000000
-0.000000
-0.000000
-0.000000
-0.000000
-0.000000
-0.000000
-0.000000
-0.000000
-0.000000
-0.000000
-0.000000
-0.000000
-0.000000
-0.000000
-0.000000
-0.000000
-0.000000
-0.000000
-0.000000
-0.000000
-0.000000
-0.000000
-0.000000
-0.000000
-0.000000
-0.000000
-0.000000
-0.000000
-0.000000
-0.000000
-0.000000
-0.000000
-0.000000
-0.000000
-0.000000
-0.000000
-0.000000
-0.000000
-0.000000
-0.000000
-0.000000
-0.000000
-0.000000
-0.000000
-0.000000
-0.000000
-0.000000
-0.000000
-0.000000
-0.000000
-0.000000
-0.000000
-0.000000
-0.000000
-0.000000
-0.000000
-0.000000
-0.000000
-0.000000
0.000094
0.000155
0.000297
0.000543
0.000859
0.001060
0.000858
0.000539
0.000288
0.000134
0.000047
-0.000004
-0.000043
-0.000078
-0.000107
-0.000120
-0.000109
-0.000083
-0.000055
-0.000033
-0.000018
-0.000009
-0.000005
-0.000002
-0.000001
-0.000000
-0.000000
-0.000000
-0.000000
-0.000000
-0.000000
-0.000000
-0.000000
-0.000000
-0.000000
-0.000000
-0.000000
-0.000000
-0.000000
-0.000000
-0.000000
-0.000000
-0.000000
-0.000000
-0.000000
-0.000000
-0.000000
-0.000000
-0.000000
-0.000000
-0.000000
-0.000000
-0.000000
-0.000000
-0.000000
-0.000000
-0.000000
-0.000000
-0.000000
-0.000000
-0.000000
-0.000000
-0.000000
-0.000000
-0.000000
-0.000000
-0.000000
-0.000000
-0.000000
-0.000000
-0.000000
-0.000000
-0.000000
-0.000000
-0.000000
-0.000000
-0.000000
-0.000000
-0.000000
-0.000000
-0.000000
-0.000000
-0.000000
-0.000000
-0.000000
-0.000000
-0.000000
-0.000000
-0.000000
-0.000000
-0.000000
-0.000000
-0.000000
-0.000000
-0.000000
-0.000000
-0.000000
-0.000000
-0.000000
-0.000000
0.000047
0.000072
0.000127
0.000212
0.000308
0.000360
0.000308
0.000210
0.000122
0.000061
0.000024
0.000001
-0.000015
-0.000028
-0.000038
-0.000043
-0.000039
-0.000031
-0.000022
-0.000014
-0.000008
-0.000004
-0.000002
-0.000001
-0.000001
-0.000000
-0.000000
-0.000000
-0.000000
-0.000000
-0.000000
-0.000000
-0.000000
-0.000000
-0.000000
-0.000000
-0.000000
-0.000000
-0.000000
-0.000000
-0.000000
-0.000000
-0.000000
-0.000000
-0.000000
-0.000000
-0.000000
-0.000000
-0.000000
-0.000000
-0.000000
-0.000000
-0.000000
-0.000000
-0.000000
-0.000000
-0.000000
-0.000000
-0.000000
-0.000000
-0.000000
-0.000000
-0.000000
-0.000000
-0.000000
-0.000000
-0.000000
-0.000000
-0.000000
-0.000000
-0.000000
-0.000000
-0.000000
-0.000000
-0.000000
-0.000000
-0.000000
-0.000000
-0.000000
-0.000000
-0.000000
-0.000000
-0.000000
-0.000000
-0.000000
-0.000000
-0.000000
-0.000000
-0.000000
-0.000000
-0.000000
-0.000000
-0.000000
-0.000000
-0.000000
-0.000000
-0.000000
-0.000000
-0.000000
-0.000000
0.000022
0.000032
0.000052
0.000081
0.000111
0.000125
0.000111
0.000080
0.000050
0.000027
0.000012
0.000002
-0.000005
-0.000010
-0.000014
-0.000015
-0.000014
-0.000012
-0.000008
-0.000006
-0.000003
-0.000002
-0.000001
-0.000001
-0.000000
-0.000000
-0.000000
-0.000000
-0.000000
-0.000000
-0.000000
-0.000000
-0.000000
-0.000000
-0.000000
-0.000000
-0.000000
-0.000000
-0.000000
-0.000000
-0.000000
-0.000000
-0.000000
-0.000000
-0.000000
-0.000000
-0.000000
-0.000000
-0.000000
-0.000000
-0.000000
-0.000000
-0.000000
-0.000000
-0.000000
-0.000000
-0.000000
-0.000000
-0.000000
-0.000000
-0.000000
-0.000000
-0.000000
-0.000000
-0.000000
-0.000000
-0.000000
-0.000000
-0.000000
-0.000000
-0.000000
-0.000000
-0.000000
-0.000000
-0.000000
-0.000000
-0.000000
-0.000000
-0.000000
-0.000000
-0.000000
-0.000000
-0.000000
-0.000000
-0.000000
-0.000000
-0.000000
-0.000000
-0.000000
-0.000000
-0.000000
-0.000000
-0.000000
-0.000000
-0.000000
-0.000000
-0.000000
-0.000000
-0.000000
-0.000000
0.000010
0.000014
0.000021
0.000031
0.000040
0.000044
0.000040
0.000030
0.000020
0.000011
0.000005
0.000001
-0.000002
-0.000004
-0.000005
-0.000005
-0.000005
-0.000004
-0.000003
-0.000002
-0.000001
-0.000001
-0.000000
-0.000000
-0.000000
-0.000000
-0.000000
-0.000000
-0.000000
-0.000000
-0.000000
-0.000000
-0.000000
-0.000000
-0.000000
-0.000000
-0.000000
-0.000000
-0.000000
-0.000000
-0.000000
-0.000000
-0.000000
-0.000000
-0.000000
-0.000000
-0.000000
-0.000000
-0.000000
-0.000000
-0.000000
-0.000000
-0.000000
-0.000000
-0.000000
-0.000000
-0.000000
-0.000000
-0.000000
-0.000000
-0.000000
-0.000000
-0.000000
-0.000000
-0.000000
-0.000000
-0.000000
-0.000000
-0.000000
-0.000000
-0.000000
-0.000000
-0.000000
-0.000000
-0.000000
-0.000000
-0.000000
-0.000000
-0.000000
-0.000000
-0.000000
-0.000000
-0.000000
-0.000000
-0.000000
-0.000000
-0.000000
-0.000000
-0.000000
-0.000000
-0.000000
-0.000000
-0.000000
-0.000000
-0.000000
-0.000000
-0.000000
-0.000000
-0.000000
-0.000000
0.000004
0.000006
0.000008
0.000012
0.000015
0.000016
0.000014
0.000011
0.000008
0.000005
0.000002
0.000001
-0.000000
-0.000001
-0.000002
-0.000002
-0.000002
-0.000002
-0.000001
-0.000001
-0.000001
-0.000000
-0.000000
-0.000000
-0.000000
-0.000000
-0.000000
-0.000000
-0.000000
-0.000000
-0.000000
-0.000000
-0.000000
-0.000000
-0.000000
-0.000000
-0.000000
-0.000000
-0.000000
-0.000000
-0.000000
-0.000000
-0.000000
-0.000000
-0.000000
-0.000000
-0.000000
-0.000000
-0.000000
-0.000000
-0.000000
-0.000000
-0.000000
-0.000000
-0.000000
-0.000000
-0.000000
-0.000000
-0.000000
-0.000000
-0.000000
-0.000000
-0.000000
-0.000000
-0.000000
-0.000000
-0.000000
-0.000000
-0.000000
-0.000000
-0.000000
-0.000000
-0.000000
-0.000000
-0.000000
-0.000000
-0.000000
-0.000000
-0.000000
-0.000000
-0.000000
-0.000000
-0.000000
-0.000000
-0.000000
-0.000000
-0.000000
-0.000000
-0.000000
-0.000000
-0.000000
-0.000000
-0.000000
-0.000000
-0.000000
-0.000000
-0.000000
-0.000000
-0.000000
-0.000000
0.000002
0.000002
0.000003
0.000004
0.000005
0.000006
0.000005
0.000004
0.000003
0.000002
0.000001
0.000000
-0.000000
-0.000000
-0.000001
-0.000001
-0.000001
-0.000001
-0.000000
-0.000000
-0.000000
-0.000000
-0.000000
-0.000000
-0.000000
-0.000000
-0.000000
-0.000000
-0.000000
-0.000000
-0.000000
-0.000000
-0.000000
-0.000000
-0.000000
-0.000000
-0.000000
-0.000000
-0.000000
-0.000000
-0.000000
-0.000000
-0.000000
-0.000000
-0.000000
-0.000000
-0.000000
-0.000000
-0.000000
-0.000000
-0.000000
-0.000000
-0.000000
-0.000000
-0.000000
-0.000000
-0.000000
-0.000000
-0.000000
-0.000000
-0.000000
-0.000000
-0.000000
-0.000000
-0.000000
-0.000000
-0.000000
-0.000000
-0.000000
-0.000000
-0.000000
-0.000000
-0.000000
-0.000000
-0.000000
-0.000000
-0.000000
-0.000000
-0.000000
-0.000000
-0.000000
-0.000000
-0.000000
-0.000000
-0.000000
-0.000000
-0.000000
-0.000000
-0.000000
-0.000000
-0.000000
-0.000000
-0.000000
-0.000000
-0.000000
-0.000000
-0.000000
-0.000000
-0.000000
-0.000000
0.000001
0.000001
0.000001
0.000002
0.000002
0.000002
0.000002
0.000002
0.000001
0.000001
0.000000
0.000000
-0.000000
-0.000000
-0.000000
-0.000000
-0.000000
-0.000000
-0.000000
-0.000000
-0.000000
-0.000000
-0.000000
-0.000000
-0.000000
-0.000000
-0.000000
-0.000000
-0.000000
-0.000000
-0.000000
-0.000000
-0.000000
-0.000000
-0.000000
-0.000000
-0.000000
-0.000000
-0.000000
-0.000000
-0.000000
-0.000000
-0.000000
-0.000000
-0.000000
-0.000000
-0.000000
-0.000000
-0.000000
-0.000000
-0.000000
-0.000000
-0.000000
-0.000000
-0.000000
-0.000000
-0.000000
-0.000000
-0.000000
-0.000000
-0.000000
-0.000000
-0.000000
-0.000000
-0.000000
-0.000000
-0.000000
-0.000000
-0.000000
-0.000000
-0.000000
-0.000000
-0.000000
-0.000000
-0.000000
-0.000000
-0.000000
-0.000000
-0.000000
-0.000000
-0.000000
-0.000000
-0.000000
-0.000000
-0.000000
-0.000000
-0.000000
-0.000000
-0.000000
-0.000000
-0.000000
-0.000000
-0.000000
-0.000000
-0.000000
-0.000000
-0.000000
-0.000000
-0.000000
-0.000000
0.000000
0.000000
0.000000
0.000001
0.000001
0.000001
0.000001
0.000001
0.000000
0.000000
0.000000
0.000000
0.000000
-0.000000
-0.000000
-0.000000
-0.000000
-0.000000
-0.000000
-0.000000
-0.000000
-0.000000
-0.000000
-0.000000
-0.000000
-0.000000
-0.000000
-0.000000
-0.000000
-0.000000
-0.000000
-0.000000
-0.000000
-0.000000
-0.000000
-0.000000
-0.000000
-0.000000
-0.000000
-0.000000
-0.000000
-0.000000
-0.000000
-0.000000
-0.000000
-0.000000
-0.000000
-0.000000
-0.000000
-0.000000
-0.000000
-0.000000
-0.000000
-0.000000
-0.000000
-0.000000
-0.000000
-0.000000
-0.000000
-0.000000
-0.000000
-0.000000
-0.000000
-0.000000
-0.000000
-0.000000
-0.000000
-0.000000
-0.000000
-0.000000
-0.000000
-0.000000
-0.000000
-0.000000
-0.000000
-0.000000
-0.000000
-0.000000
-0.000000
-0.000000
-0.000000
-0.000000
-0.000000
-0.000000
-0.000000
-0.000000
-0.000000
-0.000000
-0.000000
-0.000000
-0.000000
-0.000000
-0.000000
-0.000000
-0.000000
-0.000000
-0.000000
-0.000000
-0.000000
-0.000000
0.000000
0.000000
0.000000
0.000000
0.000000
0.000000
0.000000
0.000000
0.000000
0.000000
0.000000
0.000000
0.000000
-0.000000
-0.000000
-0.000000
-0.000000
-0.000000
-0.000000
-0.000000
-0.000000
-0.000000
-0.000000
-0.000000
-0.000000
-0.000000
-0.000000
-0.000000
-0.000000
-0.000000
-0.000000
-0.000000
-0.000000
-0.000000
-0.000000
-0.000000
-0.000000
-0.000000
-0.000000
-0.000000
-0.000000
-0.000000
-0.000000
-0.000000
-0.000000
-0.000000
-0.000000
-0.000000
-0.000000
-0.000000
-0.000000
-0.000000
-0.000000
-0.000000
-0.000000
-0.000000
-0.000000
-0.000000
-0.000000
-0.000000
-0.000000
-0.000000
-0.000000
-0.000000
-0.000000
-0.000000
-0.000000
-0.000000
-0.000000
-0.000000
-0.000000
-0.000000
-0.000000
-0.000000
-0.000000
-0.000000
-0.000000
-0.000000
-0.000000
-0.000000
-0.000000
-0.000000
-0.000000
-0.000000
-0.000000
-0.000000
-0.000000
-0.000000
-0.000000
-0.000000
-0.000000
-0.000000
-0.000000
-0.000000
-0.000000
-0.000000
-0.000000
-0.000000
-0.000000
-0.000000
0.000000
0.000000
0.000000
0.000000
0.000000
0.000000
0.000000
0.000000
0.000000
0.000000
0.000000
0.000000
0.000000
-0.000000
-0.000000
-0.000000
-0.000000
-0.000000
-0.000000
-0.000000
-0.000000
-0.000000
-0.000000
-0.000000
-0.000000
-0.000000
-0.000000
-0.000000
-0.000000
-0.000000
-0.000000
-0.000000
-0.000000
-0.000000
-0.000000
-0.000000
-0.000000
-0.000000
-0.000000
-0.000000
-0.000000
-0.000000
-0.000000
-0.000000
-0.000000
-0.000000
-0.000000
-0.000000
-0.000000
-0.000000
-0.000000
-0.000000
-0.000000
-0.000000
-0.000000
-0.000000
-0.000000
-0.000000
-0.000000
-0.000000
-0.000000
-0.000000
-0.000000
-0.000000
-0.000000
-0.000000
-0.000000
-0.000000
-0.000000
-0.000000
-0.000000
-0.000000
-0.000000
-0.000000
-0.000000
-0.000000
-0.000000
-0.000000
-0.000000
-0.000000
-0.000000
-0.000000
-0.000000
-0.000000
-0.000000
-0.000000
-0.000000
-0.000000
-0.000000
-0.000000
-0.000000
-0.000000
-0.000000
-0.000000
-0.000000
-0.000000
-0.000000
-0.000000
-0.000000
-0.000000
0.000000
0.000000
0.000000
0.000000
0.000000
0.000000
0.000000
0.000000
0.000000
0.000000
0.000000
0.000000
0.000000
-0.000000
-0.000000
-0.000000
-0.000000
-0.000000
-0.000000
-0.000000
-0.000000
-0.000000
-0.000000
-0.000000
-0.000000
-0.000000
-0.000000
-0.000000
-0.000000
-0.000000
-0.000000
-0.000000
-0.000000
-0.000000
-0.000000
-0.000000
-0.000000
-0.000000
-0.000000
-0.000000
-0.000000
-0.000000
-0.000000
-0.000000
-0.000000
-0.000000
-0.000000
-0.000000
-0.000000
-0.000000
-0.000000
-0.000000
-0.000000
-0.000000
-0.000000
-0.000000
-0.000000
-0.000000
-0.000000
-0.000000
-0.000000
-0.000000
-0.000000
-0.000000
-0.000000
-0.000000
-0.000000
-0.000000
-0.000000
-0.000000
-0.000000
-0.000000
-0.000000
-0.000000
-0.000000
-0.000000
-0.000000
-0.000000
-0.000000
-0.000000
-0.000000
-0.000000
-0.000000
-0.000000
-0.000000
-0.000000
-0.000000
-0.000000
-0.000000
-0.000000
-0.000000
-0.000000
-0.000000
-0.000000
-0.000000
-0.000000
-0.000000
-0.000000
-0.000000
-0.000000
0.000000
0.000000
0.000000
0.000000
0.000000
0.000000
0.000000
0.000000
0.000000
0.000000
0.000000
0.000000
0.000000
-0.000000
-0.000000
-0.000000
-0.000000
-0.000000
-0.000000
-0.000000
-0.000000
-0.000000
-0.000000
-0.000000
-0.000000
-0.000000
-0.000000
-0.000000
-0.000000
-0.000000
-0.000000
-0.000000
-0.000000
-0.000000
-0.000000
-0.000000
-0.000000
-0.000000
-0.000000
-0.000000
-0.000000
-0.000000
-0.000000
-0.000000
-0.000000
-0.000000
-0.000000
-0.000000
-0.000000
-0.000000
-0.000000
-0.000000
-0.000000
-0.000000
-0.000000
-0.000000
-0.000000
-0.000000
-0.000000
-0.000000
-0.000000
-0.000000
-0.000000
-0.000000
-0.000000
-0.000000
-0.000000
-0.000000
-0.000000
-0.000000
-0.000000
-0.000000
-0.000000
-0.000000
-0.000000
-0.000000
-0.000000
-0.000000
-0.000000
-0.000000
-0.000000
-0.000000
-0.000000
-0.000000
-0.000000
-0.000000
-0.000000
-0.000000
-0.000000
-0.000000
-0.000000
-0.000000
-0.000000
-0.000000
-0.000000
-0.000000
-0.000000
-0.000000
-0.000000
-0.000000
0.000000
0.000000
0.000000
0.000000
0.000000
0.000000
0.000000
0.000000
0.000000
0.000000
0.000000
0.000000
0.000000
-0.000000
-0.000000
-0.000000
-0.000000
-0.000000
-0.000000
-0.000000
-0.000000
-0.000000
-0.000000
-0.000000
-0.000000
-0.000000
-0.000000
-0.000000
-0.000000
-0.000000
-0.000000
-0.000000
-0.000000
-0.000000
-0.000000
-0.000000
-0.000000
-0.000000
-0.000000
-0.000000
-0.000000
-0.000000
-0.000000
-0.000000
-0.000000
-0.000000
-0.000000
-0.000000
-0.000000
-0.000000
-0.000000
-0.000000
-0.000000
-0.000000
-0.000000
-0.000000
-0.000000
-0.000000
-0.000000
-0.000000
-0.000000
-0.000000
-0.000000
-0.000000
-0.000000
-0.000000
-0.000000
-0.000000
-0.000000
-0.000000
-0.000000
-0.000000
-0.000000
-0.000000
-0.000000
-0.000000
-0.000000
-0.000000
-0.000000
-0.000000
-0.000000
-0.000000
-0.000000
-0.000000
-0.000000
-0.000000
-0.000000
-0.000000
-0.000000
-0.000000
-0.000000
-0.000000
-0.000000
-0.000000
-0.000000
-0.000000
-0.000000
-0.000000
-0.000000
-0.000000
0.000000
0.000000
0.000000
0.000000
0.000000
0.000000
0.000000
0.000000
0.000000
0.000000
0.000000
0.000000
0.000000
0.000000
-0.000000
-0.000000
-0.000000
-0.000000
-0.000000
-0.000000
-0.000000
-0.000000
-0.000000
-0.000000
-0.000000
-0.000000
-0.000000
-0.000000
-0.000000
-0.000000
-0.000000
-0.000000
-0.000000
-0.000000
-0.000000
-0.000000
-0.000000
-0.000000
-0.000000
-0.000000
-0.000000
-0.000000
-0.000000
-0.000000
-0.000000
-0.000000
-0.000000
-0.000000
-0.000000
-0.000000
-0.000000
-0.000000
-0.000000
-0.000000
-0.000000
-0.000000
-0.000000
-0.000000
-0.000000
-0.000000
-0.000000
-0.000000
-0.000000
-0.000000
-0.000000
-0.000000
-0.000000
-0.000000
-0.000000
-0.000000
-0.000000
-0.000000
-0.000000
-0.000000
-0.000000
-0.000000
-0.000000
-0.000000
-0.000000
-0.000000
-0.000000
-0.000000
-0.000000
-0.000000
-0.000000
-0.000000
-0.000000
-0.000000
-0.000000
-0.000000
-0.000000
-0.000000
-0.000000
-0.000000
-0.000000
-0.000000
-0.000000
-0.000000
-0.000000
-0.000000
0.000000
0.000000
0.000000
0.000000
0.000000
0.000000
0.000000
0.000000
0.000000
0.000000
0.000000
0.000000
0.000000
0.000000
-0.000000
-0.000000
-0.000000
-0.000000
-0.000000
-0.000000
-0.000000
-0.000000
-0.000000
-0.000000
-0.000000
-0.000000
-0.000000
-0.000000
-0.000000
-0.000000
-0.000000
-0.000000
-0.000000
-0.000000
-0.000000
-0.000000
-0.000000
-0.000000
-0.000000
-0.000000
-0.000000
-0.000000
-0.000000
-0.000000
-0.000000
-0.000000
-0.000000
-0.000000
-0.000000
-0.000000
-0.000000
-0.000000
-0.000000
-0.000000
-0.000000
-0.000000
-0.000000
-0.000000
-0.000000
-0.000000
-0.000000
-0.000000
-0.000000
-0.000000
-0.000000
-0.000000
-0.000000
-0.000000
-0.000000
-0.000000
-0.000000
-0.000000
-0.000000
-0.000000
-0.000000
-0.000000
-0.000000
-0.000000
-0.000000
-0.000000
-0.000000
-0.000000
-0.000000
-0.000000
-0.000000
-0.000000
-0.000000
-0.000000
-0.000000
-0.000000
-0.000000
-0.000000
-0.000000
-0.000000
-0.000000
-0.000000
-0.000000
-0.000000
-0.000000
-0.000000
0.000000
0.000000
0.000000
0.000000
0.000000
0.000000
0.000000
0.000000
0.000000
0.000000
0.000000
0.000000
0.000000
0.000000
-0.000000
-0.000000
-0.000000
-0.000000
-0.000000
-0.000000
-0.000000
-0.000000
-0.000000
-0.000000
-0.000000
-0.000000
-0.000000
-0.000000
-0.000000
-0.000000
-0.000000
-0.000000
-0.000000
-0.000000
-0.000000
-0.000000
-0.000000
-0.000000
-0.000000
-0.000000
-0.000000
-0.000000
-0.000000
-0.000000
-0.000000
-0.000000
-0.000000
-0.000000
-0.000000
-0.000000
-0.000000
-0.000000
-0.000000
-0.000000
-0.000000
-0.000000
-0.000000
-0.000000
-0.000000
-0.000000
-0.000000
-0.000000
-0.000000
-0.000000
-0.000000
-0.000000
-0.000000
-0.000000
-0.000000
-0.000000
-0.000000
-0.000000
-0.000000
-0.000000
-0.000000
-0.000000
-0.000000
-0.000000
-0.000000
-0.000000
-0.000000
-0.000000
-0.000000
-0.000000
-0.000000
-0.000000
-0.000000
-0.000000
-0.000000
-0.000000
-0.000000
-0.000000
-0.000000
-0.000000
-0.000000
-0.000000
-0.000000
-0.000000
-0.000000
-0.000000
0.000000
0.000000
0.000000
0.000000
0.000000
0.000000
0.000000
0.000000
0.000000
0.000000
0.000000
0.000000
0.000000
0.000000
-0.000000
-0.000000
-0.000000
-0.000000
-0.000000
-0.000000
-0.000000
-0.000000
-0.000000
-0.000000
-0.000000
-0.000000
-0.000000
-0.000000
-0.000000
-0.000000
-0.000000
-0.000000
-0.000000
-0.000000
-0.000000
-0.000000
-0.000000
-0.000000
-0.000000
-0.000000
-0.000000
-0.000000
-0.000000
-0.000000
-0.000000
-0.000000
-0.000000
-0.000000
-0.000000
-0.000000
-0.000000
-0.000000
-0.000000
-0.000000
-0.000000
-0.000000
-0.000000
-0.000000
-0.000000
-0.000000
-0.000000
-0.000000
-0.000000
-0.000000
-0.000000
-0.000000
-0.000000
-0.000000
-0.000000
-0.000000
-0.000000
-0.000000
-0.000000
-0.000000
-0.000000
-0.000000
-0.000000
-0.000000
-0.000000
-0.000000
-0.000000
-0.000000
-0.000000
-0.000000
-0.000000
-0.000000
-0.000000
-0.000000
-0.000000
-0.000000
-0.000000
-0.000000
-0.000000
-0.000000
-0.000000
-0.000000
-0.000000
-0.000000
-0.000000
-0.000000
0.000000
0.000000
0.000000
0.000000
0.000000
0.000000
0.000000
0.000000
0.000000
0.000000
0.000000
0.000000
0.000000
0.000000
-0.000000
-0.000000
-0.000000
-0.000000
-0.000000
-0.000000
-0.000000
-0.000000
-0.000000
-0.000000
-0.000000
-0.000000
-0.000000
-0.000000
-0.000000
-0.000000
-0.000000
-0.000000
-0.000000
-0.000000
-0.000000
-0.000000
-0.000000
-0.000000
-0.000000
-0.000000
-0.000000
-0.000000
-0.000000
-0.000000
-0.000000
-0.000000
-0.000000
-0.000000
-0.000000
-0.000000
-0.000000
-0.000000
-0.000000
-0.000000
-0.000000
-0.000000
-0.000000
-0.000000
-0.000000
-0.000000
-0.000000
-0.000000
-0.000000
-0.000000
-0.000000
-0.000000
-0.000000
-0.000000
-0.000000
-0.000000
-0.000000
-0.000000
-0.000000
-0.000000
-0.000000
-0.000000
-0.000000
-0.000000
-0.000000
-0.000000
-0.000000
-0.000000
-0.000000
-0.000000
-0.000000
-0.000000
-0.000000
-0.000000
-0.000000
-0.000000
-0.000000
-0.000000
-0.000000
-0.000000
-0.000000
-0.000000
-0.000000
-0.000000
-0.000000
-0.000000
0.000000
0.000000
0.000000
0.000000
0.000000
0.000000
0.000000
0.000000
0.000000
0.000000
0.000000
0.000000
0.000000
0.000000
-0.000000
-0.000000
-0.000000
-0.000000
-0.000000
-0.000000
-0.000000
-0.000000
-0.000000
-0.000000
-0.000000
-0.000000
-0.000000
-0.000000
-0.000000
-0.000000
-0.000000
-0.000000
-0.000000
-0.000000
-0.000000
-0.000000
-0.000000
-0.000000
-0.000000
-0.000000
-0.000000
-0.000000
-0.000000
-0.000000
-0.000000
-0.000000
-0.000000
-0.000000
-0.000000
-0.000000
-0.000000
-0.000000
-0.000000
-0.000000
-0.000000
-0.000000
-0.000000
-0.000000
-0.000000
-0.000000
-0.000000
-0.000000
-0.000000
-0.000000
-0.000000
-0.000000
-0.000000
-0.000000
-0.000000
-0.000000
-0.000000
-0.000000
-0.000000
-0.000000
-0.000000
-0.000000
-0.000000
-0.000000
-0.000000
-0.000000
-0.000000
-0.000000
-0.000000
-0.000000
-0.000000
-0.000000
-0.000000
-0.000000
-0.000000
-0.000000
-0.000000
-0.000000
-0.000000
-0.000000
-0.000000
-0.000000
-0.000000
-0.000000
-0.000000
-0.000000
0.000000
0.000000
0.000000
0.000000
0.000000
0.000000
0.000000
0.000000
0.000000
0.000000
0.000000
0.000000
0.000000
0.000000
0.000000
-0.000000
-0.000000
-0.000000
-0.000000
-0.000000
-0.000000
-0.000000
-0.000000
-0.000000
-0.000000
-0.000000
-0.000000
-0.000000
-0.000000
-0.000000
-0.000000
-0.000000
-0.000000
-0.000000
-0.000000
-0.000000
-0.000000
-0.000000
-0.000000
-0.000000
-0.000000
-0.000000
-0.000000
-0.000000
-0.000000
-0.000000
-0.000000
-0.000000
-0.000000
-0.000000
-0.000000
-0.000000
-0.000000
-0.000000
-0.000000
-0.000000
-0.000000
-0.000000
-0.000000
-0.000000
-0.000000
-0.000000
-0.000000
-0.000000
-0.000000
-0.000000
-0.000000
-0.000000
-0.000000
-0.000000
-0.000000
-0.000000
-0.000000
-0.000000
-0.000000
-0.000000
-0.000000
-0.000000
-0.000000
-0.000000
-0.000000
-0.000000
-0.000000
-0.000000
-0.000000
-0.000000
-0.000000
-0.000000
-0.000000
-0.000000
-0.000000
-0.000000
-0.000000
-0.000000
-0.000000
-0.000000
-0.000000
-0.000000
-0.000000
-0.000000
0.000000
0.000000
0.000000
0.000000
0.000000
0.000000
0.000000
0.000000
0.000000
0.000000
0.000000
0.000000
0.000000
0.000000
0.000000
-0.000000
-0.000000
-0.000000
-0.000000
-0.000000
-0.000000
-0.000000
-0.000000
-0.000000
-0.000000
-0.000000
-0.000000
-0.000000
-0.000000
-0.000000
-0.000000
-0.000000
-0.000000
-0.000000
-0.000000
-0.000000
-0.000000
-0.000000
-0.000000
-0.000000
-0.000000
-0.000000
-0.000000
-0.000000
-0.000000
-0.000000
-0.000000
-0.000000
-0.000000
-0.000000
-0.000000
-0.000000
-0.000000
-0.000000
-0.000000
-0.000000
-0.000000
-0.000000
-0.000000
-0.000000
-0.000000
-0.000000
-0.000000
-0.000000
-0.000000
-0.000000
-0.000000
-0.000000
-0.000000
-0.000000
-0.000000
-0.000000
-0.000000
-0.000000
-0.000000
-0.000000
-0.000000
-0.000000
-0.000000
-0.000000
-0.000000
-0.000000
-0.000000
-0.000000
-0.000000
-0.000000
-0.000000
-0.000000
-0.000000
-0.000000
-0.000000
-0.000000
-0.000000
-0.000000
-0.000000
-0.000000
-0.000000
-0.000000
-0.000000
-0.000000
0.000000
0.000000
0.000000
0.000000
0.000000
0.000000
0.000000
0.000000
0.000000
0.000000
0.000000
0.000000
0.000000
0.000000
0.000000
-0.000000
-0.000000
-0.000000
-0.000000
-0.000000
-0.000000
-0.000000
-0.000000
-0.000000
-0.000000
-0.000000
-0.000000
-0.000000
-0.000000
-0.000000
-0.000000
-0.000000
-0.000000
-0.000000
-0.000000
-0.000000
-0.000000
-0.000000
-0.000000
-0.000000
-0.000000
-0.000000
-0.000000
-0.000000
-0.000000
-0.000000
-0.000000
-0.000000
-0.000000
-0.000000
-0.000000
-0.000000
-0.000000
-0.000000
-0.000000
-0.000000
-0.000000
-0.000000
-0.000000
-0.000000
-0.000000
-0.000000
-0.000000
-0.000000
-0.000000
-0.000000
-0.000000
-0.000000
-0.000000
-0.000000
-0.000000
-0.000000
-0.000000
-0.000000
-0.000000
-0.000000
-0.000000
-0.000000
-0.000000
-0.000000
-0.000000
-0.000000
-0.000000
-0.000000
-0.000000
-0.000000
-0.000000
-0.000000
-0.000000
-0.000000
-0.000000
-0.000000
-0.000000
-0.000000
-0.000000
-0.000000
-0.000000
-0.000000
-0.000000
-0.000000
0.000000
0.000000
0.000000
0.000000
0.000000
0.000000
0.000000
0.000000
0.000000
0.000000
0.000000
0.000000
0.000000
0.000000
0.000000
-0.000000
-0.000000
-0.000000
-0.000000
-0.000000
-0.000000
-0.000000
-0.000000
-0.000000
-0.000000
-0.000000
-0.000000
-0.000000
-0.000000
-0.000000
-0.000000
-0.000000
-0.000000
-0.000000
-0.000000
-0.000000
-0.000000
-0.000000
-0.000000
-0.000000
-0.000000
-0.000000
-0.000000
-0.000000
-0.000000
-0.000000
-0.000000
-0.000000
-0.000000
-0.000000
-0.000000
-0.000000
-0.000000
-0.000000
-0.000000
-0.000000
-0.000000
-0.000000
-0.000000
-0.000000
-0.000000
-0.000000
-0.000000
-0.000000
-0.000000
-0.000000
-0.000000
-0.000000
-0.000000
-0.000000
-0.000000
-0.000000
-0.000000
-0.000000
-0.000000
-0.000000
-0.000000
-0.000000
-0.000000
-0.000000
-0.000000
-0.000000
-0.000000
-0.000000
-0.000000
-0.000000
-0.000000
-0.000000
-0.000000
-0.000000
-0.000000
-0.000000
-0.000000
-0.000000
-0.000000
-0.000000
-0.000000
-0.000000
-0.000000
-0.000000
0.000000
0.000000
0.000000
0.000000
0.000000
0.000000
0.000000
0.000000
0.000000
0.000000
0.000000
0.000000
0.000000
0.000000
0.000000
-0.000000
-0.000000
-0.000000
-0.000000
-0.000000
-0.000000
-0.000000
-0.000000
-0.000000
-0.000000
-0.000000
-0.000000
-0.000000
-0.000000
-0.000000
-0.000000
-0.000000
-0.000000
-0.000000
-0.000000
-0.000000
-0.000000
-0.000000
-0.000000
-0.000000
-0.000000
-0.000000
-0.000000
-0.000000
-0.000000
-0.000000
-0.000000
-0.000000
-0.000000
-0.000000
-0.000000
-0.000000
-0.000000
-0.000000
-0.000000
-0.000000
-0.000000
-0.000000
-0.000000
-0.000000
-0.000000
-0.000000
-0.000000
-0.000000
-0.000000
-0.000000
-0.000000
-0.000000
-0.000000
-0.000000
-0.000000
-0.000000
-0.000000
-0.000000
-0.000000
-0.000000
-0.000000
-0.000000
-0.000000
-0.000000
-0.000000
-0.000000
-0.000000
-0.000000
-0.000000
-0.000000
-0.000000
-0.000000
-0.000000
-0.000000
-0.000000
-0.000000
-0.000000
-0.000000
-0.000000
-0.000000
-0.000000
-0.000000
-0.000000
-0.000000
0.000000
0.000000
0.000000
0.000000
0.000000
0.000000
0.000000
0.000000
0.000000
0.000000
0.000000
0.000000
0.000000
0.000000
0.000000
-0.000000
-0.000000
-0.000000
-0.000000
-0.000000
-0.000000
-0.000000
-0.000000
-0.000000
-0.000000
-0.000000
-0.000000
-0.000000
-0.000000
-0.000000
-0.000000
-0.000000
-0.000000
-0.000000
-0.000000
-0.000000
-0.000000
-0.000000
-0.000000
-0.000000
-0.000000
-0.000000
-0.000000
-0.000000
-0.000000
-0.000000
-0.000000
-0.000000
-0.000000
-0.000000
-0.000000
-0.000000
-0.000000
-0.000000
-0.000000
-0.000000
-0.000000
-0.000000
-0.000000
-0.000000
-0.000000
-0.000000
-0.000000
-0.000000
-0.000000
-0.000000
-0.000000
-0.000000
-0.000000
-0.000000
-0.000000
-0.000000
-0.000000
-0.000000
-0.000000
-0.000000
-0.000000
-0.000000
-0.000000
-0.000000
-0.000000
-0.000000
-0.000000
-0.000000
-0.000000
-0.000000
-0.000000
-0.000000
-0.000000
-0.000000
-0.000000
-0.000000
-0.000000
-0.000000
-0.000000
-0.000000
-0.000000
-0.000000
-0.000000
-0.000000
0.000000
0.000000
0.000000
0.000000
0.000000
0.000000
0.000000
0.000000
0.000000
0.000000
0.000000
0.000000
0.000000
0.000000
0.000000
0.000000
-0.000000
-0.000000
-0.000000
-0.000000
-0.000000
-0.000000
-0.000000
-0.000000
-0.000000
-0.000000
-0.000000
-0.000000
-0.000000
-0.000000
-0.000000
-0.000000
-0.000000
-0.000000
-0.000000
-0.000000
-0.000000
-0.000000
-0.000000
-0.000000
-0.000000
-0.000000
-0.000000
-0.000000
-0.000000
-0.000000
-0.000000
-0.000000
-0.000000
-0.000000
-0.000000
-0.000000
-0.000000
-0.000000
-0.000000
-0.000000
-0.000000
-0.000000
-0.000000
-0.000000
-0.000000
-0.000000
-0.000000
-0.000000
-0.000000
-0.000000
-0.000000
-0.000000
-0.000000
-0.000000
-0.000000
-0.000000
-0.000000
-0.000000
-0.000000
-0.000000
-0.000000
-0.000000
-0.000000
-0.000000
-0.000000
-0.000000
-0.000000
-0.000000
-0.000000
-0.000000
-0.000000
-0.000000
-0.000000
-0.000000
-0.000000
-0.000000
-0.000000
-0.000000
-0.000000
-0.000000
-0.000000
-0.000000
-0.000000
-0.000000
0.000000
0.000000
0.000000
0.000000
0.000000
0.000000
0.000000
0.000000
0.000000
0.000000
0.000000
0.000000
0.000000
0.000000
0.000000
0.000000
-0.000000
-0.000000
-0.000000
-0.000000
-0.000000
-0.000000
-0.000000
-0.000000
-0.000000
-0.000000
-0.000000
-0.000000
-0.000000
-0.000000
-0.000000
-0.000000
-0.000000
-0.000000
-0.000000
-0.000000
-0.000000
-0.000000
-0.000000
-0.000000
-0.000000
-0.000000
-0.000000
-0.000000
-0.000000
-0.000000
-0.000000
-0.000000
-0.000000
-0.000000
-0.000000
-0.000000
-0.000000
-0.000000
-0.000000
-0.000000
-0.000000
-0.000000
-0.000000
-0.000000
-0.000000
-0.000000
-0.000000
-0.000000
-0.000000
-0.000000
-0.000000
-0.000000
-0.000000
-0.000000
-0.000000
-0.000000
-0.000000
-0.000000
-0.000000
-0.000000
-0.000000
-0.000000
-0.000000
-0.000000
-0.000000
-0.000000
-0.000000
-0.000000
-0.000000
-0.000000
-0.000000
-0.000000
-0.000000
-0.000000
-0.000000
-0.000000
-0.000000
-0.000000
-0.000000
-0.000000
-0.000000
-0.000000
-0.000000
-0.000000
0.000000
0.000000
0.000000
0.000000
0.000000
0.000000
0.000000
0.000000
0.000000
0.000000
0.000000
0.000000
0.000000
0.000000
0.000000
0.000000
-0.000000
-0.000000
-0.000000
-0.000000
-0.000000
-0.000000
-0.000000
-0.000000
-0.000000
-0.000000
-0.000000
-0.000000
-0.000000
-0.000000
-0.000000
-0.000000
-0.000000
-0.000000
-0.000000
-0.000000
-0.000000
-0.000000
-0.000000
-0.000000
-0.000000
-0.000000
-0.000000
-0.000000
-0.000000
-0.000000
-0.000000
-0.000000
-0.000000
-0.000000
-0.000000
-0.000000
-0.000000
-0.000000
-0.000000
-0.000000
-0.000000
-0.000000
-0.000000
-0.000000
-0.000000
-0.000000
-0.000000
-0.000000
-0.000000
-0.000000
-0.000000
-0.000000
-0.000000
-0.000000
-0.000000
-0.000000
-0.000000
-0.000000
-0.000000
-0.000000
-0.000000
-0.000000
-0.000000
-0.000000
-0.000000
-0.000000
-0.000000
-0.000000
-0.000000
-0.000000
-0.000000
-0.000000
-0.000000
-0.000000
-0.000000
-0.000000
-0.000000
-0.000000
-0.000000
-0.000000
-0.000000
-0.000000
-0.000000
-0.000000
0.000000
0.000000
0.000000
0.000000
0.000000
0.000000
0.000000
0.000000
0.000000
0.000000
0.000000
0.000000
0.000000
0.000000
0.000000
0.000000
-0.000000
-0.000000
-0.000000
-0.000000
-0.000000
-0.000000
-0.000000
-0.000000
-0.000000
-0.000000
-0.000000
-0.000000
-0.000000
-0.000000
-0.000000
-0.000000
-0.000000
-0.000000
-0.000000
-0.000000
-0.000000
-0.000000
-0.000000
-0.000000
-0.000000
-0.000000
-0.000000
-0.000000
-0.000000
-0.000000
-0.000000
-0.000000
-0.000000
-0.000000
-0.000000
-0.000000
-0.000000
-0.000000
-0.000000
-0.000000
-0.000000
-0.000000
-0.000000
-0.000000
-0.000000
-0.000000
-0.000000
-0.000000
-0.000000
-0.000000
-0.000000
-0.000000
-0.000000
-0.000000
-0.000000
-0.000000
-0.000000
-0.000000
-0.000000
-0.000000
-0.000000
-0.000000
-0.000000
-0.000000
-0.000000
-0.000000
-0.000000
-0.000000
-0.000000
-0.000000
-0.000000
-0.000000
-0.000000
-0.000000
-0.000000
-0.000000
-0.000000
-0.000000
-0.000000
-0.000000
-0.000000
-0.000000
-0.000000
-0.000000
0.000000
0.000000
0.000000
0.000000
0.000000
0.000000
0.000000
0.000000
0.000000
0.000000
0.000000
0.000000
0.000000
0.000000
0.000000
0.000000
-0.000000
-0.000000
-0.000000
-0.000000
-0.000000
-0.000000
-0.000000
-0.000000
-0.000000
-0.000000
-0.000000
-0.000000
-0.000000
-0.000000
-0.000000
-0.000000
-0.000000
-0.000000
-0.000000
-0.000000
-0.000000
-0.000000
-0.000000
-0.000000
-0.000000
-0.000000
-0.000000
-0.000000
-0.000000
-0.000000
-0.000000
-0.000000
-0.000000
-0.000000
-0.000000
-0.000000
-0.000000
-0.000000
-0.000000
-0.000000
-0.000000
-0.000000
-0.000000
-0.000000
-0.000000
-0.000000
-0.000000
-0.000000
-0.000000
-0.000000
-0.000000
-0.000000
-0.000000
-0.000000
-0.000000
-0.000000
-0.000000
-0.000000
-0.000000
-0.000000
-0.000000
-0.000000
-0.000000
-0.000000
-0.000000
-0.000000
-0.000000
-0.000000
-0.000000
-0.000000
-0.000000
-0.000000
-0.000000
-0.000000
-0.000000
-0.000000
-0.000000
-0.000000
-0.000000
-0.000000
-0.000000
-0.000000
-0.000000
-0.000000
0.000000
0.000000
0.000000
0.000000
0.000000
0.000000
0.000000
0.000000
0.000000
0.000000
0.000000
0.000000
0.000000
0.000000
0.000000
0.000000
-0.000000
-0.000000
-0.000000
-0.000000
-0.000000
-0.000000
-0.000000
-0.000000
-0.000000
-0.000000
-0.000000
-0.000000
-0.000000
-0.000000
-0.000000
-0.000000
-0.000000
-0.000000
-0.000000
-0.000000
-0.000000
-0.000000
-0.000000
-0.000000
-0.000000
-0.000000
-0.000000
-0.000000
-0.000000
-0.000000
-0.000000
-0.000000
-0.000000
-0.000000
-0.000000
-0.000000
-0.000000
-0.000000
-0.000000
-0.000000
-0.000000
-0.000000
-0.000000
-0.000000
-0.000000
-0.000000
-0.000000
-0.000000
-0.000000
-0.000000
-0.000000
-0.000000
-0.000000
-0.000000
-0.000000
-0.000000
-0.000000
-0.000000
-0.000000
-0.000000
-0.000000
-0.000000
-0.000000
-0.000000
-0.000000
-0.000000
-0.000000
-0.000000
-0.000000
-0.000000
-0.000000
-0.000000
-0.000000
-0.000000
-0.000000
-0.000000
-0.000000
-0.000000
-0.000000
-0.000000
-0.000000
-0.000000
-0.000000
-0.000000
0.000000
0.000000
0.000000
0.000000
0.000000
0.000000
0.000000
0.000000
0.000000
0.000000
0.000000
0.000000
0.000000
0.000000
0.000000
0.000000
0.000000
-0.000000
-0.000000
-0.000000
-0.000000
-0.000000
-0.000000
-0.000000
-0.000000
-0.000000
-0.000000
-0.000000
-0.000000
-0.000000
-0.000000
-0.000000
-0.000000
-0.000000
-0.000000
-0.000000
-0.000000
-0.000000
-0.000000
-0.000000
-0.000000
-0.000000
-0.000000
-0.000000
-0.000000
-0.000000
-0.000000
-0.000000
-0.000000
-0.000000
-0.000000
-0.000000
-0.000000
-0.000000
-0.000000
-0.000000
-0.000000
-0.000000
-0.000000
-0.000000
-0.000000
-0.000000
-0.000000
-0.000000
-0.000000
-0.000000
-0.000000
-0.000000
-0.000000
-0.000000
-0.000000
-0.000000
-0.000000
-0.000000
-0.000000
-0.000000
-0.000000
-0.000000
-0.000000
-0.000000
-0.000000
-0.000000
-0.000000
-0.000000
-0.000000
-0.000000
-0.000000
-0.000000
-0.000000
-0.000000
-0.000000
-0.000000
-0.000000
-0.000000
-0.000000
-0.000000
-0.000000
-0.000000
-0.000000
-0.000000
0.000000
0.000000
0.000000
0.000000
0.000000
0.000000
0.000000
0.000000
0.000000
0.000000
0.000000
0.000000
0.000000
0.000000
0.000000
0.000000
0.000000
-0.000000
-0.000000
-0.000000
-0.000000
-0.000000
-0.000000
-0.000000
-0.000000
-0.000000
-0.000000
-0.000000
-0.000000
-0.000000
-0.000000
-0.000000
-0.000000
-0.000000
-0.000000
-0.000000
-0.000000
-0.000000
-0.000000
-0.000000
-0.000000
-0.000000
-0.000000
-0.000000
-0.000000
-0.000000
-0.000000
-0.000000
-0.000000
-0.000000
-0.000000
-0.000000
-0.000000
-0.000000
-0.000000
-0.000000
-0.000000
-0.000000
-0.000000
-0.000000
-0.000000
-0.000000
-0.000000
-0.000000
-0.000000
-0.000000
-0.000000
-0.000000
-0.000000
-0.000000
-0.000000
-0.000000
-0.000000
-0.000000
-0.000000
-0.000000
-0.000000
-0.000000
-0.000000
-0.000000
-0.000000
-0.000000
-0.000000
-0.000000
-0.000000
-0.000000
-0.000000
-0.000000
-0.000000
-0.000000
-0.000000
-0.000000
-0.000000
-0.000000
-0.000000
-0.000000
-0.000000
-0.000000
-0.000000
-0.000000
0.000000
0.000000
0.000000
0.000000
0.000000
0.000000
0.000000
0.000000
0.000000
0.000000
0.000000
0.000000
0.000000
0.000000
0.000000
0.000000
0.000000
-0.000000
-0.000000
-0.000000
-0.000000
-0.000000
-0.000000
-0.000000
-0.000000
-0.000000
-0.000000
-0.000000
-0.000000
-0.000000
-0.000000
-0.000000
-0.000000
-0.000000
-0.000000
-0.000000
-0.000000
-0.000000
-0.000000
-0.000000
-0.000000
-0.000000
-0.000000
-0.000000
-0.000000
-0.000000
-0.000000
-0.000000
-0.000000
-0.000000
-0.000000
-0.000000
-0.000000
-0.000000
-0.000000
-0.000000
-0.000000
-0.000000
-0.000000
-0.000000
-0.000000
-0.000000
-0.000000
-0.000000
-0.000000
-0.000000
-0.000000
-0.000000
-0.000000
-0.000000
-0.000000
-0.000000
-0.000000
-0.000000
-0.000000
-0.000000
-0.000000
-0.000000
-0.000000
-0.000000
-0.000000
-0.000000
-0.000000
-0.000000
-0.000000
-0.000000
-0.000000
-0.000000
-0.000000
-0.000000
-0.000000
-0.000000
-0.000000
-0.000000
-0.000000
-0.000000
-0.000000
-0.000000
-0.000000
-0.000000
0.000000
0.000000
0.000000
0.000000
0.000000
0.000000
0.000000
0.000000
0.000000
0.000000
0.000000
0.000000
0.000000
0.000000
0.000000
0.000000
0.000000
-0.000000
-0.000000
-0.000000
-0.000000
-0.000000
-0.000000
-0.000000
-0.000000
-0.000000
-0.000000
-0.000000
-0.000000
-0.000000
-0.000000
-0.000000
-0.000000
-0.000000
-0.000000
-0.000000
-0.000000
-0.000000
-0.000000
-0.000000
-0.000000
-0.000000
-0.000000
-0.000000
-0.000000
-0.000000
-0.000000
-0.000000
-0.000000
-0.000000
-0.000000
-0.000000
-0.000000
-0.000000
-0.000000
-0.000000
-0.000000
-0.000000
-0.000000
-0.000000
-0.000000
-0.000000
-0.000000
-0.000000
-0.000000
-0.000000
-0.000000
-0.000000
-0.000000
-0.000000
-0.000000
-0.000000
-0.000000
-0.000000
-0.000000
-0.000000
-0.000000
-0.000000
-0.000000
-0.000000
-0.000000
-0.000000
-0.000000
-0.000000
-0.000000
-0.000000
-0.000000
-0.000000
-0.000000
-0.000000
-0.000000
-0.000000
-0.000000
-0.000000
-0.000000
-0.000000
-0.000000
-0.000000
-0.000000
-0.000000
0.000000
0.000000
0.000000
0.000000
0.000000
0.000000
0.000000
0.000000
0.000000
0.000000
0.000000
0.000000
0.000000
0.000000
0.000000
0.000000
0.000000
-0.000000
-0.000000
-0.000000
-0.000000
-0.000000
-0.000000
-0.000000
-0.000000
-0.000000
-0.000000
-0.000000
-0.000000
-0.000000
-0.000000
-0.000000
-0.000000
-0.000000
-0.000000
-0.000000
-0.000000
-0.000000
-0.000000
-0.000000
-0.000000
-0.000000
-0.000000
-0.000000
-0.000000
-0.000000
-0.000000
-0.000000
-0.000000
-0.000000
-0.000000
-0.000000
-0.000000
-0.000000
-0.000000
-0.000000
-0.000000
-0.000000
-0.000000
-0.000000
-0.000000
-0.000000
-0.000000
-0.000000
-0.000000
-0.000000
-0.000000
-0.000000
-0.000000
-0.000000
-0.000000
-0.000000
-0.000000
-0.000000
-0.000000
-0.000000
-0.000000
-0.000000
-0.000000
-0.000000
-0.000000
-0.000000
-0.000000
-0.000000
-0.000000
-0.000000
-0.000000
-0.000000
-0.000000
-0.000000
-0.000000
-0.000000
-0.000000
-0.000000
-0.000000
-0.000000
-0.000000
-0.000000
-0.000000
-0.000000
0.000000
0.000000
0.000000
0.000000
0.000000
0.000000
0.000000
0.000000
0.000000
0.000000
0.000000
0.000000
0.000000
0.000000
0.000000
0.000000
0.000000
-0.000000
-0.000000
-0.000000
-0.000000
-0.000000
-0.000000
-0.000000
-0.000000
-0.000000
-0.000000
-0.000000
-0.000000
-0.000000
-0.000000
-0.000000
-0.000000
-0.000000
-0.000000
-0.000000
-0.000000
-0.000000
-0.000000
-0.000000
-0.000000
-0.000000
-0.000000
-0.000000
-0.000000
-0.000000
-0.000000
-0.000000
-0.000000
-0.000000
-0.000000
-0.000000
-0.000000
-0.000000
-0.000000
-0.000000
-0.000000
-0.000000
-0.000000
-0.000000
-0.000000
-0.000000
-0.000000
-0.000000
-0.000000
-0.000000
-0.000000
-0.000000
-0.000000
-0.000000
-0.000000
-0.000000
-0.000000
-0.000000
-0.000000
-0.000000
-0.000000
-0.000000
-0.000000
-0.000000
-0.000000
-0.000000
-0.000000
-0.000000
-0.000000
-0.000000
-0.000000
-0.000000
-0.000000
-0.000000
-0.000000
-0.000000
-0.000000
-0.000000
-0.000000
-0.000000
-0.000000
-0.000000
-0.000000
-0.000000
0.000000
0.000000
0.000000
0.000000
0.000000
0.000000
0.000000
0.000000
0.000000
0.000000
0.000000
0.000000
0.000000
0.000000
0.000000
0.000000
0.000000
0.000000
-0.000000
-0.000000
-0.000000
-0.000000
-0.000000
-0.000000
-0.000000
-0.000000
-0.000000
-0.000000
-0.000000
-0.000000
-0.000000
-0.000000
-0.000000
-0.000000
-0.000000
-0.000000
-0.000000
-0.000000
-0.000000
-0.000000
-0.000000
-0.000000
-0.000000
-0.000000
-0.000000
-0.000000
-0.000000
-0.000000
-0.000000
-0.000000
-0.000000
-0.000000
-0.000000
-0.000000
-0.000000
-0.000000
-0.000000
-0.000000
-0.000000
-0.000000
-0.000000
-0.000000
-0.000000
-0.000000
-0.000000
-0.000000
-0.000000
-0.000000
-0.000000
-0.000000
-0.000000
-0.000000
-0.000000
-0.000000
-0.000000
-0.000000
-0.000000
-0.000000
-0.000000
-0.000000
-0.000000
-0.000000
-0.000000
-0.000000
-0.000000
-0.000000
-0.000000
-0.000000
-0.000000
-0.000000
-0.000000
-0.000000
-0.000000
-0.000000
-0.000000
-0.000000
-0.000000
-0.000000
-0.000000
-0.000000
0.000000
0.000000
0.000000
0.000000
0.000000
0.000000
0.000000
0.000000
0.000000
0.000000
0.000000
0.000000
0.000000
0.000000
0.000000
0.000000
0.000000
0.000000
-0.000000
-0.000000
-0.000000
-0.000000
-0.000000
-0.000000
-0.000000
-0.000000
-0.000000
-0.000000
-0.000000
-0.000000
-0.000000
-0.000000
-0.000000
-0.000000
-0.000000
-0.000000
-0.000000
-0.000000
-0.000000
-0.000000
-0.000000
-0.000000
-0.000000
-0.000000
-0.000000
-0.000000
-0.000000
-0.000000
-0.000000
-0.000000
-0.000000
-0.000000
-0.000000
-0.000000
-0.000000
-0.000000
-0.000000
-0.000000
-0.000000
-0.000000
-0.000000
-0.000000
-0.000000
-0.000000
-0.000000
-0.000000
-0.000000
-0.000000
-0.000000
-0.000000
-0.000000
-0.000000
-0.000000
-0.000000
-0.000000
-0.000000
-0.000000
-0.000000
-0.000000
-0.000000
-0.000000
-0.000000
-0.000000
-0.000000
-0.000000
-0.000000
-0.000000
-0.000000
-0.000000
-0.000000
-0.000000
-0.000000
-0.000000
-0.000000
-0.000000
-0.000000
-0.000000
-0.000000
-0.000000
-0.000000
0.000000
0.000000
0.000000
0.000000
0.000000
0.000000
0.000000
0.000000
0.000000
0.000000
0.000000
0.000000
0.000000
0.000000
0.000000
0.000000
0.000000
0.000000
-0.000000
-0.000000
-0.000000
-0.000000
-0.000000
-0.000000
-0.000000
-0.000000
-0.000000
-0.000000
-0.000000
-0.000000
-0.000000
-0.000000
-0.000000
-0.000000
-0.000000
-0.000000
-0.000000
-0.000000
-0.000000
-0.000000
-0.000000
-0.000000
-0.000000
-0.000000
-0.000000
-0.000000
-0.000000
-0.000000
-0.000000
-0.000000
-0.000000
-0.000000
-0.000000
-0.000000
-0.000000
-0.000000
-0.000000
-0.000000
-0.000000
-0.000000
-0.000000
-0.000000
-0.000000
-0.000000
-0.000000
-0.000000
-0.000000
-0.000000
-0.000000
-0.000000
-0.000000
-0.000000
-0.000000
-0.000000
-0.000000
-0.000000
-0.000000
-0.000000
-0.000000
-0.000000
-0.000000
-0.000000
-0.000000
-0.000000
-0.000000
-0.000000
-0.000000
-0.000000
-0.000000
-0.000000
-0.000000
-0.000000
-0.000000
-0.000000
-0.000000
-0.000000
-0.000000
-0.000000
-0.000000
-0.000000
0.000000
0.000000
0.000000
0.000000
0.000000
0.000000
0.000000
0.000000
0.000000
0.000000
0.000000
0.000000
0.000000
0.000000
0.000000
0.000000
0.000000
0.000000
-0.000000
-0.000000
-0.000000
-0.000000
-0.000000
-0.000000
-0.000000
-0.000000
-0.000000
-0.000000
-0.000000
-0.000000
-0.000000
-0.000000
-0.000000
-0.000000
-0.000000
-0.000000
-0.000000
-0.000000
-0.000000
-0.000000
-0.000000
-0.000000
-0.000000
-0.000000
-0.000000
-0.000000
-0.000000
-0.000000
-0.000000
-0.000000
-0.000000
-0.000000
-0.000000
-0.000000
-0.000000
-0.000000
-0.000000
-0.000000
-0.000000
-0.000000
-0.000000
-0.000000
-0.000000
-0.000000
-0.000000
-0.000000
-0.000000
-0.000000
-0.000000
-0.000000
-0.000000
-0.000000
-0.000000
-0.000000
-0.000000
-0.000000
-0.000000
-0.000000
-0.000000
-0.000000
-0.000000
-0.000000
-0.000000
-0.000000
-0.000000
-0.000000
-0.000000
-0.000000
-0.000000
-0.000000
-0.000000
-0.000000
-0.000000
-0.000000
-0.000000
-0.000000
-0.000000
-0.000000
-0.000000
-0.000000
0.000000
0.000000
0.000000
0.000000
0.000000
0.000000
0.000000
0.000000
0.000000
0.000000
0.000000
0.000000
0.000000
0.000000
0.000000
0.000000
0.000000
0.000000
-0.000000
-0.000000
-0.000000
-0.000000
-0.000000
-0.000000
-0.000000
-0.000000
-0.000000
-0.000000
-0.000000
-0.000000
-0.000000
-0.000000
-0.000000
-0.000000
-0.000000
-0.000000
-0.000000
-0.000000
-0.000000
-0.000000
-0.000000
-0.000000
-0.000000
-0.000000
-0.000000
-0.000000
-0.000000
-0.000000
-0.000000
-0.000000
-0.000000
-0.000000
-0.000000
-0.000000
-0.000000
-0.000000
-0.000000
-0.000000
-0.000000
-0.000000
-0.000000
-0.000000
-0.000000
-0.000000
-0.000000
-0.000000
-0.000000
-0.000000
-0.000000
-0.000000
-0.000000
-0.000000
-0.000000
-0.000000
-0.000000
-0.000000
-0.000000
-0.000000
-0.000000
-0.000000
-0.000000
-0.000000
-0.000000
-0.000000
-0.000000
-0.000000
-0.000000
-0.000000
-0.000000
-0.000000
-0.000000
-0.000000
-0.000000
-0.000000
-0.000000
-0.000000
-0.000000
-0.000000
-0.000000
-0.000000
0.000000
0.000000
0.000000
0.000000
0.000000
0.000000
0.000000
0.000000
0.000000
0.000000
0.000000
0.000000
0.000000
0.000000
0.000000
0.000000
0.000000
0.000000
-0.000000
-0.000000
-0.000000
-0.000000
-0.000000
-0.000000
-0.000000
-0.000000
-0.000000
-0.000000
-0.000000
-0.000000
-0.000000
-0.000000
-0.000000
-0.000000
-0.000000
-0.000000
-0.000000
-0.000000
-0.000000
-0.000000
-0.000000
-0.000000
-0.000000
-0.000000
-0.000000
-0.000000
-0.000000
-0.000000
-0.000000
-0.000000
-0.000000
-0.000000
-0.000000
-0.000000
-0.000000
-0.000000
-0.000000
-0.000000
-0.000000
-0.000000
-0.000000
-0.000000
-0.000000
-0.000000
-0.000000
-0.000000
-0.000000
-0.000000
-0.000000
-0.000000
-0.000000
-0.000000
-0.000000
-0.000000
-0.000000
-0.000000
-0.000000
-0.000000
-0.000000
-0.000000
-0.000000
-0.000000
-0.000000
-0.000000
-0.000000
-0.000000
-0.000000
-0.000000
-0.000000
-0.000000
-0.000000
-0.000000
-0.000000
-0.000000
-0.000000
-0.000000
-0.000000
-0.000000
-0.000000
-0.000000
0.000000
0.000000
0.000000
0.000000
0.000000
0.000000
0.000000
0.000000
0.000000
0.000000
0.000000
0.000000
0.000000
0.000000
0.000000
0.000000
0.000000
0.000000
0.000000
-0.000000
-0.000000
-0.000000
-0.000000
-0.000000
-0.000000
-0.000000
-0.000000
-0.000000
-0.000000
-0.000000
-0.000000
-0.000000
-0.000000
-0.000000
-0.000000
-0.000000
-0.000000
-0.000000
-0.000000
-0.000000
-0.000000
-0.000000
-0.000000
-0.000000
-0.000000
-0.000000
-0.000000
-0.000000
-0.000000
-0.000000
-0.000000
-0.000000
-0.000000
-0.000000
-0.000000
-0.000000
-0.000000
-0.000000
-0.000000
-0.000000
-0.000000
-0.000000
-0.000000
-0.000000
-0.000000
-0.000000
-0.000000
-0.000000
-0.000000
-0.000000
-0.000000
-0.000000
-0.000000
-0.000000
-0.000000
-0.000000
-0.000000
-0.000000
-0.000000
-0.000000
-0.000000
-0.000000
-0.000000
-0.000000
-0.000000
-0.000000
-0.000000
-0.000000
-0.000000
-0.000000
-0.000000
-0.000000
-0.000000
-0.000000
-0.000000
-0.000000
-0.000000
-0.000000
-0.000000
-0.000000
0.000000
0.000000
0.000000
0.000000
0.000000
0.000000
0.000000
0.000000
0.000000
0.000000
0.000000
0.000000
0.000000
0.000000
0.000000
0.000000
0.000000
0.000000
0.000000
-0.000000
-0.000000
-0.000000
-0.000000
-0.000000
-0.000000
-0.000000
-0.000000
-0.000000
-0.000000
-0.000000
-0.000000
-0.000000
-0.000000
-0.000000
-0.000000
-0.000000
-0.000000
-0.000000
-0.000000
-0.000000
-0.000000
-0.000000
-0.000000
-0.000000
-0.000000
-0.000000
-0.000000
-0.000000
-0.000000
-0.000000
-0.000000
-0.000000
-0.000000
-0.000000
-0.000000
-0.000000
-0.000000
-0.000000
-0.000000
-0.000000
-0.000000
-0.000000
-0.000000
-0.000000
-0.000000
-0.000000
-0.000000
-0.000000
-0.000000
-0.000000
-0.000000
-0.000000
-0.000000
-0.000000
-0.000000
-0.000000
-0.000000
-0.000000
-0.000000
-0.000000
-0.000000
-0.000000
-0.000000
-0.000000
-0.000000
-0.000000
-0.000000
-0.000000
-0.000000
-0.000000
-0.000000
-0.000000
-0.000000
-0.000000
-0.000000
-0.000000
-0.000000
-0.000000
-0.000000
-0.000000
0.000000
0.000000
0.000000
0.000000
0.000000
0.000000
0.000000
0.000000
0.000000
0.000000
0.000000
0.000000
0.000000
0.000000
0.000000
0.000000
0.000000
0.000000
0.000000
-0.000000
-0.000000
-0.000000
-0.000000
-0.000000
-0.000000
-0.000000
-0.000000
-0.000000
-0.000000
-0.000000
-0.000000
-0.000000
-0.000000
-0.000000
-0.000000
-0.000000
-0.000000
-0.000000
-0.000000
-0.000000
-0.000000
-0.000000
-0.000000
-0.000000
-0.000000
-0.000000
-0.000000
-0.000000
-0.000000
-0.000000
-0.000000
-0.000000
-0.000000
-0.000000
-0.000000
-0.000000
-0.000000
-0.000000
-0.000000
-0.000000
-0.000000
-0.000000
-0.000000
-0.000000
-0.000000
-0.000000
-0.000000
-0.000000
-0.000000
-0.000000
-0.000000
-0.000000
-0.000000
-0.000000
-0.000000
-0.000000
-0.000000
-0.000000
-0.000000
-0.000000
-0.000000
-0.000000
-0.000000
-0.000000
-0.000000
-0.000000
-0.000000
-0.000000
-0.000000
-0.000000
-0.000000
-0.000000
-0.000000
-0.000000
-0.000000
-0.000000
-0.000000
-0.000000
-0.000000
-0.000000
0.000000
0.000000
0.000000
0.000000
0.000000
0.000000
0.000000
0.000000
0.000000
0.000000
0.000000
0.000000
0.000000
0.000000
0.000000
0.000000
0.000000
0.000000
0.000000
-0.000000
-0.000000
-0.000000
-0.000000
-0.000000
-0.000000
-0.000000
-0.000000
-0.000000
-0.000000
-0.000000
-0.000000
-0.000000
-0.000000
-0.000000
-0.000000
-0.000000
-0.000000
-0.000000
-0.000000
-0.000000
-0.000000
-0.000000
-0.000000
-0.000000
-0.000000
-0.000000
-0.000000
-0.000000
-0.000000
-0.000000
-0.000000
-0.000000
-0.000000
-0.000000
-0.000000
-0.000000
-0.000000
-0.000000
-0.000000
-0.000000
-0.000000
-0.000000
-0.000000
-0.000000
-0.000000
-0.000000
-0.000000
-0.000000
-0.000000
-0.000000
-0.000000
-0.000000
-0.000000
-0.000000
-0.000000
-0.000000
-0.000000
-0.000000
-0.000000
-0.000000
-0.000000
-0.000000
-0.000000
-0.000000
-0.000000
-0.000000
-0.000000
-0.000000
-0.000000
-0.000000
-0.000000
-0.000000
-0.000000
-0.000000
-0.000000
-0.000000
-0.000000
-0.000000
-0.000000
-0.000000
0.000000
0.000000
0.000000
0.000000
0.000000
0.000000
0.000000
0.000000
0.000000
0.000000
0.000000
0.000000
0.000000
0.000000
0.000000
0.000000
0.000000
0.000000
0.000000
-0.000000
-0.000000
-0.000000
-0.000000
-0.000000
-0.000000
-0.000000
-0.000000
-0.000000
-0.000000
-0.000000
-0.000000
-0.000000
-0.000000
-0.000000
-0.000000
-0.000000
-0.000000
-0.000000
-0.000000
-0.000000
-0.000000
-0.000000
-0.000000
-0.000000
-0.000000
-0.000000
-0.000000
-0.000000
-0.000000
-0.000000
-0.000000
-0.000000
-0.000000
-0.000000
-0.000000
-0.000000
-0.000000
-0.000000
-0.000000
-0.000000
-0.000000
-0.000000
-0.000000
-0.000000
-0.000000
-0.000000
-0.000000
-0.000000
-0.000000
-0.000000
-0.000000
-0.000000
-0.000000
-0.000000
-0.000000
-0.000000
-0.000000
-0.000000
-0.000000
-0.000000
-0.000000
-0.000000
-0.000000
-0.000000
-0.000000
-0.000000
-0.000000
-0.000000
-0.000000
-0.000000
-0.000000
-0.000000
-0.000000
-0.000000
-0.000000
-0.000000
-0.000000
-0.000000
-0.000000
-0.000000
0.000000
0.000000
0.000000
0.000000
0.000000
0.000000
0.000000
0.000000
0.000000
0.000000
0.000000
0.000000
0.000000
0.000000
0.000000
0.000000
0.000000
0.000000
0.000000
0.000000
-0.000000
-0.000000
-0.000000
-0.000000
-0.000000
-0.000000
-0.000000
-0.000000
-0.000000
-0.000000
-0.000000
-0.000000
-0.000000
-0.000000
-0.000000
-0.000000
-0.000000
-0.000000
-0.000000
-0.000000
-0.000000
-0.000000
-0.000000
-0.000000
-0.000000
-0.000000
-0.000000
-0.000000
-0.000000
-0.000000
-0.000000
-0.000000
-0.000000
-0.000000
-0.000000
-0.000000
-0.000000
-0.000000
-0.000000
-0.000000
-0.000000
-0.000000
-0.000000
-0.000000
-0.000000
-0.000000
-0.000000
-0.000000
-0.000000
-0.000000
-0.000000
-0.000000
-0.000000
-0.000000
-0.000000
-0.000000
-0.000000
-0.000000
-0.000000
-0.000000
-0.000000
-0.000000
-0.000000
-0.000000
-0.000000
-0.000000
-0.000000
-0.000000
-0.000000
-0.000000
-0.000000
-0.000000
-0.000000
-0.000000
-0.000000
-0.000000
-0.000000
-0.000000
-0.000000
-0.000000
0.000000
0.000000
0.000000
0.000000
0.000000
0.000000
0.000000
0.000000
0.000000
0.000000
0.000000
0.000000
0.000000
0.000000
0.000000
0.000000
0.000000
0.000000
0.000000
0.000000
-0.000000
-0.000000
-0.000000
-0.000000
-0.000000
-0.000000
-0.000000
-0.000000
-0.000000
-0.000000
-0.000000
-0.000000
-0.000000
-0.000000
-0.000000
-0.000000
-0.000000
-0.000000
-0.000000
-0.000000
-0.000000
-0.000000
-0.000000
-0.000000
-0.000000
-0.000000
-0.000000
-0.000000
-0.000000
-0.000000
-0.000000
-0.000000
-0.000000
-0.000000
-0.000000
-0.000000
-0.000000
-0.000000
-0.000000
-0.000000
-0.000000
-0.000000
-0.000000
-0.000000
-0.000000
-0.000000
-0.000000
-0.000000
-0.000000
-0.000000
-0.000000
-0.000000
-0.000000
-0.000000
-0.000000
-0.000000
-0.000000
-0.000000
-0.000000
-0.000000
-0.000000
-0.000000
-0.000000
-0.000000
-0.000000
-0.000000
-0.000000
-0.000000
-0.000000
-0.000000
-0.000000
-0.000000
-0.000000
-0.000000
-0.000000
-0.000000
-0.000000
-0.000000
-0.000000
-0.000000
0.000000
0.000000
0.000000
0.000000
0.000000
0.000000
0.000000
0.000000
0.000000
0.000000
0.000000
0.000000
0.000000
0.000000
0.000000
0.000000
0.000000
0.000000
0.000000
0.000000
-0.000000
-0.000000
-0.000000
-0.000000
-0.000000
-0.000000
-0.000000
-0.000000
-0.000000
-0.000000
-0.000000
-0.000000
-0.000000
-0.000000
-0.000000
-0.000000
-0.000000
-0.000000
-0.000000
-0.000000
-0.000000
-0.000000
-0.000000
-0.000000
-0.000000
-0.000000
-0.000000
-0.000000
-0.000000
-0.000000
-0.000000
-0.000000
-0.000000
-0.000000
-0.000000
-0.000000
-0.000000
-0.000000
-0.000000
-0.000000
-0.000000
-0.000000
-0.000000
-0.000000
-0.000000
-0.000000
-0.000000
-0.000000
-0.000000
-0.000000
-0.000000
-0.000000
-0.000000
-0.000000
-0.000000
-0.000000
-0.000000
-0.000000
-0.000000
-0.000000
-0.000000
-0.000000
-0.000000
-0.000000
-0.000000
-0.000000
-0.000000
-0.000000
-0.000000
-0.000000
-0.000000
-0.000000
-0.000000
-0.000000
-0.000000
-0.000000
-0.000000
-0.000000
-0.000000
-0.000000
0.000000
0.000000
0.000000
0.000000
0.000000
0.000000
0.000000
0.000000
0.000000
0.000000
0.000000
0.000000
0.000000
0.000000
0.000000
0.000000
0.000000
0.000000
0.000000
0.000000
-0.000000
-0.000000
-0.000000
-0.000000
-0.000000
-0.000000
-0.000000
-0.000000
-0.000000
-0.000000
-0.000000
-0.000000
-0.000000
-0.000000
-0.000000
-0.000000
-0.000000
-0.000000
-0.000000
-0.000000
-0.000000
-0.000000
-0.000000
-0.000000
-0.000000
-0.000000
-0.000000
-0.000000
-0.000000
-0.000000
-0.000000
-0.000000
-0.000000
-0.000000
-0.000000
-0.000000
-0.000000
-0.000000
-0.000000
-0.000000
-0.000000
-0.000000
-0.000000
-0.000000
-0.000000
-0.000000
-0.000000
-0.000000
-0.000000
-0.000000
-0.000000
-0.000000
-0.000000
-0.000000
-0.000000
-0.000000
-0.000000
-0.000000
-0.000000
-0.000000
-0.000000
-0.000000
-0.000000
-0.000000
-0.000000
-0.000000
-0.000000
-0.000000
-0.000000
-0.000000
-0.000000
-0.000000
-0.000000
-0.000000
-0.000000
-0.000000
-0.000000
-0.000000
-0.000000
-0.000000
0.000000
0.000000
0.000000
0.000000
0.000000
0.000000
0.000000
0.000000
0.000000
0.000000
0.000000
0.000000
0.000000
0.000000
0.000000
0.000000
0.000000
0.000000
0.000000
0.000000
-0.000000
-0.000000
-0.000000
-0.000000
-0.000000
-0.000000
-0.000000
-0.000000
-0.000000
-0.000000
-0.000000
-0.000000
-0.000000
-0.000000
-0.000000
-0.000000
-0.000000
-0.000000
-0.000000
-0.000000
-0.000000
-0.000000
-0.000000
-0.000000
-0.000000
-0.000000
-0.000000
-0.000000
-0.000000
-0.000000
-0.000000
-0.000000
-0.000000
-0.000000
-0.000000
-0.000000
-0.000000
-0.000000
-0.000000
-0.000000
-0.000000
-0.000000
-0.000000
-0.000000
-0.000000
-0.000000
-0.000000
-0.000000
-0.000000
-0.000000
-0.000000
-0.000000
-0.000000
-0.000000
-0.000000
-0.000000
-0.000000
-0.000000
-0.000000
-0.000000
-0.000000
-0.000000
-0.000000
-0.000000
-0.000000
-0.000000
-0.000000
-0.000000
-0.000000
-0.000000
-0.000000
-0.000000
-0.000000
-0.000000
-0.000000
-0.000000
-0.000000
-0.000000
-0.000000
-0.000000
0.000000
0.000000
0.000000
0.000000
0.000000
0.000000
0.000000
0.000000
0.000000
0.000000
0.000000
0.000000
0.000000
0.000000
0.000000
0.000000
0.000000
0.000000
0.000000
0.000000
-0.000000
-0.000000
-0.000000
-0.000000
-0.000000
-0.000000
-0.000000
-0.000000
-0.000000
-0.000000
-0.000000
-0.000000
-0.000000
-0.000000
-0.000000
-0.000000
-0.000000
-0.000000
-0.000000
-0.000000
-0.000000
-0.000000
-0.000000
-0.000000
-0.000000
-0.000000
-0.000000
-0.000000
-0.000000
-0.000000
-0.000000
-0.000000
-0.000000
-0.000000
-0.000000
-0.000000
-0.000000
-0.000000
-0.000000
-0.000000
-0.000000
-0.000000
-0.000000
-0.000000
-0.000000
-0.000000
-0.000000
-0.000000
-0.000000
-0.000000
-0.000000
-0.000000
-0.000000
-0.000000
-0.000000
-0.000000
-0.000000
-0.000000
-0.000000
-0.000000
-0.000000
-0.000000
-0.000000
-0.000000
-0.000000
-0.000000
-0.000000
-0.000000
-0.000000
-0.000000
-0.000000
-0.000000
-0.000000
-0.000000
-0.000000
-0.000000
-0.000000
-0.000000
-0.000000
-0.000000
0.000000
0.000000
0.000000
0.000000
0.000000
0.000000
0.000000
0.000000
0.000000
0.000000
0.000000
0.000000
0.000000
0.000000
0.000000
0.000000
0.000000
0.000000
0.000000
0.000000
0.000000
-0.000000
-0.000000
-0.000000
-0.000000
-0.000000
-0.000000
-0.000000
-0.000000
-0.000000
-0.000000
-0.000000
-0.000000
-0.000000
-0.000000
-0.000000
-0.000000
-0.000000
-0.000000
-0.000000
-0.000000
-0.000000
-0.000000
-0.000000
-0.000000
-0.000000
-0.000000
-0.000000
-0.000000
-0.000000
-0.000000
-0.000000
-0.000000
-0.000000
-0.000000
-0.000000
-0.000000
-0.000000
-0.000000
-0.000000
-0.000000
-0.000000
-0.000000
-0.000000
-0.000000
-0.000000
-0.000000
-0.000000
-0.000000
-0.000000
-0.000000
-0.000000
-0.000000
-0.000000
-0.000000
-0.000000
-0.000000
-0.000000
-0.000000
-0.000000
-0.000000
-0.000000
-0.000000
-0.000000
-0.000000
-0.000000
-0.000000
-0.000000
-0.000000
-0.000000
-0.000000
-0.000000
-0.000000
-0.000000
-0.000000
-0.000000
-0.000000
-0.000000
-0.000000
-0.000000
0.000000
0.000000
0.000000
0.000000
0.000000
0.000000
0.000000
0.000000
0.000000
0.000000
0.000000
0.000000
0.000000
0.000000
0.000000
0.000000
0.000000
0.000000
0.000000
0.000000
0.000000
-0.000000
-0.000000
-0.000000
-0.000000
-0.000000
-0.000000
-0.000000
-0.000000
-0.000000
-0.000000
-0.000000
-0.000000
-0.000000
-0.000000
-0.000000
-0.000000
-0.000000
-0.000000
-0.000000
-0.000000
-0.000000
-0.000000
-0.000000
-0.000000
-0.000000
-0.000000
-0.000000
-0.000000
-0.000000
-0.000000
-0.000000
-0.000000
-0.000000
-0.000000
-0.000000
-0.000000
-0.000000
-0.000000
-0.000000
-0.000000
-0.000000
-0.000000
-0.000000
-0.000000
-0.000000
-0.000000
-0.000000
-0.000000
-0.000000
-0.000000
-0.000000
-0.000000
-0.000000
-0.000000
-0.000000
-0.000000
-0.000000
-0.000000
-0.000000
-0.000000
-0.000000
-0.000000
-0.000000
-0.000000
-0.000000
-0.000000
-0.000000
-0.000000
-0.000000
-0.000000
-0.000000
-0.000000
-0.000000
-0.000000
-0.000000
-0.000000
-0.000000
-0.000000
-0.000000
0.000000
0.000000
0.000000
0.000000
0.000000
0.000000
0.000000
0.000000
0.000000
0.000000
0.000000
0.000000
0.000000
0.000000
0.000000
0.000000
0.000000
0.000000
0.000000
0.000000
0.000000
-0.000000
-0.000000
-0.000000
-0.000000
-0.000000
-0.000000
-0.000000
-0.000000
-0.000000
-0.000000
-0.000000
-0.000000
-0.000000
-0.000000
-0.000000
-0.000000
-0.000000
-0.000000
-0.000000
-0.000000
-0.000000
-0.000000
-0.000000
-0.000000
-0.000000
-0.000000
-0.000000
-0.000000
-0.000000
-0.000000
-0.000000
-0.000000
-0.000000
-0.000000
-0.000000
-0.000000
-0.000000
-0.000000
-0.000000
-0.000000
-0.000000
-0.000000
-0.000000
-0.000000
-0.000000
-0.000000
-0.000000
-0.000000
-0.000000
-0.000000
-0.000000
-0.000000
-0.000000
-0.000000
-0.000000
-0.000000
-0.000000
-0.000000
-0.000000
-0.000000
-0.000000
-0.000000
-0.000000
-0.000000
-0.000000
-0.000000
-0.000000
-0.000000
-0.000000
-0.000000
-0.000000
-0.000000
-0.000000
-0.000000
-0.000000
-0.000000
-0.000000
-0.000000
-0.000000
0.000000
0.000000
0.000000
0.000000
0.000000
0.000000
0.000000
0.000000
0.000000
0.000000
0.000000
0.000000
0.000000
0.000000
0.000000
0.000000
0.000000
0.000000
0.000000
0.000000
0.000000
-0.000000
-0.000000
-0.000000
-0.000000
-0.000000
-0.000000
-0.000000
-0.000000
-0.000000
-0.000000
-0.000000
-0.000000
-0.000000
-0.000000
-0.000000
-0.000000
-0.000000
-0.000000
-0.000000
-0.000000
-0.000000
-0.000000
-0.000000
-0.000000
-0.000000
-0.000000
-0.000000
-0.000000
-0.000000
-0.000000
-0.000000
-0.000000
-0.000000
-0.000000
-0.000000
-0.000000
-0.000000
-0.000000
-0.000000
-0.000000
-0.000000
-0.000000
-0.000000
-0.000000
-0.000000
-0.000000
-0.000000
-0.000000
-0.000000
-0.000000
-0.000000
-0.000000
-0.000000
-0.000000
-0.000000
-0.000000
-0.000000
-0.000000
-0.000000
-0.000000
-0.000000
-0.000000
-0.000000
-0.000000
-0.000000
-0.000000
-0.000000
-0.000000
-0.000000
-0.000000
-0.000000
-0.000000
-0.000000
-0.000000
-0.000000
-0.000000
-0.000000
-0.000000
-0.000000
0.000000
0.000000
0.000000
0.000000
0.000000
0.000000
0.000000
0.000000
0.000000
0.000000
0.000000
0.000000
0.000000
0.000000
0.000000
0.000000
0.000000
0.000000
0.000000
0.000000
0.000000
-0.000000
-0.000000
-0.000000
-0.000000
-0.000000
-0.000000
-0.000000
-0.000000
-0.000000
-0.000000
-0.000000
-0.000000
-0.000000
-0.000000
-0.000000
-0.000000
-0.000000
-0.000000
-0.000000
-0.000000
-0.000000
-0.000000
-0.000000
-0.000000
-0.000000
-0.000000
-0.000000
-0.000000
-0.000000
-0.000000
-0.000000
-0.000000
-0.000000
-0.000000
-0.000000
-0.000000
-0.000000
-0.000000
-0.000000
-0.000000
-0.000000
-0.000000
-0.000000
-0.000000
-0.000000
-0.000000
-0.000000
-0.000000
-0.000000
-0.000000
-0.000000
-0.000000
-0.000000
-0.000000
-0.000000
-0.000000
-0.000000
-0.000000
-0.000000
-0.000000
-0.000000
-0.000000
-0.000000
-0.000000
-0.000000
-0.000000
-0.000000
-0.000000
-0.000000
-0.000000
-0.000000
-0.000000
-0.000000
-0.000000
-0.000000
-0.000000
-0.000000
-0.000000
-0.000000
0.000000
0.000000
0.000000
0.000000
0.000000
0.000000
0.000000
0.000000
0.000000
0.000000
0.000000
0.000000
0.000000
0.000000
0.000000
0.000000
0.000000
0.000000
0.000000
0.000000
0.000000
-0.000000
-0.000000
-0.000000
-0.000000
-0.000000
-0.000000
-0.000000
-0.000000
-0.000000
-0.000000
-0.000000
-0.000000
-0.000000
-0.000000
-0.000000
-0.000000
-0.000000
-0.000000
-0.000000
-0.000000
-0.000000
-0.000000
-0.000000
-0.000000
-0.000000
-0.000000
-0.000000
-0.000000
-0.000000
-0.000000
-0.000000
-0.000000
-0.000000
-0.000000
-0.000000
-0.000000
-0.000000
-0.000000
-0.000000
-0.000000
-0.000000
-0.000000
-0.000000
-0.000000
-0.000000
-0.000000
-0.000000
-0.000000
-0.000000
-0.000000
-0.000000
-0.000000
-0.000000
-0.000000
-0.000000
-0.000000
-0.000000
-0.000000
-0.000000
-0.000000
-0.000000
-0.000000
-0.000000
-0.000000
-0.000000
-0.000000
-0.000000
-0.000000
-0.000000
-0.000000
-0.000000
-0.000000
-0.000000
-0.000000
-0.000000
-0.000000
-0.000000
-0.000000
-0.000000
0.000000
0.000000
0.000000
0.000000
0.000000
0.000000
0.000000
0.000000
0.000000
0.000000
0.000000
0.000000
0.000000
0.000000
0.000000
0.000000
0.000000
0.000000
0.000000
0.000000
0.000000
0.000000
-0.000000
-0.000000
-0.000000
-0.000000
-0.000000
-0.000000
-0.000000
-0.000000
-0.000000
-0.000000
-0.000000
-0.000000
-0.000000
-0.000000
-0.000000
-0.000000
-0.000000
-0.000000
-0.000000
-0.000000
-0.000000
-0.000000
-0.000000
-0.000000
-0.000000
-0.000000
-0.000000
-0.000000
-0.000000
-0.000000
-0.000000
-0.000000
-0.000000
-0.000000
-0.000000
-0.000000
-0.000000
-0.000000
-0.000000
-0.000000
-0.000000
-0.000000
-0.000000
-0.000000
-0.000000
-0.000000
-0.000000
-0.000000
-0.000000
-0.000000
-0.000000
-0.000000
-0.000000
-0.000000
-0.000000
-0.000000
-0.000000
-0.000000
-0.000000
-0.000000
-0.000000
-0.000000
-0.000000
-0.000000
-0.000000
-0.000000
-0.000000
-0.000000
-0.000000
-0.000000
-0.000000
-0.000000
-0.000000
-0.000000
-0.000000
-0.000000
-0.000000
-0.000000
0.000000
0.000000
0.000000
0.000000
0.000000
0.000000
0.000000
0.000000
0.000000
0.000000
0.000000
0.000000
0.000000
0.000000
0.000000
0.000000
0.000000
0.000000
0.000000
0.000000
0.000000
0.000000
-0.000000
-0.000000
-0.000000
-0.000000
-0.000000
-0.000000
-0.000000
-0.000000
-0.000000
-0.000000
-0.000000
-0.000000
-0.000000
-0.000000
-0.000000
-0.000000
-0.000000
-0.000000
-0.000000
-0.000000
-0.000000
-0.000000
-0.000000
-0.000000
-0.000000
-0.000000
-0.000000
-0.000000
-0.000000
-0.000000
-0.000000
-0.000000
-0.000000
-0.000000
-0.000000
-0.000000
-0.000000
-0.000000
-0.000000
-0.000000
-0.000000
-0.000000
-0.000000
-0.000000
-0.000000
-0.000000
-0.000000
-0.000000
-0.000000
-0.000000
-0.000000
-0.000000
-0.000000
-0.000000
-0.000000
-0.000000
-0.000000
-0.000000
-0.000000
-0.000000
-0.000000
-0.000000
-0.000000
-0.000000
-0.000000
-0.000000
-0.000000
-0.000000
-0.000000
-0.000000
-0.000000
-0.000000
-0.000000
-0.000000
-0.000000
-0.000000
-0.000000
-0.000000
0.000000
0.000000
0.000000
0.000000
0.000000
0.000000
0.000000
0.000000
0.000000
0.000000
0.000000
0.000000
0.000000
0.000000
0.000000
0.000000
0.000000
0.000000
0.000000
0.000000
0.000000
0.000000
-0.000000
-0.000000
-0.000000
-0.000000
-0.000000
-0.000000
-0.000000
-0.000000
-0.000000
-0.000000
-0.000000
-0.000000
-0.000000
-0.000000
-0.000000
-0.000000
-0.000000
-0.000000
-0.000000
-0.000000
-0.000000
-0.000000
-0.000000
-0.000000
-0.000000
-0.000000
-0.000000
-0.000000
-0.000000
-0.000000
-0.000000
-0.000000
-0.000000
-0.000000
-0.000000
-0.000000
-0.000000
-0.000000
-0.000000
-0.000000
-0.000000
-0.000000
-0.000000
-0.000000
-0.000000
-0.000000
-0.000000
-0.000000
-0.000000
-0.000000
-0.000000
-0.000000
-0.000000
-0.000000
-0.000000
-0.000000
-0.000000
-0.000000
-0.000000
-0.000000
-0.000000
-0.000000
-0.000000
-0.000000
-0.000000
-0.000000
-0.000000
-0.000000
-0.000000
-0.000000
-0.000000
-0.000000
-0.000000
-0.000000
-0.000000
-0.000000
-0.000000
-0.000000
0.000000
0.000000
0.000000
0.000000
0.000000
0.000000
0.000000
0.000000
0.000000
0.000000
0.000000
0.000000
0.000000
0.000000
0.000000
0.000000
0.000000
0.000000
0.000000
0.000000
0.000000
0.000000
-0.000000
-0.000000
-0.000000
-0.000000
-0.000000
-0.000000
-0.000000
-0.000000
-0.000000
-0.000000
-0.000000
-0.000000
-0.000000
-0.000000
-0.000000
-0.000000
-0.000000
-0.000000
-0.000000
-0.000000
-0.000000
-0.000000
-0.000000
-0.000000
-0.000000
-0.000000
-0.000000
-0.000000
-0.000000
-0.000000
-0.000000
-0.000000
-0.000000
-0.000000
-0.000000
-0.000000
-0.000000
-0.000000
-0.000000
-0.000000
-0.000000
-0.000000
-0.000000
-0.000000
-0.000000
-0.000000
-0.000000
-0.000000
-0.000000
-0.000000
-0.000000
-0.000000
-0.000000
-0.000000
-0.000000
-0.000000
-0.000000
-0.000000
-0.000000
-0.000000
-0.000000
-0.000000
-0.000000
-0.000000
-0.000000
-0.000000
-0.000000
-0.000000
-0.000000
-0.000000
-0.000000
-0.000000
-0.000000
-0.000000
-0.000000
-0.000000
-0.000000
-0.000000
0.000000
0.000000
0.000000
0.000000
0.000000
0.000000
0.000000
0.000000
0.000000
0.000000
0.000000
0.000000
0.000000
0.000000
0.000000
0.000000
0.000000
0.000000
0.000000
0.000000
0.000000
0.000000
-0.000000
-0.000000
-0.000000
-0.000000
-0.000000
-0.000000
-0.000000
-0.000000
-0.000000
-0.000000
-0.000000
-0.000000
-0.000000
-0.000000
-0.000000
-0.000000
-0.000000
-0.000000
-0.000000
-0.000000
-0.000000
-0.000000
-0.000000
-0.000000
-0.000000
-0.000000
-0.000000
-0.000000
-0.000000
-0.000000
-0.000000
-0.000000
-0.000000
-0.000000
-0.000000
-0.000000
-0.000000
-0.000000
-0.000000
-0.000000
-0.000000
-0.000000
-0.000000
-0.000000
-0.000000
-0.000000
-0.000000
-0.000000
-0.000000
-0.000000
-0.000000
-0.000000
-0.000000
-0.000000
-0.000000
-0.000000
-0.000000
-0.000000
-0.000000
-0.000000
-0.000000
-0.000000
-0.000000
-0.000000
-0.000000
-0.000000
-0.000000
-0.000000
-0.000000
-0.000000
-0.000000
-0.000000
-0.000000
-0.000000
-0.000000
-0.000000
-0.000000
-0.000000
0.000000
0.000000
0.000000
0.000000
0.000000
0.000000
0.000000
0.000000
0.000000
0.000000
0.000000
0.000000
0.000000
0.000000
0.000000
0.000000
0.000000
0.000000
0.000000
0.000000
0.000000
0.000000
-0.000000
-0.000000
-0.000000
-0.000000
-0.000000
-0.000000
-0.000000
-0.000000
-0.000000
-0.000000
-0.000000
-0.000000
-0.000000
-0.000000
-0.000000
-0.000000
-0.000000
-0.000000
-0.000000
-0.000000
-0.000000
-0.000000
-0.000000
-0.000000
-0.000000
-0.000000
-0.000000
-0.000000
-0.000000
-0.000000
-0.000000
-0.000000
-0.000000
-0.000000
-0.000000
-0.000000
-0.000000
-0.000000
-0.000000
-0.000000
-0.000000
-0.000000
-0.000000
-0.000000
-0.000000
-0.000000
-0.000000
-0.000000
-0.000000
-0.000000
-0.000000
-0.000000
-0.000000
-0.000000
-0.000000
-0.000000
-0.000000
-0.000000
-0.000000
-0.000000
-0.000000
-0.000000
-0.000000
-0.000000
-0.000000
-0.000000
-0.000000
-0.000000
-0.000000
-0.000000
-0.000000
-0.000000
-0.000000
-0.000000
-0.000000
-0.000000
-0.000000
-0.000000
0.000000
0.000000
0.000000
0.000000
0.000000
0.000000
0.000000
0.000000
0.000000
0.000000
0.000000
0.000000
0.000000
0.000000
0.000000
0.000000
0.000000
0.000000
0.000000
0.000000
0.000000
0.000000
0.000000
-0.000000
-0.000000
-0.000000
-0.000000
-0.000000
-0.000000
-0.000000
-0.000000
-0.000000
-0.000000
-0.000000
-0.000000
-0.000000
-0.000000
-0.000000
-0.000000
-0.000000
-0.000000
-0.000000
-0.000000
-0.000000
-0.000000
-0.000000
-0.000000
-0.000000
-0.000000
-0.000000
-0.000000
-0.000000
-0.000000
-0.000000
-0.000000
-0.000000
-0.000000
-0.000000
-0.000000
-0.000000
-0.000000
-0.000000
-0.000000
-0.000000
-0.000000
-0.000000
-0.000000
-0.000000
-0.000000
-0.000000
-0.000000
-0.000000
-0.000000
-0.000000
-0.000000
-0.000000
-0.000000
-0.000000
-0.000000
-0.000000
-0.000000
-0.000000
-0.000000
-0.000000
-0.000000
-0.000000
-0.000000
-0.000000
-0.000000
-0.000000
-0.000000
-0.000000
-0.000000
-0.000000
-0.000000
-0.000000
-0.000000
-0.000000
-0.000000
-0.000000
0.000000
0.000000
0.000000
0.000000
0.000000
0.000000
0.000000
0.000000
0.000000
0.000000
0.000000
0.000000
0.000000
0.000000
0.000000
0.000000
0.000000
0.000000
0.000000
0.000000
0.000000
0.000000
0.000000
-0.000000
-0.000000
-0.000000
-0.000000
-0.000000
-0.000000
-0.000000
-0.000000
-0.000000
-0.000000
-0.000000
-0.000000
-0.000000
-0.000000
-0.000000
-0.000000
-0.000000
-0.000000
-0.000000
-0.000000
-0.000000
-0.000000
-0.000000
-0.000000
-0.000000
-0.000000
-0.000000
-0.000000
-0.000000
-0.000000
-0.000000
-0.000000
-0.000000
-0.000000
-0.000000
-0.000000
-0.000000
-0.000000
-0.000000
-0.000000
-0.000000
-0.000000
-0.000000
-0.000000
-0.000000
-0.000000
-0.000000
-0.000000
-0.000000
-0.000000
-0.000000
-0.000000
-0.000000
-0.000000
-0.000000
-0.000000
-0.000000
-0.000000
-0.000000
-0.000000
-0.000000
-0.000000
-0.000000
-0.000000
-0.000000
-0.000000
-0.000000
-0.000000
-0.000000
-0.000000
-0.000000
-0.000000
-0.000000
-0.000000
-0.000000
-0.000000
-0.000000
0.000000
0.000000
0.000000
0.000000
0.000000
0.000000
0.000000
0.000000
0.000000
0.000000
0.000000
0.000000
0.000000
0.000000
0.000000
0.000000
0.000000
0.000000
0.000000
0.000000
0.000000
0.000000
0.000000
-0.000000
-0.000000
-0.000000
-0.000000
-0.000000
-0.000000
-0.000000
-0.000000
-0.000000
-0.000000
-0.000000
-0.000000
-0.000000
-0.000000
-0.000000
-0.000000
-0.000000
-0.000000
-0.000000
-0.000000
-0.000000
-0.000000
-0.000000
-0.000000
-0.000000
-0.000000
-0.000000
-0.000000
-0.000000
-0.000000
-0.000000
-0.000000
-0.000000
-0.000000
-0.000000
-0.000000
-0.000000
-0.000000
-0.000000
-0.000000
-0.000000
-0.000000
-0.000000
-0.000000
-0.000000
-0.000000
-0.000000
-0.000000
-0.000000
-0.000000
-0.000000
-0.000000
-0.000000
-0.000000
-0.000000
-0.000000
-0.000000
-0.000000
-0.000000
-0.000000
-0.000000
-0.000000
-0.000000
-0.000000
-0.000000
-0.000000
-0.000000
-0.000000
-0.000000
-0.000000
-0.000000
-0.000000
-0.000000
-0.000000
-0.000000
-0.000000
-0.000000
0.000000
0.000000
0.000000
0.000000
0.000000
0.000000
0.000000
0.000000
0.000000
0.000000
0.000000
0.000000
0.000000
0.000000
0.000000
0.000000
0.000000
0.000000
0.000000
0.000000
0.000000
0.000000
0.000000
-0.000000
-0.000000
-0.000000
-0.000000
-0.000000
-0.000000
-0.000000
-0.000000
-0.000000
-0.000000
-0.000000
-0.000000
-0.000000
-0.000000
-0.000000
-0.000000
-0.000000
-0.000000
-0.000000
-0.000000
-0.000000
-0.000000
-0.000000
-0.000000
-0.000000
-0.000000
-0.000000
-0.000000
-0.000000
-0.000000
-0.000000
-0.000000
-0.000000
-0.000000
-0.000000
-0.000000
-0.000000
-0.000000
-0.000000
-0.000000
-0.000000
-0.000000
-0.000000
-0.000000
-0.000000
-0.000000
-0.000000
-0.000000
-0.000000
-0.000000
-0.000000
-0.000000
-0.000000
-0.000000
-0.000000
-0.000000
-0.000000
-0.000000
-0.000000
-0.000000
-0.000000
-0.000000
-0.000000
-0.000000
-0.000000
-0.000000
-0.000000
-0.000000
-0.000000
-0.000000
-0.000000
-0.000000
-0.000000
-0.000000
-0.000000
-0.000000
-0.000000
0.000000
0.000000
0.000000
0.000000
0.000000
0.000000
0.000000
0.000000
0.000000
0.000000
0.000000
0.000000
0.000000
0.000000
0.000000
0.000000
0.000000
0.000000
0.000000
0.000000
0.000000
0.000000
0.000000
-0.000000
-0.000000
-0.000000
-0.000000
-0.000000
-0.000000
-0.000000
-0.000000
-0.000000
-0.000000
-0.000000
-0.000000
-0.000000
-0.000000
-0.000000
-0.000000
-0.000000
-0.000000
-0.000000
-0.000000
-0.000000
-0.000000
-0.000000
-0.000000
-0.000000
-0.000000
-0.000000
-0.000000
-0.000000
-0.000000
-0.000000
-0.000000
-0.000000
-0.000000
-0.000000
-0.000000
-0.000000
-0.000000
-0.000000
-0.000000
-0.000000
-0.000000
-0.000000
-0.000000
-0.000000
-0.000000
-0.000000
-0.000000
-0.000000
-0.000000
-0.000000
-0.000000
-0.000000
-0.000000
-0.000000
-0.000000
-0.000000
-0.000000
-0.000000
-0.000000
-0.000000
-0.000000
-0.000000
-0.000000
-0.000000
-0.000000
-0.000000
-0.000000
-0.000000
-0.000000
-0.000000
-0.000000
-0.000000
-0.000000
-0.000000
-0.000000
-0.000000
0.000000
0.000000
0.000000
0.000000
0.000000
0.000000
0.000000
0.000000
0.000000
0.000000
0.000000
0.000000
0.000000
0.000000
0.000000
0.000000
0.000000
0.000000
0.000000
0.000000
0.000000
0.000000
0.000000
0.000000
-0.000000
-0.000000
-0.000000
-0.000000
-0.000000
-0.000000
-0.000000
-0.000000
-0.000000
-0.000000
-0.000000
-0.000000
-0.000000
-0.000000
-0.000000
-0.000000
-0.000000
-0.000000
-0.000000
-0.000000
-0.000000
-0.000000
-0.000000
-0.000000
-0.000000
-0.000000
-0.000000
-0.000000
-0.000000
-0.000000
-0.000000
-0.000000
-0.000000
-0.000000
-0.000000
-0.000000
-0.000000
-0.000000
-0.000000
-0.000000
-0.000000
-0.000000
-0.000000
-0.000000
-0.000000
-0.000000
-0.000000
-0.000000
-0.000000
-0.000000
-0.000000
-0.000000
-0.000000
-0.000000
-0.000000
-0.000000
-0.000000
-0.000000
-0.000000
-0.000000
-0.000000
-0.000000
-0.000000
-0.000000
-0.000000
-0.000000
-0.000000
-0.000000
-0.000000
-0.000000
-0.000000
-0.000000
-0.000000
-0.000000
-0.000000
-0.000000
0.000000
0.000000
0.000000
0.000000
0.000000
0.000000
0.000000
0.000000
0.000000
0.000000
0.000000
0.000000
0.000000
0.000000
0.000000
0.000000
0.000000
0.000000
0.000000
0.000000
0.000000
0.000000
0.000000
0.000000
-0.000000
-0.000000
-0.000000
-0.000000
-0.000000
-0.000000
-0.000000
-0.000000
-0.000000
-0.000000
-0.000000
-0.000000
-0.000000
-0.000000
-0.000000
-0.000000
-0.000000
-0.000000
-0.000000
-0.000000
-0.000000
-0.000000
-0.000000
-0.000000
-0.000000
-0.000000
-0.000000
-0.000000
-0.000000
-0.000000
-0.000000
-0.000000
-0.000000
-0.000000
-0.000000
-0.000000
-0.000000
-0.000000
-0.000000
-0.000000
-0.000000
-0.000000
-0.000000
-0.000000
-0.000000
-0.000000
-0.000000
-0.000000
-0.000000
-0.000000
-0.000000
-0.000000
-0.000000
-0.000000
-0.000000
-0.000000
-0.000000
-0.000000
-0.000000
-0.000000
-0.000000
-0.000000
-0.000000
-0.000000
-0.000000
-0.000000
-0.000000
-0.000000
-0.000000
-0.000000
-0.000000
-0.000000
-0.000000
-0.000000
-0.000000
-0.000000
0.000000
0.000000
0.000000
0.000000
0.000000
0.000000
0.000000
0.000000
0.000000
0.000000
0.000000
0.000000
0.000000
0.000000
0.000000
0.000000
0.000000
0.000000
0.000000
0.000000
0.000000
0.000000
0.000000
0.000000
-0.000000
-0.000000
-0.000000
-0.000000
-0.000000
-0.000000
-0.000000
-0.000000
-0.000000
-0.000000
-0.000000
-0.000000
-0.000000
-0.000000
-0.000000
-0.000000
-0.000000
-0.000000
-0.000000
-0.000000
-0.000000
-0.000000
-0.000000
-0.000000
-0.000000
-0.000000
-0.000000
-0.000000
-0.000000
-0.000000
-0.000000
-0.000000
-0.000000
-0.000000
-0.000000
-0.000000
-0.000000
-0.000000
-0.000000
-0.000000
-0.000000
-0.000000
-0.000000
-0.000000
-0.000000
-0.000000
-0.000000
-0.000000
-0.000000
-0.000000
-0.000000
-0.000000
-0.000000
-0.000000
-0.000000
-0.000000
-0.000000
-0.000000
-0.000000
-0.000000
-0.000000
-0.000000
-0.000000
-0.000000
-0.000000
-0.000000
-0.000000
-0.000000
-0.000000
-0.000000
-0.000000
-0.000000
-0.000000
-0.000000
-0.000000
-0.000000
0.000000
0.000000
0.000000
0.000000
0.000000
0.000000
0.000000
0.000000
0.000000
0.000000
0.000000
0.000000
0.000000
0.000000
0.000000
0.000000
0.000000
0.000000
0.000000
0.000000
0.000000
0.000000
0.000000
0.000000
-0.000000
-0.000000
-0.000000
-0.000000
-0.000000
-0.000000
-0.000000
-0.000000
-0.000000
-0.000000
-0.000000
-0.000000
-0.000000
-0.000000
-0.000000
-0.000000
-0.000000
-0.000000
-0.000000
-0.000000
-0.000000
-0.000000
-0.000000
-0.000000
-0.000000
-0.000000
-0.000000
-0.000000
-0.000000
-0.000000
-0.000000
-0.000000
-0.000000
-0.000000
-0.000000
-0.000000
-0.000000
-0.000000
-0.000000
-0.000000
-0.000000
-0.000000
-0.000000
-0.000000
-0.000000
-0.000000
-0.000000
-0.000000
-0.000000
-0.000000
-0.000000
-0.000000
-0.000000
-0.000000
-0.000000
-0.000000
-0.000000
-0.000000
-0.000000
-0.000000
-0.000000
-0.000000
-0.000000
-0.000000
-0.000000
-0.000000
-0.000000
-0.000000
-0.000000
-0.000000
-0.000000
-0.000000
-0.000000
-0.000000
-0.000000
-0.000000
0.000000
0.000000
0.000000
0.000000
0.000000
0.000000
0.000000
0.000000
0.000000
0.000000
0.000000
0.000000
0.000000
0.000000
0.000000
0.000000
0.000000
0.000000
0.000000
0.000000
0.000000
0.000000
0.000000
0.000000
-0.000000
-0.000000
-0.000000
-0.000000
-0.000000
-0.000000
-0.000000
-0.000000
-0.000000
-0.000000
-0.000000
-0.000000
-0.000000
-0.000000
-0.000000
-0.000000
-0.000000
-0.000000
-0.000000
-0.000000
-0.000000
-0.000000
-0.000000
-0.000000
-0.000000
-0.000000
-0.000000
-0.000000
-0.000000
-0.000000
-0.000000
-0.000000
-0.000000
-0.000000
-0.000000
-0.000000
-0.000000
-0.000000
-0.000000
-0.000000
-0.000000
-0.000000
-0.000000
-0.000000
-0.000000
-0.000000
-0.000000
-0.000000
-0.000000
-0.000000
-0.000000
-0.000000
-0.000000
-0.000000
-0.000000
-0.000000
-0.000000
-0.000000
-0.000000
-0.000000
-0.000000
-0.000000
-0.000000
-0.000000
-0.000000
-0.000000
-0.000000
-0.000000
-0.000000
-0.000000
-0.000000
-0.000000
-0.000000
-0.000000
-0.000000
-0.000000
0.000000
0.000000
0.000000
0.000000
0.000000
0.000000
0.000000
0.000000
0.000000
0.000000
0.000000
0.000000
0.000000
0.000000
0.000000
0.000000
0.000000
0.000000
0.000000
0.000000
0.000000
0.000000
0.000000
0.000000
-0.000000
-0.000000
-0.000000
-0.000000
-0.000000
-0.000000
-0.000000
-0.000000
-0.000000
-0.000000
-0.000000
-0.000000
-0.000000
-0.000000
-0.000000
-0.000000
-0.000000
-0.000000
-0.000000
-0.000000
-0.000000
-0.000000
-0.000000
-0.000000
-0.000000
-0.000000
-0.000000
-0.000000
-0.000000
-0.000000
-0.000000
-0.000000
-0.000000
-0.000000
-0.000000
-0.000000
-0.000000
-0.000000
-0.000000
-0.000000
-0.000000
-0.000000
-0.000000
-0.000000
-0.000000
-0.000000
-0.000000
-0.000000
-0.000000
-0.000000
-0.000000
-0.000000
-0.000000
-0.000000
-0.000000
-0.000000
-0.000000
-0.000000
-0.000000
-0.000000
-0.000000
-0.000000
-0.000000
-0.000000
-0.000000
-0.000000
-0.000000
-0.000000
-0.000000
-0.000000
-0.000000
-0.000000
-0.000000
-0.000000
-0.000000
-0.000000
0.000000
0.000000
0.000000
0.000000
0.000000
0.000000
0.000000
0.000000
0.000000
0.000000
0.000000
0.000000
0.000000
0.000000
0.000000
0.000000
0.000000
0.000000
0.000000
0.000000
0.000000
0.000000
0.000000
0.000000
0.000000
-0.000000
-0.000000
-0.000000
-0.000000
-0.000000
-0.000000
-0.000000
-0.000000
-0.000000
-0.000000
-0.000000
-0.000000
-0.000000
-0.000000
-0.000000
-0.000000
-0.000000
-0.000000
-0.000000
-0.000000
-0.000000
-0.000000
-0.000000
-0.000000
-0.000000
-0.000000
-0.000000
-0.000000
-0.000000
-0.000000
-0.000000
-0.000000
-0.000000
-0.000000
-0.000000
-0.000000
-0.000000
-0.000000
-0.000000
-0.000000
-0.000000
-0.000000
-0.000000
-0.000000
-0.000000
-0.000000
-0.000000
-0.000000
-0.000000
-0.000000
-0.000000
-0.000000
-0.000000
-0.000000
-0.000000
-0.000000
-0.000000
-0.000000
-0.000000
-0.000000
-0.000000
-0.000000
-0.000000
-0.000000
-0.000000
-0.000000
-0.000000
-0.000000
-0.000000
-0.000000
-0.000000
-0.000000
-0.000000
-0.000000
-0.000000
0.000000
0.000000
0.000000
0.000000
0.000000
0.000000
0.000000
0.000000
0.000000
0.000000
0.000000
0.000000
0.000000
0.000000
0.000000
0.000000
0.000000
0.000000
0.000000
0.000000
0.000000
0.000000
0.000000
0.000000
0.000000
-0.000000
-0.000000
-0.000000
-0.000000
-0.000000
-0.000000
-0.000000
-0.000000
-0.000000
-0.000000
-0.000000
-0.000000
-0.000000
-0.000000
-0.000000
-0.000000
-0.000000
-0.000000
-0.000000
-0.000000
-0.000000
-0.000000
-0.000000
-0.000000
-0.000000
-0.000000
-0.000000
-0.000000
-0.000000
-0.000000
-0.000000
-0.000000
-0.000000
-0.000000
-0.000000
-0.000000
-0.000000
-0.000000
-0.000000
-0.000000
-0.000000
-0.000000
-0.000000
-0.000000
-0.000000
-0.000000
-0.000000
-0.000000
-0.000000
-0.000000
-0.000000
-0.000000
-0.000000
-0.000000
-0.000000
-0.000000
-0.000000
-0.000000
-0.000000
-0.000000
-0.000000
-0.000000
-0.000000
-0.000000
-0.000000
-0.000000
-0.000000
-0.000000
-0.000000
-0.000000
-0.000000
-0.000000
-0.000000
-0.000000
-0.000000
0.000000
0.000000
0.000000
0.000000
0.000000
0.000000
0.000000
0.000000
0.000000
0.000000
0.000000
0.000000
0.000000
0.000000
0.000000
0.000000
0.000000
0.000000
0.000000
0.000000
0.000000
0.000000
0.000000
0.000000
0.000000
-0.000000
-0.000000
-0.000000
-0.000000
-0.000000
-0.000000
-0.000000
-0.000000
-0.000000
-0.000000
-0.000000
-0.000000
-0.000000
-0.000000
-0.000000
-0.000000
-0.000000
-0.000000
-0.000000
-0.000000
-0.000000
-0.000000
-0.000000
-0.000000
-0.000000
-0.000000
-0.000000
-0.000000
-0.000000
-0.000000
-0.000000
-0.000000
-0.000000
-0.000000
-0.000000
-0.000000
-0.000000
-0.000000
-0.000000
-0.000000
-0.000000
-0.000000
-0.000000
-0.000000
-0.000000
-0.000000
-0.000000
-0.000000
-0.000000
-0.000000
-0.000000
-0.000000
-0.000000
-0.000000
-0.000000
-0.000000
-0.000000
-0.000000
-0.000000
-0.000000
-0.000000
-0.000000
-0.000000
-0.000000
-0.000000
-0.000000
-0.000000
-0.000000
-0.000000
-0.000000
-0.000000
-0.000000
-0.000000
-0.000000
-0.000000
0.000000
0.000000
0.000000
0.000000
0.000000
0.000000
0.000000
0.000000
0.000000
0.000000
0.000000
0.000000
0.000000
0.000000
0.000000
0.000000
0.000000
0.000000
0.000000
0.000000
0.000000
0.000000
0.000000
0.000000
0.000000
-0.000000
-0.000000
-0.000000
-0.000000
-0.000000
-0.000000
-0.000000
-0.000000
-0.000000
-0.000000
-0.000000
-0.000000
-0.000000
-0.000000
-0.000000
-0.000000
-0.000000
-0.000000
-0.000000
-0.000000
-0.000000
-0.000000
-0.000000
-0.000000
-0.000000
-0.000000
-0.000000
-0.000000
-0.000000
-0.000000
-0.000000
-0.000000
-0.000000
-0.000000
-0.000000
-0.000000
-0.000000
-0.000000
-0.000000
-0.000000
-0.000000
-0.000000
-0.000000
-0.000000
-0.000000
-0.000000
-0.000000
-0.000000
-0.000000
-0.000000
-0.000000
-0.000000
-0.000000
-0.000000
-0.000000
-0.000000
-0.000000
-0.000000
-0.000000
-0.000000
-0.000000
-0.000000
-0.000000
-0.000000
-0.000000
-0.000000
-0.000000
-0.000000
-0.000000
-0.000000
-0.000000
-0.000000
-0.000000
-0.000000
-0.000000
SCALARS sample_0 float 1
LOOKUP_TABLE default
0.241636
0.395609
0.498916
0.028126
0.054401
-0.688576
-0.606784
-0.309322
-0.104815
-0.279406
-0.291440
0.273775
0.426886
0.391752
0.510599
0.703115
0.650719
0.333713
0.718422
0.648442
-0.202821
0.080177
0.288615
0.537817
0.553289
-0.207106
-0.789087
-0.893393
-0.490402
-0.101949
-0.868886
-0.830800
-0.085934
0.121444
0.113699
-0.272771
-0.564495
-0.278482
-0.151518
-0.310185
-0.386336
0.078271
-0.044843
0.095193
0.036358
-0.180906
-0.423362
0.035519
-0.179778
0.059475
-0.296974
-0.270215
-0.517481
-0.667958
-0.638542
-0.161632
-0.131122
-0.077532
0.138396
0.083110
-0.248168
-0.157420
-0.267904
-0.093078
-0.325234
0.177103
0.757360
0.416240
0.541062
0.393336
0.408981
0.393350
0.094176
-0.140036
-0.321506
-0.006016
-0.090077
-0.340348
0.015881
-0.258939
-0.072162
-0.090964
0.490581
0.422337
0.606858
0.716905
0.376798
0.562125
0.282928
0.389359
0.672541
0.335273
0.141193
0.090107
-0.164778
-0.512184
-0.226246
-0.196305
-0.707236
0.103368
0.006935
0.271147
0.094957
-0.283303
-0.300936
-0.130464
-0.545125
-0.398861
0.052832
-0.078688
-0.321065
-0.272014
-0.152472
0.176012
0.458634
0.690736
0.578216
0.203102
0.844620
0.456369
0.154068
0.269911
0.286296
0.613133
0.366023
-0.121127
-0.571994
-0.636565
-0.424611
-0.179653
-0.338384
-0.408819
-0.099048
-0.026638
-0.352780
-0.748814
-0.855069
-0.397826
-0.373365
-0.546646
-0.547768
0.086563
0.299535
0.257509
-0.120251
-0.059330
-0.203471
-0.189365
-0.357600
-0.407096
-0.186736
-0.073227
-0.029285
-0.361740
-0.412972
-0.218402
-0.140927
-0.266855
0.030484
-0.131582
-0.142438
-0.053682
0.082307
-0.057277
0.471155
0.775624
0.803537
0.725925
0.031282
0.212724
0.299244
0.308466
-0.160859
-0.366209
-0.261301
0.090100
0.415094
0.427617
0.630375
0.190214
0.107915
0.005633
0.193658
0.468290
0.529535
0.159362
0.174431
0.297697
0.605941
0.294089
0.196895
0.008269
-0.272883
-0.010009
-0.324236
-0.806798
-0.472587
0.009567
-0.397750
0.386052
-0.090242
0.216264
-0.063163
-0.012994
-0.347390
-0.579809
-0.750330
-0.547067
-0.407120
-0.020034
-0.230601
-0.108973
0.139477
0.414853
0.055301
0.360472
0.280427
0.254873
0.501083
0.148552
-0.075457
0.363527
0.291005
0.506977
0.236820
-0.405298
-0.402700
-0.253237
-0.249253
-0.340033
-0.698049
-0.213966
0.167779
0.267501
-0.136013
-0.553015
-0.561880
-0.247351
-0.283862
-0.328008
-0.446597
0.014861
0.650488
0.623345
-0.073016
-0.299263
-0.183041
-0.018716
0.148940
0.037410
-0.071597
0.009252
-0.026956
-0.491358
-0.494601
-0.024210
-0.100909
0.003348
0.125701
-0.015518
-0.331435
-0.433884
0.260174
0.367408
0.528335
0.692075
0.620776
0.297930
0.282604
0.003709
0.045403
0.216109
-0.447509
-0.124235
-0.049517
-0.151340
0.011277
0.375881
-0.056502
-0.084610
-0.302423
0.041402
0.223419
0.552256
0.530416
0.139552
-0.234555
-0.036006
0.113424
0.095907
0.600706
0.304673
0.067188
0.122774
0.010250
-0.321660
-0.163993
0.415952
0.661620
0.371021
0.190979
-0.158143
-0.474638
-0.514308
-0.551568
-0.667477
-0.762775
-0.385565
-0.339594
-0.378396
-0.084675
0.161344
0.445650
0.547521
-0.150207
-0.160395
-0.145868
0.342465
0.179389
-0.319152
-0.113006
0.110159
0.047902
0.438970
0.651246
-0.272447
-0.503898
-0.469425
0.009617
-0.117888
-0.541041
0.165774
0.067144
0.062324
-0.045666
-0.222693
-0.116273
-0.157293
-0.136365
0.035840
-0.065780
0.337425
0.246925
0.459436
-0.264486
-0.412079
-0.438779
0.072231
-0.266186
0.103655
-0.094738
0.060594
-0.155889
0.047611
-0.276374
-0.267532
0.311806
0.335199
0.016844
0.031785
-0.160493
-0.183759
0.523741
0.295639
0.397476
0.416927
0.038586
-0.469375
0.116243
0.066862
0.014264
-0.089086
-0.362717
-0.237663
-0.075987
0.262638
0.282006
0.581200
0.057697
-0.014710
-0.463662
-0.359986
-0.153883
0.263795
0.301275
0.068996
0.001786
-0.169807
0.173495
0.115894
-0.072533
0.226269
-0.152934
-0.348917
0.068903
-0.440233
-0.333151
0.091059
0.440806
-0.022325
0.231659
-0.477074
-0.346491
-0.645274
-0.776043
-0.457256
-0.244399
-0.457625
-0.697452
-0.780355
-0.105374
0.086866
0.228244
0.093871
-0.171251
0.041908
-0.323492
0.103881
0.136266
0.174468
-0.060177
0.056713
0.272646
-0.173615
0.238178
0.035036
-0.132594
0.180059
0.095937
-0.044116
-0.371065
0.033139
-0.115622
0.046259
-0.035431
0.333588
0.206699
-0.102705
-0.084952
-0.130203
0.257698
0.582133
0.414934
0.428001
-0.495906
-0.121168
-0.396577
-0.134332
-0.382756
-0.278020
0.173642
0.016139
0.113363
0.363241
0.353023
0.160480
0.612809
0.318459
-0.055532
0.134212
-0.065251
0.028576
0.268449
0.211886
0.475531
0.133499
-0.121023
-0.304740
0.170891
0.134273
-0.155168
0.145381
-0.020818
-0.000909
-0.036549
-0.004298
-0.029480
0.157401
0.189343
-0.099709
-0.243610
-0.039345
0.082843
0.381611
0.144013
0.270305
0.107379
0.224179
-0.015762
0.270757
0.396905
0.411947
0.412990
-0.062037
-0.392094
-0.463592
-0.472284
-0.423485
-0.128727
0.402567
-0.621068
-0.749815
-0.317984
-0.564873
-0.651818
-0.458088
-0.508285
-0.165023
-0.125737
-0.078094
0.131318
0.223093
0.497074
-0.055318
-0.557973
-0.220693
-0.068984
0.055357
0.182952
0.208811
0.575688
0.294739
0.228517
-0.023995
0.127208
0.085998
0.492560
0.286584
0.033985
-0.253661
-0.150366
-0.098226
0.292879
0.330390
-0.156159
-0.051096
0.035307
-0.334821
-0.110828
0.023481
0.209788
0.051920
0.527085
0.468457
-0.023747
0.025820
-0.015932
0.263114
0.016667
0.214733
0.285730
-0.121701
-0.200656
0.436902
0.534991
0.401634
0.722980
0.604943
0.142265
-0.295913
-0.292965
0.256908
0.551090
0.281063
0.265592
0.417586
0.668200
0.081430
-0.102373
-0.084032
-0.098502
0.636750
0.647215
0.260389
-0.250180
-0.234682
-0.376982
0.344744
0.108833
0.186113
0.215585
0.049539
-0.049424
0.207134
-0.045334
0.128631
0.364389
-0.021914
-0.014725
-0.067376
-0.366279
0.014668
-0.257706
-0.175296
-0.557342
-0.291502
-0.793893
-0.370756
-0.196000
0.506732
-0.681360
-0.481797
-0.682583
-0.667756
-0.454586
-0.240786
-0.557661
-0.157911
-0.067779
0.586073
-0.042249
0.004982
0.182176
0.200897
0.087629
0.083392
-0.008725
0.047590
0.017701
-0.062944
0.118243
0.235925
-0.423860
0.098021
0.111492
0.124756
0.591890
0.701254
0.122354
0.377838
0.108059
-0.232849
-0.276944
0.217404
-0.193591
0.008511
0.055382
-0.062226
0.231827
-0.009853
-0.033033
-0.018418
0.092897
0.078298
0.122955
-0.018264
-0.083888
0.160749
0.183094
0.294642
-0.016143
-0.276995
-0.247556
-0.120488
0.330298
0.086709
0.351295
0.381319
-0.157817
-0.303604
-0.087634
0.184518
0.304332
0.366464
0.478373
0.063525
0.309305
-0.167498
-0.454098
-0.391308
-0.124485
0.018982
0.400197
0.314060
0.024119
0.087431
-0.098339
-0.047166
0.491703
0.340999
0.446191
-0.039626
0.083264
0.284452
0.113072
-0.001548
0.358499
0.268183
0.111920
-0.164724
-0.177569
-0.289079
-0.206770
-0.037111
-0.380650
-0.180903
-0.211714
-0.485860
-0.180596
-0.528323
-0.499836
-0.710436
-0.734132
-0.932339
-0.521991
-0.054263
-0.087750
0.223294
0.014882
0.249571
0.253695
0.105050
0.202018
0.362959
0.254659
0.151297
-0.202298
0.013592
0.003440
0.118768
-0.053199
-0.026081
0.112903
0.448149
0.382241
0.310967
0.100469
0.591917
0.355877
0.737637
0.072052
0.073037
-0.374624
-0.687118
-0.427602
-0.053293
0.184248
0.134721
0.054982
-0.301967
-0.393272
-0.534212
-0.568494
-0.334927
-0.249463
-0.138198
-0.292580
-0.155333
0.057254
-0.206633
0.227466
-0.002158
-0.132776
-0.145956
0.388079
0.088402
-0.053351
-0.047193
-0.207661
-0.215144
0.073386
0.514053
0.804196
0.907884
0.356814
0.392895
0.068315
-0.269126
-0.632287
-0.360132
-0.277650
-0.219061
-0.030308
0.187804
0.173348
0.074962
0.123550
0.315502
0.184312
-0.043018
-0.015013
0.170708
0.226966
0.209497
0.283954
0.126368
0.538831
0.171417
0.225625
0.103400
0.093533
-0.230092
0.008678
-0.391680
-0.612306
-0.366748
-0.000806
-0.024950
-0.260240
-0.651225
-0.247786
0.115939
0.016183
-0.143370
-0.049331
-0.213378
0.277430
0.258465
-0.247935
0.487872
0.136507
0.390184
0.170498
0.105464
0.260836
0.325686
-0.026511
-0.136868
-0.144147
-0.181186
-0.158372
-0.003179
0.015448
0.253891
0.188061
0.060478
0.263387
0.535782
0.438569
0.544598
0.153212
0.467873
-0.047171
-0.359416
-0.237148
-0.203029
0.210396
0.642864
0.276110
0.034710
0.419184
0.294826
0.130532
-0.126066
-0.093056
-0.173129
-0.158853
-0.267364
0.085905
0.113258
0.176659
0.228642
0.283298
0.296108
0.302965
-0.401607
-0.310970
-0.105039
-0.431855
0.027328
0.062268
0.114768
0.420001
0.365361
-0.069097
0.038035
-0.151132
-0.192630
0.143294
0.021607
-0.257480
-0.316196
-0.021715
0.281941
0.242804
-0.086571
-0.084070
0.115155
0.028748
-0.088635
-0.480158
0.335317
0.009416
0.047646
0.372096
0.060463
0.348523
0.230249
0.507273
-0.032109
0.061873
-0.457704
-0.243126
-0.028123
-0.500811
-0.189268
0.157739
-0.125652
-0.358908
-0.874295
0.130414
0.178034
0.295212
0.109540
0.214128
0.037333
0.378616
0.106193
-0.241280
0.040986
0.120990
0.578553
0.097927
0.132061
0.075430
0.154561
-0.042129
-0.133138
-0.105579
-0.142672
0.018435
-0.467666
0.019347
0.138160
0.062258
-0.149580
0.015896
-0.124618
0.061300
0.087466
0.078156
0.033631
0.054290
-0.163490
0.063678
-0.102483
0.278883
0.684510
0.484275
0.210486
0.447659
0.509072
0.225565
0.137811
-0.090132
-0.182708
-0.017774
-0.294678
0.413463
0.151005
-0.203391
-0.273236
-0.293128
-0.440573
-0.140702
-0.693350
-0.497831
0.158415
-0.423726
-0.071693
-0.006735
0.356357
0.458144
0.289130
-0.070728
0.462892
0.091879
-0.274787
-0.166112
-0.098275
-0.111733
0.098275
0.185042
0.475668
0.196170
0.381990
0.337870
0.054969
-0.358586
-0.534713
-0.723731
0.005199
0.383486
0.184824
0.140744
0.135318
0.113128
0.091770
-0.020852
-0.152112
-0.240024
-0.378565
-0.255554
-0.106657
-0.249644
-0.198838
0.255509
0.066554
0.139442
-0.309310
0.577666
0.145837
0.257276
-0.059185
0.001884
-0.165703
0.284182
0.194393
0.277381
0.234372
0.428113
0.589766
0.196744
0.205789
-0.383205
-0.276025
-0.149249
0.048503
-0.145010
-0.186140
-0.186851
-0.040861
0.114777
-0.212080
-0.201576
-0.408979
-0.184964
-0.356316
-0.031716
0.382229
0.274720
0.012994
-0.032188
-0.020130
0.033611
-0.098707
0.092987
0.345426
0.182495
-0.141890
-0.039748
-0.156489
0.253567
0.318175
0.000783
-0.105013
-0.131619
0.200181
0.699469
0.305863
-0.250663
0.054578
-0.136452
-0.460851
-0.435846
-0.637921
-0.259522
0.078284
-0.052269
0.220466
0.595334
0.832399
0.248799
0.256665
-0.212358
0.101527
0.174942
0.079631
-0.057967
0.029080
0.105344
0.209979
0.148823
0.001306
0.087033
0.489809
0.068594
-0.236089
-0.521028
0.103898
0.033058
0.125466
0.064839
-0.292127
-0.287436
0.158110
0.105855
0.148224
-0.125900
-0.176242
0.273997
0.057664
-0.241511
-0.568105
-0.361348
-0.635938
-0.371312
0.029308
-0.107990
-0.707535
0.214161
0.026801
-0.138702
-0.302134
-0.024517
-0.110586
-0.075120
0.257334
0.549868
0.374327
0.243408
0.416052
0.219775
0.081949
-0.154297
-0.226210
0.299248
-0.107392
0.018255
-0.257136
-0.237815
-0.091379
0.407177
-0.408467
-0.287857
-0.166436
-0.229053
-0.229882
0.124572
0.381163
0.219247
-0.281554
-0.438879
-0.339128
-0.361819
-0.405993
0.104366
0.111207
0.261367
0.291102
0.230323
-0.140113
-0.148216
-0.019340
0.185657
0.157555
0.216354
0.098301
0.502875
0.513319
0.383999
0.260978
0.197882
-0.055900
-0.183338
-0.263457
-0.328825
0.049063
0.163621
0.337759
0.141320
0.341649
-0.079271
-0.106646
-0.310624
-0.334906
-0.119806
0.469990
-0.232929
0.271862
0.266861
0.134217
0.051136
-0.489529
0.415812
0.917042
0.906053
0.145876
0.292399
0.451119
0.089761
0.224212
0.128126
-0.213423
-0.444812
-0.173511
0.384817
0.211922
0.212833
0.086636
0.216111
0.071758
0.068670
-0.090868
-0.110749
-0.253023
-0.094126
-0.413316
-0.137453
-0.370520
-0.251153
0.119965
-0.047628
-0.227995
0.007423
0.100240
0.297156
0.129580
0.452941
0.229112
0.292234
0.007659
0.231746
0.305146
-0.090164
-0.361959
-0.372996
0.095959
0.040248
-0.002602
-0.197502
0.130616
-0.109303
-0.479427
0.010934
0.044490
-0.358985
-0.189079
0.127027
0.401755
0.375968
0.094904
-0.049597
-0.466026
-0.565870
-0.486552
-0.117566
-0.096386
0.097483
0.463865
0.125599
-0.304494
-0.521729
-0.106709
0.012901
0.009600
0.017064
-0.028352
0.394949
0.598166
0.364064
-0.036938
-0.437242
0.054665
0.051660
-0.136825
-0.067864
-0.010862
0.563679
0.521723
0.203601
0.403626
0.020621
-0.215821
-0.196622
-0.209740
-0.111544
0.184248
-0.087703
-0.190514
0.214128
-0.419162
-0.293560
-0.521866
0.162743
0.359430
0.601981
0.727442
0.280579
0.440672
0.525088
0.317872
0.322017
0.070190
-0.362014
-0.116348
0.269614
0.749411
0.544626
-0.236283
-0.128745
-0.373405
-0.009492
-0.328624
-0.303348
-0.213334
-0.413147
-0.468532
-0.208508
0.187438
-0.384136
-0.176285
-0.167626
-0.404739
-0.036816
-0.194353
-0.193550
0.176392
0.116974
-0.320600
0.008087
-0.340810
-0.412739
-0.302989
-0.268734
-0.252044
0.087635
0.505356
-0.202499
-0.226466
-0.457355
-0.331496
-0.321490
-0.108553
-0.433843
-0.038222
-0.217154
-0.123410
-0.345973
-0.478457
0.160110
0.013655
-0.116349
-0.245830
-0.185241
0.078372
-0.286242
-0.097648
0.032899
-0.045016
-0.047556
-0.242434
-0.295232
-0.068819
-0.075711
0.054015
0.423162
0.506552
0.545105
0.205329
0.035701
-0.010710
-0.136471
0.344210
0.154089
-0.257079
-0.229989
0.298325
0.389193
0.135761
0.365938
0.351694
-0.018711
-0.530062
-0.261448
-0.143722
-0.143240
-0.131502
-0.205066
-0.095424
-0.097551
-0.214072
-0.336878
-0.414732
-0.111269
-0.172822
0.197699
0.494706
0.442153
0.638822
0.335459
-0.026498
-0.189650
-0.253851
-0.425114
-0.252633
0.590701
0.716044
0.708470
-0.106709
-0.280474
-0.713490
-0.667168
-0.420941
-0.143749
0.229246
-0.371513
-0.307816
-0.241337
0.200064
-0.251465
-0.192360
-0.228399
-0.348151
-0.114948
-0.001314
0.181408
0.011907
-0.069432
-0.194315
0.108469
-0.169171
-0.333198
-0.409331
-0.376543
-0.533244
-0.394052
-0.265909
-0.594204
-0.027304
-0.606767
-0.592783
-0.266320
-0.068032
-0.320910
-0.456521
-0.705502
-0.164444
-0.489986
-0.069479
0.052992
-0.084508
0.062934
-0.291777
-0.229371
-0.339052
-0.060205
0.122065
0.605514
0.244054
0.358254
0.071529
0.419519
0.004966
-0.007069
0.123361
0.370849
0.318332
-0.303520
0.091943
0.130991
0.110310
0.311450
-0.048399
-0.229084
-0.055928
-0.255039
-0.234381
-0.013877
0.392379
0.201348
-0.366924
-0.153995
-0.481136
-0.335433
-0.055048
-0.132574
-0.262560
-0.416000
-0.032940
-0.209070
0.210810
-0.217840
-0.256453
0.333260
-0.035709
0.192747
0.316634
0.308717
0.279242
-0.010367
-0.478193
-0.447531
-0.362818
-0.256763
0.381438
0.964809
0.707116
0.347730
0.016029
-0.212226
-0.399904
-0.350080
-0.262627
0.283030
0.069699
-0.555491
-0.256046
-0.028016
0.066962
-0.143700
0.491257
0.112026
0.023677
0.276516
0.132348
0.329859
0.090777
0.279153
0.164786
0.046260
-0.112203
-0.283887
-0.442888
-0.262040
-0.566995
-0.433794
-0.413255
-0.529932
-0.421545
-0.423754
-0.506981
-0.652673
-0.330911
-0.441133
-0.752857
-0.557394
-0.404924
-0.101602
-0.278494
0.057574
-0.039674
-0.333295
0.152158
-0.009339
-0.521454
-0.289409
-0.028593
0.428576
0.470447
0.222194
0.110155
0.380309
0.297184
0.233430
0.361990
0.392760
0.330749
-0.358003
-0.286295
0.089477
0.421964
0.091614
-0.293487
-0.158044
0.001779
0.037038
-0.283645
0.116979
0.799116
0.436372
0.314047
0.385374
-0.161352
-0.644325
-0.518096
-0.468799
-0.336966
-0.321868
-0.132157
-0.482140
-0.267053
-0.228715
-0.366749
-0.276266
-0.001979
-0.002206
-0.211832
-0.126265
0.081808
-0.004363
-0.037789
-0.012368
0.114434
-0.148319
-0.148800
0.603289
0.379504
0.369339
0.009087
-0.216406
-0.157662
-0.102583
0.084083
0.318577
0.439961
-0.297511
-0.521196
-0.168146
-0.304277
-0.435372
0.008025
0.251946
-0.050463
-0.051900
0.207616
0.356284
0.260786
0.308222
0.258922
-0.077839
-0.491077
-0.324131
-0.140359
-0.227661
-0.074830
-0.036192
-0.035602
0.101655
-0.382121
-0.160965
-0.022331
-0.285941
-0.101750
-0.413301
-0.508756
-0.246826
-0.333181
-0.415128
-0.290802
0.555727
0.251883
0.033469
-0.017609
0.311141
-0.060007
-0.294622
-0.057011
0.074647
0.384824
0.311400
0.149623
0.572867
0.555010
0.637397
0.088995
0.006644
-0.218112
-0.344503
-0.385976
0.211945
0.066940
0.042300
-0.030864
0.108139
-0.063875
-0.200300
-0.483801
0.075433
0.703076
0.342860
0.173618
0.390502
-0.398760
-0.403214
-0.254512
-0.710159
-0.569022
0.282081
-0.142565
-0.182162
-0.419393
-0.376334
-0.380795
-0.608718
-0.477633
0.086705
-0.385465
-0.270153
-0.090797
0.008632
-0.026471
-0.072199
0.144365
0.122323
0.157477
0.761315
0.074069
0.403750
0.082781
0.280670
0.232707
0.330894
0.605554
0.084763
-0.109728
-0.455607
-0.709816
-0.363897
-0.532699
-0.463298
-0.400125
0.059851
0.505158
0.086756
-0.125321
-0.156707
-0.286338
-0.053226
0.084864
-0.005241
-0.201951
-0.061668
-0.241662
-0.113663
-0.021016
0.027045
-0.138179
-0.093346
-0.585101
0.266521
-0.319709
-0.476900
-0.151866
-0.187128
-0.609324
-0.134416
-0.251660
0.084999
0.003215
0.294233
0.135453
-0.105927
0.227933
0.261697
0.519361
0.480376
0.258966
-0.277221
0.163187
0.126255
0.196798
0.365489
0.346817
0.128580
-0.234629
0.287792
-0.006943
-0.697231
-0.197701
0.011535
-0.321801
-0.263393
-0.042707
0.015379
-0.487119
-0.534628
-0.413413
0.207219
0.408238
0.438401
0.499085
0.452418
0.056659
-0.207325
-0.293791
-0.431236
-0.375715
-0.070817
-0.211004
-0.440096
-0.539478
-0.337998
-0.454689
-0.770790
-0.460463
0.150969
-0.418753
-0.108297
0.135553
-0.282011
-0.342761
-0.330930
0.031071
-0.000039
0.100813
0.470538
0.372496
0.076899
0.109325
-0.141512
-0.036947
0.062627
0.288065
0.147021
-0.018343
-0.176671
-0.566280
-0.354300
-0.019950
-0.417682
-0.007150
0.330842
0.377194
0.028351
-0.156546
-0.520471
-0.326603
-0.522042
-0.058493
0.035611
0.400400
-0.020218
-0.226916
0.241166
-0.216805
-0.059912
-0.201151
-0.884841
-0.615434
-0.037655
-0.150238
-0.199973
-0.281532
-0.424568
-0.390390
-0.283002
-0.434504
-0.153141
-0.307073
-0.031738
0.173824
-0.096195
-0.034546
0.034140
0.451045
0.340605
0.179183
-0.559522
-0.241022
0.030689
-0.049109
0.526009
0.364778
0.017182
0.218209
0.038682
-0.540373
-0.553509
0.023985
0.049103
0.218669
-0.106152
-0.272331
-0.231727
-0.325625
-0.368089
-0.587164
-0.234764
-0.079020
0.082867
0.451168
0.759891
0.190752
-0.048693
-0.367223
-0.296544
-0.410218
-0.121910
0.153663
0.143270
-0.396731
-0.249364
-0.627162
-0.626772
-0.732819
-0.447678
-0.054374
0.071890
-0.652226
-0.808538
-0.348750
-0.409160
-0.096982
-0.107212
-0.251973
0.214870
-0.075923
0.035540
0.040961
-0.124837
-0.059705
0.008745
0.321541
-0.197474
-0.044401
0.118590
-0.116190
-0.233478
-0.500416
-0.504407
0.412657
0.565698
0.392289
0.001958
-0.034217
-0.258129
-0.287189
-0.479055
-0.042845
0.045715
0.695697
0.279170
0.098147
0.127874
-0.142636
-0.312279
-0.353390
-0.680493
-0.063841
0.284427
0.212291
-0.194647
-0.378885
-0.103137
-0.325662
-0.357975
-0.140968
-0.188799
-0.297596
-0.311709
-0.003317
-0.109728
0.045928
0.065139
0.190807
0.128864
0.189014
-0.358259
-0.092114
-0.071004
0.053138
-0.070741
0.120472
-0.038413
0.221684
-0.323560
-0.305819
-0.360639
-0.456266
-0.373592
-0.065159
-0.106224
-0.328028
0.257622
-0.037199
-0.045539
-0.475391
-0.289056
0.309861
0.128041
0.387607
0.400570
-0.066139
-0.274529
-0.235454
0.087795
0.075900
0.010432
0.095485
-0.012722
-0.130444
-0.139381
-0.544076
-0.746317
-0.595533
-0.064427
0.078683
0.444971
0.054698
-0.594324
0.078232
0.026858
0.221017
-0.236411
-0.407351
-0.223567
0.290484
0.274956
0.336330
0.081067
0.050146
-0.367127
-0.166565
-0.000168
-0.061780
0.191012
0.041043
-0.111940
-0.311519
0.041921
0.358153
0.395089
0.069566
-0.024648
0.024620
0.014719
-0.280990
-0.231748
0.282196
0.216004
0.374471
-0.109140
0.066054
-0.207737
-0.145077
-0.116689
-0.181404
-0.746838
-0.156989
-0.095811
0.279844
-0.345636
-0.301959
-0.065115
-0.579392
-0.387264
-0.077636
-0.101949
-0.197289
0.045591
0.285125
0.192409
0.219350
-0.172440
-0.226685
-0.112629
0.187545
-0.128186
-0.258324
-0.122334
0.009297
-0.153530
-0.041320
0.090285
-0.466305
-0.622856
-0.267684
-0.494164
-0.564947
-0.453704
-0.334145
-0.363765
-0.306397
0.025736
-0.553605
-0.565169
-0.359589
-0.175508
0.011873
0.204286
0.537551
0.567577
0.122918
-0.387224
-0.032480
0.251443
0.281662
0.235727
-0.185302
-0.111421
0.174956
0.289440
-0.127822
-0.340788
-0.324605
-0.203513
0.166988
0.013226
0.033921
-0.415159
-0.171124
-0.386584
-0.334026
-0.723897
-0.841754
0.023604
0.476434
0.663523
0.187018
0.175876
0.042430
-0.140613
0.041489
0.178281
-0.012734
0.742351
0.576442
-0.162324
-0.518404
0.508003
0.603040
-0.203932
0.210043
0.216194
0.458247
0.345511
0.289284
0.261169
0.149073
0.394995
0.535395
0.279861
-0.120700
-0.331410
-0.537613
-0.478504
-0.595442
-0.732037
-0.194528
-0.354088
-0.024165
-0.115098
-0.136659
0.247161
-0.202220
-0.233216
-0.224997
-0.376736
-0.121467
0.109199
0.087034
0.002811
0.215886
0.170629
0.017748
0.001367
0.000460
0.267842
-0.007551
0.173914
0.327552
0.052782
0.078856
0.246971
-0.073494
-0.396532
-0.054426
-0.262962
-0.033723
-0.503089
-0.598656
-0.395084
-0.530042
0.220167
-0.408763
-0.129568
-0.407454
-0.242573
-0.249458
0.068295
0.032591
0.415081
-0.047375
-0.424425
-0.115725
0.282246
0.260232
0.305000
0.127882
-0.263370
-0.028805
0.105096
0.114036
-0.105621
-0.023302
0.089913
0.084486
0.025707
0.210819
-0.086107
-0.364305
-0.613473
-0.620259
-0.811580
-0.650180
0.406352
0.334373
0.191931
-0.069423
0.415501
0.436956
0.594762
0.440779
0.312713
0.340084
0.189622
0.849344
0.043599
-0.406005
0.096806
0.297952
0.110355
0.423350
-0.106218
-0.218873
0.359315
0.069591
0.137568
0.273448
0.348324
0.119790
-0.049190
0.087874
-0.595655
-0.642073
-0.842058
-0.726563
-0.669050
-0.158630
0.021387
0.016082
-0.079392
-0.102035
0.292505
0.306692
0.172698
0.224220
0.171331
0.124217
0.266004
-0.105164
-0.111503
0.221581
0.094646
-0.264791
-0.348174
-0.234954
0.219255
-0.065155
0.440088
0.306694
-0.028808
0.088891
0.249106
0.435247
0.333727
0.365358
0.158588
0.124250
0.087090
-0.530640
-0.373724
-0.028459
-0.058424
-0.277116
-0.070558
-0.455129
-0.404441
-0.168167
-0.217462
-0.206791
0.472014
-0.053496
-0.389603
-0.090262
-0.098574
-0.013392
0.162236
0.306999
-0.091111
-0.363134
-0.219660
-0.458099
-0.213817
0.077442
0.032024
0.095135
0.283428
0.451150
-0.316992
-0.293268
-0.371833
-0.398237
-0.367364
-0.009072
0.147872
0.211623
0.112027
0.357544
0.792601
0.670355
0.278212
0.228389
0.149166
0.453036
0.457003
0.401448
-0.104317
-0.144721
0.314133
0.406128
0.296927
0.427101
0.018896
-0.115462
-0.072587
0.181942
-0.051946
0.065201
-0.007643
-0.059674
-0.184707
0.170260
-0.001716
-0.624700
-0.710402
-0.725409
-0.336649
-0.063450
-0.021570
-0.311721
-0.346129
0.061386
-0.013751
0.110991
0.063149
0.075648
0.026406
0.198019
0.385423
0.032270
-0.426666
0.003502
0.203905
0.056959
-0.275181
-0.522205
0.179810
0.508429
0.425486
0.226451
-0.095555
0.302641
0.386983
0.284577
0.213867
-0.219435
-0.351104
0.154152
-0.151399
-0.403439
-0.162562
-0.250493
-0.276592
-0.092843
-0.152869
-0.202362
-0.329035
-0.401504
-0.173070
-0.173048
0.011700
0.205248
-0.217319
0.187189
-0.174877
0.026748
-0.075582
-0.421111
-0.319757
-0.361339
-0.673393
-0.685660
-0.004466
0.395756
-0.146868
0.076925
0.055901
0.124644
-0.286728
-0.246266
-0.440939
-0.329521
-0.132713
-0.155896
0.084484
0.395504
-0.020964
0.321611
0.700934
0.349021
-0.331409
-0.139838
0.190334
0.433307
0.383246
0.397320
-0.014049
-0.421303
0.458604
0.041883
-0.011218
0.237431
0.315786
0.376649
0.027037
0.319297
0.284104
-0.041814
-0.366446
0.034069
-0.329105
0.241363
-0.075214
-0.088635
-0.373812
-0.275590
-0.309603
-0.117410
-0.191950
-0.157090
-0.335938
-0.045170
-0.306941
0.156412
0.161426
0.003522
0.114590
-0.069549
-0.196087
-0.213117
-0.391372
-0.269465
-0.069231
-0.288734
-0.290982
-0.390371
-0.368074
-0.340018
0.236920
0.354327
0.123744
0.601107
0.836185
0.238208
-0.241645
-0.644598
-0.736987
0.046041
0.173740
0.150272
-0.140603
-0.324056
-0.101996
-0.136937
-0.289319
-0.256210
-0.529842
-0.150392
-0.038245
-0.139981
-0.107984
0.288874
-0.031950
0.204405
0.215618
0.100720
0.038552
-0.640380
-0.393175
-0.115256
-0.111467
-0.461997
-0.317954
-0.121217
-0.432581
0.161691
0.207132
-0.163771
-0.045647
-0.475066
-0.080312
-0.036210
0.009805
0.171397
0.427433
0.573478
0.049347
0.278861
0.225337
-0.009699
-0.219983
-0.021223
-0.062583
0.146801
0.239079
0.444559
0.134838
0.014063
0.072411
-0.067834
-0.230600
-0.311990
0.068120
0.525074
0.582758
0.295679
-0.026096
-0.094282
-0.374656
-0.273835
-0.372599
-0.054885
-0.297926
0.119518
-0.207159
-0.096797
0.186500
0.484678
0.139702
-0.069400
-0.198143
-0.137042
-0.148833
0.176862
-0.014617
0.427749
-0.356344
-0.195291
-0.207860
-0.447186
0.023959
0.066900
-0.120351
-0.250007
-0.305703
-0.223579
-0.351644
-0.099342
0.033743
-0.373940
-0.223928
0.085540
-0.001883
-0.043225
-0.103255
-0.576892
-0.363981
-0.143309
-0.362637
-0.046916
-0.252955
-0.294916
-0.436536
-0.410043
-0.583642
-0.432111
-0.468976
0.190678
0.216377
0.060666
0.107265
0.340009
0.454217
0.515211
0.292701
0.189588
0.086638
-0.315211
-0.116246
-0.169298
-0.486798
-0.449296
-0.657064
-0.516600
-0.702946
0.190600
0.171136
-0.053834
0.060857
0.145604
0.068702
-0.104399
0.179183
0.199037
0.517404
0.296159
0.072215
0.219299
-0.282103
-0.166519
-0.026438
0.024780
-0.223264
-0.089272
-0.186049
0.179794
0.348222
0.523709
0.502182
0.452294
0.499969
0.030551
0.152939
0.128908
-0.009906
0.019875
-0.140750
0.174496
-0.350371
-0.103136
-0.312352
-0.014626
-0.084790
0.190270
0.034022
0.254388
0.049531
0.283349
0.691026
-0.002977
-0.191295
-0.147052
0.009581
0.069589
-0.108675
0.355750
0.173030
-0.658991
-0.313723
0.739628
0.261977
0.210921
-0.068776
-0.355019
0.050756
0.359990
0.167532
-0.029812
-0.098180
-0.602046
-0.318855
-0.157765
0.143055
-0.009020
-0.545312
-0.410299
-0.085950
0.059158
-0.107081
-0.074404
0.102768
0.113897
-0.346678
-0.130044
-0.641684
-0.510461
-0.135187
0.080453
0.114728
-0.243714
-0.070775
0.046918
-0.114306
0.096376
-0.185809
-0.223458
-0.161822
0.150128
-0.089029
-0.591697
-0.732276
-0.788782
-0.548481
-0.304802
-0.315800
0.117543
0.113668
-0.283584
-0.064093
0.360393
0.274728
0.257570
0.154169
0.218154
0.432447
0.363571
-0.091812
0.017342
0.005518
-0.351268
-0.227153
-0.041357
-0.296122
-0.235367
-0.413854
-0.226232
0.001526
0.780162
0.034118
0.118513
0.011350
-0.113946
-0.160486
-0.162886
-0.095804
0.042478
-0.490804
-0.173697
-0.037158
-0.169842
-0.311553
0.101507
-0.147826
0.034280
0.375041
0.690434
0.701128
0.697952
0.897169
0.070733
0.173701
0.262786
0.267109
0.163669
0.345814
0.316631
0.033094
-0.162644
0.018526
0.426753
-0.115020
0.205352
0.055790
-0.463744
0.007378
0.645882
0.408735
0.482122
-0.062134
-0.053149
-0.358948
-0.446660
-0.278244
-0.130147
-0.807658
-0.449795
-0.031743
-0.070218
0.074997
0.238676
0.032139
0.354125
0.015817
-0.073711
-0.243891
-0.375600
0.022839
-0.258873
-0.400443
-0.545150
0.139995
0.151144
-0.035338
0.118794
-0.142702
-0.316701
0.025837
0.031149
0.111913
-0.427213
-0.134572
-0.489781
-0.920620
-0.456535
-0.222794
-0.144951
-0.230962
-0.590900
-0.187287
0.402126
0.222646
0.121214
0.423858
0.383745
0.672711
0.576550
0.168931
-0.095153
-0.182362
-0.381282
-0.128654
-0.222293
0.083651
-0.030861
-0.395575
-0.831849
-0.242195
0.270941
0.254171
-0.008666
-0.441729
-0.294111
0.295110
-0.141066
-0.192737
-0.179586
-0.240616
-0.324024
-0.454069
-0.440277
-0.412926
-0.311507
-0.385453
-0.235804
0.072598
0.423431
0.597032
0.731971
0.470873
-0.003527
-0.035467
-0.157529
-0.093963
0.010875
0.388186
0.372934
0.208214
-0.016448
0.313380
0.111366
0.208562
0.026156
0.030941
-0.119152
0.151191
0.399298
0.643826
0.219199
0.360768
0.298069
-0.127708
-0.200071
-0.177420
-0.471384
-0.424137
-0.333196
-0.035227
0.169436
0.151141
0.277535
0.274143
0.372298
0.181950
0.332806
0.057551
-0.008409
0.126030
0.073555
-0.194372
-0.315767
0.152062
0.081708
0.247542
-0.266201
-0.836371
-0.689672
-0.412640
-0.155453
0.165916
0.101123
-0.357503
-0.405105
-0.562172
-0.187368
-0.365912
-0.211903
-0.026009
-0.061118
0.055268
0.486545
-0.068500
0.176211
0.479520
0.645661
0.886368
0.446556
-0.206587
0.099428
-0.058842
-0.092252
-0.319829
-0.187946
0.001144
-0.437142
-0.658666
-0.902834
-0.629935
-0.546229
0.489651
-0.285141
-0.640102
-0.257991
-0.077417
0.160307
0.085793
-0.231079
-0.138946
0.018611
-0.348378
-0.215296
-0.237481
-0.232288
0.064412
0.171832
0.355443
0.120214
0.317834
0.543537
0.638642
0.322031
-0.425530
-0.577376
-0.366399
-0.147396
0.048477
0.271055
-0.013965
0.248795
0.315867
0.226201
0.142908
-0.057605
0.083472
-0.361274
-0.318034
0.096789
0.384728
0.072937
0.138016
0.236573
-0.100219
0.214984
-0.106446
-0.335327
0.063966
-0.263329
-0.127888
0.006203
-0.006013
0.390387
0.197046
0.186025
0.268472
0.191963
0.344924
0.258980
0.166958
0.142354
-0.625829
-0.307152
0.128312
0.002104
0.024700
0.046893
-0.703350
-0.847630
-0.370153
-0.205432
-0.372777
-0.333518
-0.489664
-0.538638
-0.543416
-0.638735
-0.297577
-0.148084
-0.134736
-0.128399
0.162312
0.364282
-0.163247
0.225167
0.190853
0.490247
0.395465
0.144888
0.009965
0.337313
0.587231
0.301785
-0.166535
-0.299867
0.039930
-0.227976
-0.246885
-0.434679
-0.196694
-0.284484
-0.169531
-0.235414
-0.773757
0.264894
0.647580
0.136890
-0.090861
-0.233628
-0.401915
-0.202416
-0.186369
0.146660
-0.601181
-0.062597
0.179340
0.224859
0.144520
0.152536
0.301589
0.378903
0.097290
-0.423929
-0.539950
-0.273645
-0.146574
0.137325
0.223231
0.070616
0.031922
0.209626
0.273942
0.108115
-0.136872
-0.209047
0.139520
0.153051
-0.505525
-0.288007
0.266670
0.109597
0.754791
0.484463
-0.170930
-0.201047
-0.113772
-0.184654
0.172473
0.075180
0.078354
0.243376
-0.179602
-0.024535
-0.058840
0.013084
-0.033068
0.100278
0.065035
0.277026
-0.072441
-0.265056
-0.304483
0.055285
0.266615
0.150898
0.201426
0.086719
-0.276390
-0.210584
-0.253996
-0.071446
-0.013314
-0.187158
-0.249434
-0.883657
-0.897653
-0.957077
-0.285781
0.051038
-0.168215
-0.435520
0.095223
0.440461
0.090485
0.344956
0.075520
0.100799
0.115072
-0.258831
-0.344140
0.033522
0.554509
0.115125
0.201532
0.430858
0.356021
-0.017401
0.053651
0.033473
0.275947
-0.214356
-0.421349
-0.116836
-0.279956
0.224701
0.536060
0.432790
0.129105
-0.267107
-0.516753
-0.162688
-0.122058
0.074930
-0.184629
-0.219060
-0.178574
-0.246535
-0.154802
0.128752
0.328169
0.086573
0.044447
0.286403
-0.265311
-0.535668
-0.253218
0.227296
0.913116
0.224437
0.259646
0.155904
0.461304
0.701250
-0.010240
-0.004589
-0.004400
0.019371
-0.387829
-0.437246
0.038573
0.351252
0.580818
0.685199
-0.170277
0.034122
0.143629
-0.128283
0.172960
0.084700
0.118029
0.290831
0.090558
-0.152265
-0.085057
-0.207080
-0.192320
-0.421262
-0.064045
0.382909
0.488818
0.163892
0.287072
0.180671
0.137847
0.302064
0.110544
0.150019
-0.387761
-0.135753
-0.086132
0.348303
0.333201
-0.070459
-0.178187
-0.515167
-0.520926
-0.564757
-0.269931
0.300760
-0.009542
-0.056918
0.144686
0.128114
0.076186
0.081761
0.086262
-0.083563
0.273431
-0.006945
-0.660887
-0.280781
-0.035588
0.007233
0.045379
0.014991
0.161853
-0.030254
0.684370
0.429600
0.448383
-0.125944
-0.493304
-0.462530
-0.346066
0.169869
0.176674
0.348193
0.161991
0.170641
-0.211541
-0.225932
-0.153682
0.128687
-0.030624
-0.199040
-0.453681
-0.038338
-0.297309
0.077129
0.042759
0.135673
0.321490
0.319788
-0.124687
-0.452860
-0.083376
0.545078
0.405365
-0.102318
0.030234
-0.137022
0.146953
0.061914
-0.153689
-0.325874
-0.397605
-0.301659
-0.609294
-0.727914
-0.097814
0.085067
0.277518
0.307142
-0.436088
-0.155215
0.349718
-0.099462
0.017336
0.029806
0.339615
0.088047
0.209190
-0.254729
0.143107
0.104902
-0.276381
-0.431963
-0.249764
0.160849
0.691140
0.209895
-0.151321
-0.119568
-0.358297
-0.052484
-0.134756
-0.386021
-0.780268
-0.394288
-0.029254
-0.026216
0.147136
0.082719
0.057848
-0.095027
-0.126594
-0.274207
-0.472985
0.136551
0.007990
0.084141
-0.046071
0.284891
0.021846
-0.027652
0.048116
-0.020809
0.214564
0.202554
-0.287737
-0.286126
0.125637
0.017418
0.224094
0.219263
-0.006595
-0.190723
0.347635
0.086705
0.382528
-0.294030
-0.565074
-0.202859
0.134669
0.116746
-0.131176
0.058038
-0.024155
0.170379
-0.034649
-0.240917
-0.309028
-0.226318
-0.157159
-0.586362
-0.626724
-0.312883
-0.208008
-0.151208
-0.250511
0.224953
0.871981
0.270011
0.339760
-0.033632
0.109260
0.046234
0.424776
0.178837
0.092084
0.045680
0.147488
-0.081847
-0.376834
-0.263370
-0.503567
-0.205746
-0.128202
-0.339844
-0.756521
-0.322738
0.279059
0.176493
-0.153237
-0.084656
0.276062
0.038762
-0.104230
0.257155
0.082146
-0.074904
0.139643
0.164723
0.348175
0.230356
0.369695
0.041095
-0.104827
-0.325926
0.142435
0.109664
0.263337
-0.100616
-0.096701
-0.110409
-0.453187
-0.240043
-0.377707
-0.479751
0.453746
0.459209
-0.097182
0.173982
-0.016606
0.137038
-0.150695
-0.070328
0.198083
0.349433
0.298355
0.328902
0.163363
0.563663
0.350876
-0.171442
0.147501
0.031538
-0.093364
0.200614
0.032549
-0.105653
-0.042563
0.368355
0.219298
0.519640
0.087616
0.173043
0.210746
0.294079
0.358401
-0.165074
-0.444100
0.015594
0.607506
0.398624
-0.087859
-0.312060
0.027592
0.579788
0.056323
-0.307722
-0.188529
-0.169190
-0.235917
-0.281756
0.010342
0.205283
0.005942
0.063365
0.060919
0.030402
0.226399
-0.035945
-0.139735
0.177923
0.302399
0.182682
-0.112593
0.020800
-0.042472
0.286481
0.406372
-0.105570
0.121786
-0.025729
0.041689
-0.681896
-0.541419
0.032145
-0.275077
-0.063662
-0.214717
0.101783
0.243095
-0.186922
-0.091214
-0.003386
0.095998
0.326427
0.122277
-0.034537
-0.069156
0.454885
0.169925
-0.206206
0.066614
-0.069196
0.175617
-0.791341
-0.294094
-0.408682
0.172076
-0.204266
0.354447
0.053650
-0.264500
-0.222707
-0.435891
-0.119918
0.111501
-0.029662
-0.105036
-0.141780
-0.165286
-0.063740
-0.260217
-0.163518
-0.105132
0.306627
0.485867
0.594984
0.303493
0.175718
0.284125
0.059194
0.137458
0.275615
0.102738
0.698002
0.184032
-0.032260
0.079836
0.170952
0.495218
0.432328
0.312711
0.014060
-0.193946
-0.475471
-0.183305
-0.464883
0.237893
0.119211
0.308691
0.598575
0.344168
-0.122674
0.560424
0.529354
0.147973
-0.059216
0.068748
-0.196155
-0.107639
0.187056
0.346386
0.021330
-0.178494
-0.252251
0.059734
0.068248
-0.019771
-0.065022
0.106350
0.812417
0.209905
0.559573
0.580769
0.567709
0.458289
0.463693
0.197355
0.333193
0.046455
-0.187413
-0.252597
-0.311825
-0.509354
-0.050386
0.416050
0.273634
0.192878
0.469405
0.359615
0.333742
0.058171
0.310451
0.047200
0.184727
0.307303
-0.046891
-0.252069
0.277980
-0.044642
-0.424195
-0.232968
-0.054394
-0.010027
0.005837
-0.252272
-0.222896
0.158675
0.015601
-0.019609
-0.072306
0.183524
0.245444
0.063796
-0.166049
-0.330157
-0.607211
0.295235
-0.166096
0.029510
0.042632
-0.086161
-0.079252
0.246840
0.547131
0.637211
0.641866
0.388307
0.466731
0.717793
0.190760
-0.188173
-0.104029
-0.123268
0.015714
-0.031254
-0.244666
-0.077094
-0.141178
0.438915
0.595407
0.765146
0.060658
-0.124134
-0.261351
0.073939
-0.030212
-0.113144
-0.033755
-0.158048
0.250155
0.482366
0.321533
0.410934
0.262539
-0.228276
-0.313088
0.485094
0.037812
-0.342396
0.204580
0.402370
0.141938
0.132120
-0.002351
0.043529
0.307631
-0.120060
0.335108
0.476232
0.237617
0.306759
0.509903
0.133186
0.655042
0.280235
0.167137
0.263348
0.029964
-0.086169
-0.140866
-0.493563
-0.189200
-0.710955
-0.680494
0.070020
0.071972
0.163751
0.530309
0.711908
0.625843
0.288135
0.317898
-0.208972
-0.347743
-0.344695
0.256726
0.043705
0.206203
-0.109200
-0.310317
-0.580416
-0.618167
-0.526370
0.200312
0.127395
0.235152
0.021563
-0.084238
-0.501841
-0.185468
0.053666
-0.030869
-0.140233
-0.162607
-0.293243
-0.278750
0.234728
-0.393749
-0.095450
0.241440
0.000203
-0.008588
-0.014941
0.232455
0.601008
0.566195
0.600746
0.436661
0.004842
0.220632
-0.255842
-0.364658
0.135651
-0.221813
-0.274152
0.088511
0.144027
0.308880
0.545444
0.430295
0.337082
0.147679
0.110721
-0.090063
-0.349048
-0.148336
-0.148444
0.321847
0.101155
0.477817
0.633956
0.797821
0.256791
0.202976
0.092423
0.307356
0.400589
0.244999
-0.020435
-0.085835
-0.039524
0.365941
-0.182623
-0.024799
-0.063119
0.083898
-0.087670
-0.013580
-0.125605
-0.289000
0.127492
0.104608
0.071597
0.308518
-0.018250
0.112970
0.210572
-0.170090
-0.166853
-0.208658
-0.446967
-0.409062
-0.475512
-0.428161
0.186243
-0.130795
-0.077797
0.545324
0.394094
0.172036
0.267208
0.260085
0.134967
-0.224592
0.133673
0.657592
0.307092
0.125742
0.022792
0.090673
-0.504058
-0.661792
-0.303558
-0.219352
-0.113528
-0.066475
-0.334074
-0.009661
-0.357404
-0.372664
-0.340219
-0.033949
-0.114589
-0.145110
-0.182062
-0.120045
0.274922
0.111926
0.000361
0.114492
-0.088273
-0.285164
0.164437
-0.059012
0.187290
0.308773
0.365390
-0.101757
-0.630250
-0.318370
-0.589910
-0.383886
0.083626
-0.274722
-0.062030
-0.507015
0.026090
-0.265284
-0.172655
0.232347
0.116019
-0.011964
-0.221010
-0.221155
-0.028517
-0.002292
-0.317987
0.085780
0.058588
0.458681
0.100775
0.732220
0.261105
0.202943
0.178643
0.160714
0.079938
0.198930
-0.118545
-0.418522
-0.303172
0.652257
0.728577
0.400184
0.292525
0.210190
0.130416
-0.230861
-0.142849
-0.202704
0.306103
0.312044
0.078548
0.294337
-0.149054
-0.161694
0.108100
-0.140167
-0.107913
-0.142499
-0.048809
-0.183096
-0.441028
-0.262929
-0.476235
-0.769868
0.024545
0.245282
0.542913
0.259960
-0.036883
-0.058906
0.016282
-0.386608
0.117432
0.399235
0.105314
0.156402
0.289426
0.026285
-0.369215
-0.468525
-0.450007
-0.407260
-0.010786
-0.132036
0.038448
-0.013663
-0.017840
-0.134937
-0.118943
-0.039378
-0.155325
-0.442079
0.005257
0.245569
0.284712
0.141958
-0.013488
0.108692
-0.282420
-0.123701
-0.299053
-0.868300
-0.260800
-0.113101
-0.149337
-0.221950
-0.456166
-0.518350
-0.044978
-0.044869
0.136494
-0.033888
0.182641
0.055706
0.386929
0.169868
0.241686
0.045548
-0.065674
0.232724
0.450685
0.468924
0.071537
0.123226
0.184045
-0.044132
0.189363
0.229448
-0.291524
-0.078014
0.245450
0.000722
-0.183201
-0.213999
-0.030182
0.157737
-0.095649
-0.336859
-0.001133
-0.115194
0.288412
0.290259
-0.029001
0.066239
-0.100640
0.070727
-0.272146
-0.154677
0.500976
0.572440
0.144621
0.207368
-0.347043
-0.518452
-0.121084
-0.436075
-0.089088
-0.419419
-0.508870
-0.531193
-0.397400
-0.308575
-0.412367
-0.489935
-0.175538
0.069694
-0.082710
0.107996
-0.270467
-0.028347
-0.043617
-0.395602
0.152343
0.500854
0.491396
0.270879
0.233530
0.434771
-0.075583
-0.354801
-0.303346
-0.206167
-0.151484
-0.119707
-0.131548
0.192003
-0.033897
-0.279140
0.291510
0.026961
0.104905
-0.279285
0.115940
0.008121
-0.082990
0.079732
-0.166698
-0.130519
-0.381606
-0.160072
-0.291255
-0.666489
-0.720354
-0.524212
-0.185892
0.107031
0.027341
-0.179191
0.285326
0.122704
0.240240
-0.089206
-0.074949
0.141826
0.447795
0.383633
-0.106720
-0.027133
-0.096110
0.113026
0.398694
0.422032
0.107957
-0.015305
0.576612
-0.084482
-0.403837
-0.163866
-0.435639
-0.046004
0.041509
0.093503
0.282673
-0.123590
-0.378306
-0.427559
0.190839
-0.050932
-0.245024
-0.080520
-0.024248
-0.153831
0.140866
0.563194
-0.167592
-0.441496
0.080931
0.248153
0.430619
0.375002
0.123707
-0.127958
-0.188442
-0.098410
0.026618
-0.294624
-0.246009
-0.159518
-0.411346
-0.229150
-0.653462
-0.164241
-0.117667
-0.881118
-0.684383
-0.633672
-0.619035
-0.174272
-0.256619
0.045715
0.273184
0.159798
0.168202
0.594496
0.416590
0.470860
0.314933
-0.103983
0.041366
-0.038304
-0.088182
-0.010151
-0.139607
-0.015862
-0.100973
-0.123107
0.175441
0.040710
0.055439
-0.040533
-0.166459
-0.116130
0.345997
0.131852
0.045594
0.360704
-0.049178
-0.102848
-0.082534
0.261092
0.240961
0.038003
-0.282094
-0.305551
-0.173977
0.134471
0.235530
-0.306169
-0.034239
0.315858
0.415765
0.194074
0.220496
0.266739
0.314454
-0.098908
-0.390258
0.099193
0.326626
0.191879
0.562223
0.513377
-0.094530
-0.262138
0.053356
-0.088170
0.129683
-0.206983
-0.523452
-0.144855
-0.050197
0.123628
0.252511
0.118494
0.249601
-0.379753
-0.090619
-0.080350
-0.529650
-0.120292
0.037329
-0.080012
0.494244
0.222079
-0.112082
0.267808
0.247914
0.339029
0.212775
0.365055
0.133314
0.024763
-0.218532
-0.340376
-0.150682
0.250046
-0.010904
-0.616987
-0.298803
-0.674064
-0.832188
-0.311138
-0.310443
-0.319876
-0.607245
-0.426073
-0.731794
-0.290674
-0.108347
-0.101467
-0.064614
-0.270170
-0.022469
0.505896
0.617057
0.311193
-0.048971
0.238732
0.566533
-0.013201
0.095516
0.135057
-0.345729
-0.088389
-0.205124
-0.301541
-0.186446
-0.196093
-0.195437
-0.407384
-0.431510
-0.182102
0.361692
0.198182
0.021328
-0.294742
-0.382266
-0.246090
0.124545
0.269551
0.053361
0.351497
0.373261
0.411720
0.260047
0.293401
-0.059347
-0.555936
-0.471503
-0.022039
0.027787
-0.036065
-0.004028
0.211720
0.533937
-0.136835
-0.078616
0.197212
0.260335
-0.046653
-0.091281
0.073390
-0.305579
-0.438967
0.066660
0.398600
-0.006342
-0.041508
-0.002182
0.068189
-0.137612
-0.034332
0.185994
-0.163721
-0.046677
-0.192455
-0.391628
-0.438105
-0.576129
0.090366
0.117372
0.219888
0.131000
0.420339
0.156781
0.357479
-0.033649
-0.028524
-0.187419
0.141318
0.091461
0.094147
-0.568995
-0.275898
-0.258051
-0.048380
-0.082904
-0.126873
0.132728
-0.377424
-0.610171
-0.171708
-0.351661
-0.034861
-0.007964
0.058269
0.178894
0.271563
0.119611
0.050858
0.089130
-0.271509
0.257031
0.186306
0.200555
0.120010
0.272234
0.272131
0.691050
-0.053825
0.095238
-0.438072
-0.099846
-0.279538
-0.083568
-0.690088
-0.818790
-0.616342
-0.167857
-0.400228
-0.374679
0.139548
0.451119
0.342955
0.249449
0.068467
-0.057074
-0.060388
-0.308878
-0.424826
0.018194
0.656686
0.673928
0.299325
0.243275
0.256078
0.315393
-0.236071
-0.113220
-0.400295
-0.601226
0.082045
0.024157
0.022079
0.166667
-0.113504
0.042124
0.420319
0.381569
-0.160808
-0.035907
-0.134380
0.089773
-0.186811
-0.269248
0.190085
-0.176983
0.342677
0.225885
0.116261
-0.218069
0.004660
-0.318011
-0.185168
-0.215712
-0.053965
-0.083134
-0.192734
-0.376339
0.083158
0.281130
0.414104
0.156716
-0.044738
0.514836
0.460078
-0.354069
-0.632851
-0.488505
-0.157708
-0.002605
-0.257524
-0.522160
-0.333583
-0.203044
-0.107810
-0.649416
0.005359
-0.102547
-0.358578
-0.370386
-0.273650
-0.409496
0.221966
0.567818
0.133734
0.166852
-0.006783
0.285669
0.149032
-0.315248
-0.432986
-0.275428
-0.084808
0.071850
0.243537
0.262535
0.367896
0.438061
0.380600
-0.182686
-0.459905
-0.150883
-0.121852
0.069454
-0.354263
-0.705828
-0.308467
-0.100608
0.072647
-0.296099
-0.019455
0.289825
0.326388
0.172117
0.012551
-0.039663
0.050534
0.047324
0.065372
0.098815
0.468985
0.600253
0.266591
0.242904
0.022691
0.187521
0.206889
-0.037568
-0.438905
-0.469596
-0.326671
-0.217349
-0.205581
-0.102861
-0.313635
-0.296627
0.185275
-0.160421
-0.517332
-0.324565
-0.534418
-0.304330
-0.319375
-0.220696
0.078756
-0.093387
-0.049253
0.093008
-0.086185
-0.308238
-0.370901
-0.124742
-0.189738
0.307364
0.462829
0.149113
-0.138840
0.019908
0.051216
0.543990
0.479965
-0.014428
-0.037302
0.030155
0.039745
0.006600
-0.349490
-0.427686
0.188478
0.184325
-0.206876
-0.484313
-0.554458
-0.383333
-0.335937
0.017207
0.390800
0.070522
-0.350123
-0.628011
-0.120256
-0.303015
0.320575
0.485344
0.213233
-0.277601
-0.173214
-0.162120
-0.469115
-0.517499
-0.395672
-0.540723
-0.063186
-0.106910
0.279793
0.252928
0.313911
0.568063
0.395041
-0.382689
-0.170216
-0.264220
0.130387
-0.069550
-0.103630
-0.546272
-0.168709
0.244080
0.231281
0.229885
0.269851
0.458140
0.322294
-0.161101
0.181174
-0.002687
-0.132080
0.027676
0.007624
0.296973
0.578020
0.615733
0.316015
0.346102
-0.230517
-0.306065
0.127584
-0.230779
-0.518135
-0.624604
-0.251113
-0.183492
-0.195529
-0.201905
0.080206
-0.084324
0.032174
0.272084
0.360011
-0.055085
-0.607531
-0.596832
-0.256155
-0.070244
0.100390
0.047970
0.315836
-0.115069
-0.022293
-0.045913
-0.199403
-0.224053
0.141327
-0.166332
0.090585
0.105360
-0.065545
-0.060092
0.267066
0.772139
0.375485
0.021565
-0.039314
-0.076738
-0.068403
0.056272
0.189634
-0.064042
0.289794
0.531143
0.121451
0.080025
-0.041065
-0.121697
-0.617687
-0.117382
-0.068495
0.049676
-0.604705
-0.690613
-0.133946
-0.247579
0.294391
0.254019
0.357963
-0.154168
-0.033343
-0.001796
-0.235313
-0.111006
-0.234507
-0.293896
0.034496
0.049163
0.409448
0.093470
0.235271
0.407630
0.254527
0.117719
0.090333
0.067201
0.108711
-0.216004
-0.454895
-0.501831
0.326753
0.169912
0.355649
0.409802
0.606621
0.223199
0.050026
-0.220367
-0.161669
-0.211892
0.077761
0.410647
0.383600
0.620575
0.274361
0.377480
0.441049
0.029467
-0.110785
-0.294293
-0.153498
-0.583803
-0.563183
0.067165
-0.242715
-0.109851
-0.337214
0.023467
0.040391
-0.058442
0.202751
0.521633
0.414577
0.394397
0.040574
-0.264877
0.052524
-0.618430
-0.636090
-0.149643
-0.141793
-0.004997
0.160203
0.154693
0.170196
-0.067461
-0.249276
-0.003533
0.423774
0.130257
0.194248
0.096522
0.169271
0.553797
0.432617
0.170025
0.088271
-0.333228
0.132749
0.124274
0.101301
0.146271
-0.241680
0.087918
0.072630
-0.008012
0.102243
0.188687
0.253251
0.112151
-0.218236
-0.104451
0.063150
-0.134013
-0.359684
-0.474640
-0.123768
-0.163743
-0.078334
-0.387943
-0.263639
-0.369079
-0.064930
-0.032148
0.213194
0.028981
0.015979
0.219865
0.119004
-0.069326
0.341604
-0.061899
-0.438053
-0.246389
0.060599
0.313055
0.145595
-0.045942
-0.316114
0.050011
0.487695
0.076651
0.023942
0.309400
0.363312
0.219240
-0.092468
-0.045829
-0.043611
0.083181
0.080606
0.140483
0.237271
0.482951
0.649056
0.580503
0.460735
0.450903
-0.175483
-0.555629
-0.262698
-0.160332
-0.413333
-0.186765
-0.094317
-0.018769
-0.138564
0.266784
0.034715
-0.230265
0.076856
0.511381
0.466505
0.196486
-0.067213
-0.249192
-0.016656
-0.553789
-0.605780
-0.142593
-0.125010
-0.020435
0.246377
0.209626
0.056102
0.018646
0.015483
-0.262959
-0.368638
0.037906
0.024127
0.112881
0.079651
0.565947
0.400520
-0.047841
0.028763
-0.141165
0.189125
-0.073317
0.032792
0.276803
-0.007777
-0.166953
0.099118
-0.108363
-0.084411
-0.432137
-0.072419
-0.414721
-0.568454
-0.536820
-0.246571
-0.047468
-0.102583
-0.093142
0.145027
-0.415114
-0.399322
-0.352618
-0.365334
-0.542473
-0.207448
-0.109766
-0.322796
-0.127103
-0.004400
0.141411
0.181491
-0.252531
0.437078
0.156028
-0.352854
-0.147949
0.072406
0.475166
0.555139
-0.211164
-0.356013
0.003416
0.191428
0.152549
0.550977
0.091792
0.017905
-0.140967
-0.155422
-0.464061
-0.312992
-0.083052
-0.106720
-0.358419
0.052055
0.405688
0.487368
0.868849
0.282324
0.087519
-0.379955
-0.171941
-0.170631
0.153379
-0.026278
-0.093086
-0.381532
-0.067946
-0.455348
0.206670
0.452342
0.410526
0.442511
0.386756
0.263157
0.072625
-0.279998
-0.123586
-0.339858
-1.257748
-0.733442
-0.026553
-0.145470
-0.058719
-0.017311
-0.516998
-0.161386
-0.455903
-0.295260
-0.410383
-0.658049
-0.509297
-0.124319
0.020019
0.281313
0.350354
0.459654
0.112375
0.195828
0.111628
0.120469
-0.122379
-0.131141
0.245445
0.037810
0.173064
-0.002614
0.276175
0.337707
0.043646
0.071121
-0.343867
-0.079757
-0.012186
0.150010
-0.354690
-0.121047
-0.349118
-0.078695
-0.374673
-0.592787
-0.755139
-0.694180
-0.440838
-0.037720
0.117539
-0.298376
0.159062
0.305467
0.749937
0.403690
-0.256385
-0.389406
-0.309950
-0.240588
-0.051711
0.217714
-0.097469
-0.216316
-0.244338
0.279985
0.101782
0.358265
0.189382
0.309003
0.260836
0.035361
0.044604
-0.135436
-0.232040
-0.008626
0.495449
0.489668
-0.138154
-0.560616
-0.251078
0.132445
0.087380
0.187708
-0.165615
-0.367472
-0.287001
-0.209036
-0.242245
-0.458704
-0.232711
-0.722571
-0.684277
-0.676363
0.065318
0.516519
0.078416
0.306902
0.170988
0.749563
0.075459
-0.263246
-0.339516
-0.080380
-1.100890
-0.371736
0.033395
0.024008
-0.572909
-0.445644
-0.438305
-0.187158
-0.047359
-0.299681
-0.365502
-0.611439
-0.394888
0.067837
-0.470397
0.056783
0.064647
0.064143
0.171638
0.249799
-0.086168
0.200307
-0.136358
-0.274597
0.352506
0.239807
0.371199
0.161314
0.367629
0.377274
-0.208466
0.145250
-0.027347
0.327135
-0.028244
0.225561
0.154805
0.197494
-0.563938
-0.202535
-0.173238
0.243631
-0.104774
-0.114084
-0.411260
0.091656
-0.030745
-0.130040
0.312826
0.550700
0.723303
0.051792
-0.185293
-0.067580
-0.121515
-0.464401
-0.433633
-0.548009
-0.914293
-0.147964
0.025741
0.361442
0.386523
0.201745
0.265115
0.177459
-0.075803
0.544306
0.699517
0.648183
0.668716
-0.001898
0.558064
0.511826
-0.283491
-0.413527
0.127769
0.065374
0.089994
0.030725
-0.083264
0.022418
-0.108336
0.202272
-0.024826
-0.323237
-0.210023
-0.560368
-0.194585
-0.059646
0.125706
0.121559
-0.086283
0.120282
0.229928
0.437825
-0.114696
-0.214950
-0.223682
-0.170678
-0.584601
-0.172883
0.205728
-0.220265
-0.130150
-0.098219
-0.212238
0.197887
0.372439
0.233472
-0.262270
-0.809940
-0.767621
-0.399606
-0.341790
0.098567
0.025672
0.088520
0.056107
-0.106322
-0.686542
-0.193946
-0.369874
-0.047091
0.000148
-0.327557
-0.534887
-0.214849
0.262240
0.157716
0.110155
0.160794
0.375520
-0.022852
-0.064912
0.305215
0.226229
-0.365586
-0.218708
-0.317038
-0.353650
0.396881
0.184203
0.404109
-0.103689
-0.034550
-0.329988
-0.325780
0.261085
0.281043
0.329862
0.171610
-0.254216
-0.112361
-0.333118
-0.563440
-0.226916
-0.411625
-0.576110
-0.471624
-0.248794
0.201084
0.243296
-0.008120
0.016940
0.317046
0.299916
0.478995
0.696576
0.722846
0.522184
0.324528
0.603120
-0.001770
-0.404400
-0.382505
-0.307127
-0.042803
-0.013035
-0.135677
0.362615
0.190297
-0.150173
0.388898
0.346409
-0.004745
-0.397016
-0.257988
-0.320892
-0.013787
0.131587
-0.509632
-0.102744
0.159710
-0.026910
0.089006
0.189433
0.328760
-0.175948
-0.643141
-0.197436
0.163605
0.021308
-0.750246
0.042535
-0.068806
0.189782
0.293947
-0.109363
-0.038851
-0.651040
-0.479228
-0.550717
-0.354801
-0.153772
-0.007964
-0.292633
-0.145731
-0.009891
0.046466
-0.031544
0.119858
0.202391
-0.305291
-0.409822
-0.046117
-0.232866
-0.409700
-0.177125
-0.135363
0.181615
0.152839
0.680937
0.225307
0.058314
0.292266
-0.165230
-0.597223
-0.212818
-0.554628
-0.355841
0.084242
0.007032
0.342505
0.351862
-0.199861
0.044928
-0.125151
-0.147745
-0.260782
-0.043363
-0.141572
-0.176509
-0.118318
-0.017203
-0.498895
-0.083893
-0.090598
-0.544525
-0.719635
-0.506820
-0.111202
-0.181032
-0.230042
0.219442
0.126731
0.177303
0.136724
0.248630
0.350194
0.400677
0.253592
0.243601
0.075464
-0.236838
0.016982
-0.304371
0.047659
0.170875
0.018301
-0.109212
-0.609499
-0.297887
0.004641
0.041183
-0.366548
-0.701080
-0.138958
0.138392
0.143011
-0.093922
-0.587990
-0.170377
-0.052457
0.099141
0.094681
-0.256623
0.016042
0.429151
-0.589387
-0.526105
0.291942
0.224360
0.027148
-0.022210
-0.164555
0.452186
0.473258
-0.327545
-0.553205
-0.710081
-0.352819
-0.284744
-0.199132
-0.590363
-0.196267
-0.024204
0.169004
0.359088
0.378879
-0.056616
0.139902
0.116726
0.161122
0.268798
-0.141863
-0.404785
-0.563077
-0.159292
-0.020686
0.036334
-0.012843
0.574981
0.255888
0.123089
0.255934
-0.268395
-0.262052
-0.340758
-0.088947
-0.062666
-0.067635
-0.096020
0.487318
0.171011
0.216362
0.229814
-0.428807
0.058911
-0.147842
-0.539779
-0.211966
0.001021
0.026786
-0.098258
-0.068619
-0.018946
-0.113584
0.092565
-0.484892
-0.272550
-0.405352
-0.273207
0.063722
0.498088
0.008533
0.409392
-0.139111
-0.437138
0.029511
-0.125958
-0.181498
0.137693
0.000531
-0.051803
0.057167
0.211913
0.166233
0.299821
0.368353
-0.135098
-0.832847
-0.469565
0.070171
0.020084
-0.651072
-0.344456
-0.094858
-0.123797
-0.054513
-0.940173
-0.680773
-0.301491
-0.508742
-0.126561
-0.439771
-0.163104
-0.080348
-0.007366
-0.434597
-0.382359
0.021780
0.395962
0.080733
-0.186856
-0.230684
0.225375
0.157521
-0.440455
-0.093587
-0.361290
-0.546593
-0.239011
-0.299308
0.087775
0.231996
0.246056
0.401988
0.136229
0.339425
0.328611
0.196466
0.666819
0.455785
0.247235
-0.161862
-0.193505
0.122106
0.034232
-0.226944
-0.142883
0.211973
0.508374
0.497403
0.120074
0.157695
-0.460385
-0.211871
0.180442
-0.024245
0.036474
-0.033472
-0.313698
-0.033646
-0.072691
-0.004127
0.073547
0.115210
0.024006
-0.170194
-0.623603
-0.353058
-0.147844
0.157738
0.169805
0.210091
0.086358
-0.158013
0.210712
0.067435
0.242711
-0.195457
-0.057763
0.060004
0.478314
0.696396
0.410158
-0.129346
-0.454083
-0.135933
0.054378
-0.039534
0.185256
0.459523
0.124954
0.450275
0.323421
0.305346
0.250097
-0.136780
-0.169273
-0.340636
-0.515198
-0.041095
0.065851
-0.039290
-0.193512
-0.302985
-0.374371
-0.089237
-0.847670
-0.738052
-0.294703
0.093532
0.284906
0.326395
-0.181332
-0.432135
-0.300032
-0.240511
-0.353535
-0.129915
-0.017937
-0.068835
-0.308330
-0.011078
0.074366
-0.337372
-0.252074
-0.027523
0.167435
-0.008176
0.084643
-0.473078
0.276385
0.049526
0.533737
0.480785
0.164946
0.531679
0.374605
0.695232
0.417420
0.208894
0.050641
0.245840
0.023342
0.308563
0.095201
-0.133844
0.244041
0.293660
0.146107
0.148069
-0.024591
0.082816
-0.279986
-0.148425
0.092846
0.187835
-0.015167
-0.255674
-0.569953
-0.674001
-0.289178
-0.288480
0.292234
0.050460
0.207248
-0.045902
-0.242444
-0.302110
-0.112542
0.251902
0.095823
0.166234
0.088969
-0.371672
-0.065316
-0.190332
-0.008212
-0.324880
0.322706
0.387717
0.575264
0.899428
0.591767
0.188820
0.001922
0.111507
0.213832
0.209197
0.137624
0.069437
0.386125
0.051340
-0.245713
-0.040820
-0.293477
-0.407370
-0.307068
-0.124175
-0.331683
-0.006923
-0.090671
-0.476433
0.056458
-0.245890
-0.203132
-0.016109
-0.214106
-0.177304
0.146266
-0.193395
0.094824
0.028456
-0.345602
-0.160207
0.000686
0.205339
0.233459
0.134492
-0.370249
-0.419609
-0.315523
0.104413
0.262810
0.052957
-0.181597
-0.120129
0.142086
0.203002
0.207375
-0.061145
0.108342
0.083825
0.342428
0.269785
0.106400
0.090636
-0.135207
0.167786
0.014079
-0.327363
-0.027184
0.164687
0.179118
0.385519
0.177490
0.210612
0.008413
-0.009833
0.197620
0.394513
-0.133285
-0.254914
-0.436248
-0.099099
0.194435
-0.065194
-0.331658
-0.492719
-0.644705
-0.069735
-0.160073
-0.193593
-0.012121
0.077565
-0.266945
0.158675
0.226099
-0.533590
-0.390856
-0.416227
-0.282887
-0.280668
-0.077319
-0.219104
-0.239685
-0.274195
-0.043671
0.140354
0.362895
0.921733
0.657934
0.098535
0.074245
-0.053144
0.088418
0.349884
0.468605
0.399497
-0.184584
-0.287525
0.117936
0.172495
-0.071271
-0.078305
-0.132625
-0.625328
-0.389473
-0.174502
-0.052701
0.243985
0.473582
-0.089775
-0.055827
-0.415026
-0.004014
0.445595
0.365098
0.374929
0.213336
0.132294
0.154315
-0.004435
-0.323904
-0.702585
-0.429694
0.079657
0.347841
-0.163055
-0.129241
-0.423480
-0.444133
-0.011092
-0.077864
0.141859
-0.144534
-0.041353
0.597619
0.314079
0.017235
-0.128782
-0.074743
-0.060542
0.442456
0.393601
0.140171
-0.114760
0.199433
-0.083891
-0.403543
-0.319062
-0.000990
0.271791
0.250499
0.180982
-0.114063
-0.311572
-0.625753
-0.467578
0.059419
0.131834
-0.132705
0.090801
-0.037051
0.077570
0.062263
-0.060659
-0.328484
-0.330592
-0.359260
-0.045257
0.019126
0.172621
0.367726
0.006480
0.124437
0.032591
0.027148
-0.091790
-0.355953
-1.149978
-0.817375
-0.784975
-0.461746
-0.316364
-0.238660
-0.119322
0.315848
0.182192
0.008455
0.468675
0.630460
0.185871
0.217213
0.140586
0.039086
0.158569
0.008430
0.211416
-0.057034
0.040672
-0.115332
-0.286277
-0.297820
-0.389483
-0.357570
-0.690682
-0.564495
-0.453925
-0.155782
0.379012
-0.047308
-0.509315
0.138134
-0.156892
0.068712
0.133592
0.423687
0.085512
-0.219320
-0.420756
0.179643
0.156326
-0.173550
-0.429105
-0.217914
-0.076936
0.215573
-0.167645
0.219738
-0.116755
-0.180337
-0.185322
0.035811
-0.269600
-0.019008
0.366882
0.604356
0.602849
0.334494
0.280051
0.312528
0.519269
0.436526
0.379169
0.373613
0.025665
0.447966
0.020123
-0.216731
0.188524
0.272119
0.626507
0.360379
0.143894
-0.042144
-0.045949
0.014491
-0.152062
0.519936
0.375437
-0.081565
-0.020635
0.048884
-0.122583
-0.086217
0.338780
-0.177477
-0.478118
0.036649
0.125343
-0.192435
0.393659
0.233288
-0.089899
-0.271394
0.000085
-0.442684
-0.133479
0.378612
0.052873
-0.186053
-0.380922
-0.362572
-0.618484
-0.220239
-0.339365
-0.130870
-0.027467
-0.138459
0.232009
0.338053
0.336842
0.340619
-0.016552
0.330337
0.191556
0.511670
0.242329
0.465928
0.154667
0.081440
-0.147560
-0.509450
-0.553702
-0.638052
-0.784191
-0.630654
-0.572339
0.292016
0.015025
0.358467
0.271024
0.370362
0.057321
0.112773
-0.181824
-0.274939
-0.499382
-0.210001
-0.124074
0.301272
0.211771
-0.039870
-0.155647
-0.458217
-0.405939
0.141146
0.097835
0.143766
-0.310307
-0.180971
-0.302343
-0.457821
-0.023993
0.229593
0.514346
0.337553
0.335226
-0.123628
0.135409
-0.008391
0.410673
0.333593
0.222257
-0.016676
-0.286085
-0.022165
-0.194437
0.002883
0.073145
0.271632
0.512696
0.156610
-0.071531
-0.249010
-0.356869
-0.451964
-0.423992
0.089210
0.103033
0.060284
0.233926
-0.146386
0.010748
0.280762
0.329893
0.255796
-0.191040
-0.156830
-0.010276
-0.155328
0.193154
0.156246
0.072564
-0.115140
-0.116516
-0.194914
0.173915
0.420566
0.413369
0.494499
0.114922
-0.049254
-0.452915
-0.135631
-0.205694
-0.202082
-0.369860
-0.385369
0.059545
0.162907
0.189443
0.113354
0.316484
0.363980
0.811961
0.582399
0.438263
0.141390
0.337201
0.174633
-0.257871
-0.620318
-0.714782
-0.467427
-0.462190
-0.381221
-0.096279
-0.007865
0.370052
0.379846
0.293650
0.311119
0.029597
-0.179237
-0.078841
-0.139065
-0.142370
-0.000107
0.098943
0.287689
0.131808
-0.141988
-0.307431
-0.009117
0.112218
0.376025
-0.151635
-0.073615
0.086394
-0.089400
-0.297443
-0.026454
-0.003249
0.320020
0.550782
0.292250
-0.181744
0.015525
0.021700
0.016776
0.024590
0.383153
0.424522
0.497753
-0.062887
-0.161557
-0.216346
-0.357492
-0.233951
0.005747
-0.082449
-0.002982
-0.010518
-0.451011
-0.166925
-0.267065
-0.461898
-0.386223
-0.394224
0.117523
0.527395
0.233531
0.288996
0.464748
0.405563
-0.055305
-0.086919
-0.388726
-0.200182
-0.084474
-0.194766
-0.204540
-0.076453
0.002589
-0.239414
-0.572621
-0.433247
0.315224
0.288779
0.462429
0.328749
0.274403
-0.361068
-0.275858
-0.167951
-0.138328
-0.888635
-0.803836
-0.279796
0.088187
-0.199784
0.049550
0.219419
0.086180
0.612582
0.843179
0.320415
0.334118
0.628824
0.634841
-0.200453
-0.267099
-0.449298
-0.052402
-0.020259
0.144963
-0.328321
0.443782
0.233797
0.312232
0.424976
0.189867
0.241391
0.205351
0.431983
0.335180
0.470646
0.116038
0.051630
0.453335
0.203324
-0.337106
-0.081002
0.346522
0.512684
0.465796
-0.186239
0.007343
-0.084220
-0.074962
0.080775
0.302726
0.096434
0.446302
0.333568
-0.024548
-0.194768
0.137361
0.000249
0.277059
-0.030070
-0.184987
0.005444
0.276744
0.141742
0.207078
0.056310
0.112112
0.108393
0.270837
-0.086199
0.427845
0.031458
-0.196567
-0.255205
-0.376845
0.004592
-0.067341
-0.321998
0.310069
0.295342
0.413122
0.448850
0.714719
0.216333
-0.146180
0.038832
0.048065
0.179425
-0.049475
-0.352574
-0.891977
-0.677792
-0.479449
-0.325067
-0.349423
-0.177172
-0.130089
0.026998
0.242105
0.422386
0.368187
-0.221960
-0.018986
0.166873
0.375388
-0.302608
-0.525731
-0.202774
0.281209
-0.036325
-0.170744
0.230757
0.376007
0.245920
0.356656
0.135065
0.570587
0.684097
0.171836
-0.096026
-0.574599
-0.538874
-0.261914
-0.053298
0.314948
-0.072301
0.016077
0.375128
0.225088
0.528152
0.220045
0.097836
0.012729
0.101199
-0.253127
0.239267
0.511898
0.222317
0.273923
-0.176483
-0.638429
-0.196857
0.230266
0.320045
0.272547
0.131974
0.386518
-0.364697
-0.631965
-0.357657
-0.023943
0.217670
0.114566
0.104375
-0.475144
-0.239803
-0.181302
0.233161
0.306568
0.083114
0.092150
-0.382048
-0.029465
0.218919
0.567007
0.450083
0.110240
0.212472
0.145889
0.422953
0.640837
0.443955
0.197138
0.192810
0.053532
0.036835
-0.148626
-0.418721
0.046728
0.274025
0.546479
0.240260
0.155837
-0.093906
-0.217411
0.122731
0.331384
0.261075
-0.052787
-0.439307
-0.603683
-0.572105
-0.431898
-0.203041
0.079528
0.561220
0.117142
0.130896
0.375231
0.183239
0.311734
0.174864
-0.103763
-0.058961
0.061163
-0.578316
-0.140390
-0.409134
0.019178
-0.191182
-0.314560
0.149164
0.644889
0.123276
-0.253536
-0.064793
0.016675
0.017961
0.156145
0.122785
0.197958
0.281843
0.006284
-0.252158
-0.312607
-0.055507
-0.071212
0.250693
0.223277
0.140521
0.061697
0.244279
0.292072
-0.036653
0.114211
0.163954
0.022639
-0.161707
-0.421359
-0.478571
-0.142602
-0.209152
-0.091022
0.183505
0.475218
0.213192
0.442906
-0.259857
-0.281895
-0.227675
0.074545
0.106554
0.315536
-0.018150
-0.373037
-0.064419
0.341071
0.028786
0.341085
0.177239
0.131859
0.024027
0.019391
-0.018247
0.444371
0.519503
0.440759
0.335984
0.392645
0.852641
0.611675
0.870555
0.505286
-0.119957
-0.262073
-0.185161
-0.251665
-0.281850
0.165063
0.236939
0.146491
0.010692
0.294033
0.188976
-0.356096
-0.073877
-0.124599
0.020268
-0.259420
-0.579863
-0.616051
-0.428924
0.066120
0.016987
0.430543
0.587413
0.300246
-0.439796
0.177486
0.416653
-0.219675
-0.002277
0.105382
-0.268356
-0.251516
-0.338462
0.260005
-0.319668
-0.312147
-0.141169
-0.207803
0.094793
0.541354
0.506159
0.064122
-0.312105
-0.255720
0.083434
0.450391
0.536234
0.530964
0.170120
-0.027990
-0.126563
0.440708
0.253695
-0.054896
0.679689
0.149997
0.066368
0.149430
0.112540
-0.128078
-0.393776
-0.133217
-0.247516
0.067007
-0.028197
-0.095934
-0.035334
0.082496
0.170746
-0.363979
-0.527597
0.020794
-0.026062
0.196894
-0.339702
-0.488125
-0.043485
-0.009755
0.498783
0.710364
0.122230
-0.385905
-0.032351
0.189874
0.338486
0.834511
0.415552
0.174953
-0.315421
-0.165718
-0.200157
0.333151
0.250839
0.247316
0.364779
0.592952
0.469877
0.657800
1.017150
0.723171
-0.090833
-0.289899
-0.243979
-0.582200
-0.070010
0.144841
0.059264
-0.343313
-0.575647
-0.219260
0.047678
-0.418114
-0.195971
-0.337715
-0.443203
-0.408939
-0.211828
-0.137338
0.062633
0.123488
0.314259
0.654332
0.633543
0.344848
-0.517552
0.090925
0.091739
-0.009128
-0.160722
0.292824
-0.060284
0.185437
-0.233150
0.372268
0.133147
0.024346
0.054092
-0.229583
0.248966
0.335617
0.074007
0.035405
0.179687
-0.047318
-0.010968
0.217571
0.359552
0.851961
0.434438
0.005563
-0.136327
0.274637
0.193387
-0.170726
-0.091802
-0.383583
0.282123
0.170834
0.222984
-0.251351
-0.216310
0.032065
0.301869
0.498766
0.317667
-0.152734
0.025987
0.110661
0.214312
-0.304527
-0.491692
0.237302
0.186889
0.203655
-0.011426
0.239452
-0.086339
0.220728
0.156950
0.652136
0.269834
0.040664
0.017476
0.680371
0.209995
0.493481
0.357586
0.256904
0.062894
-0.296811
-0.583732
-0.047105
0.140003
-0.108568
-0.083536
0.199618
0.083077
0.341036
0.824812
0.549666
0.456258
0.241094
0.120735
-0.238643
-0.232152
-0.356696
-0.389502
-0.636742
-0.156133
0.269863
0.215143
-0.345646
-0.103711
-0.352022
-0.255469
-0.464177
-0.272883
-0.294692
0.199068
0.231706
0.226679
0.337619
0.435988
0.191184
0.088610
0.208662
0.000436
-0.162070
-0.379955
0.026217
0.160031
0.164559
0.104718
0.135127
0.117136
-0.154153
-0.289864
-0.149676
0.068690
0.135161
0.530927
-0.070187
0.059812
-0.489490
-0.250244
-0.030797
-0.147483
0.327493
0.030084
0.041169
0.121440
0.284449
-0.261502
0.090039
-0.095764
0.085217
0.167662
0.370067
0.407344
0.336158
-0.189020
0.201358
-0.116500
-0.171320
-0.070277
-0.302976
-0.590321
0.106085
-0.193591
-0.571400
-0.568140
0.774541
0.319640
0.269923
0.169360
0.270850
0.162736
0.265946
0.397762
0.532710
0.228390
0.321213
0.368871
0.512310
0.183163
0.306903
0.313324
0.355358
0.333562
-0.180055
-0.273085
-0.047086
-0.043423
-0.105565
-0.171575
0.111954
0.084310
0.178065
0.452204
0.620932
0.123438
-0.396467
-0.253196
-0.273692
-0.115224
-0.377511
-0.325553
-0.240330
-0.058768
0.017414
0.017947
0.011940
0.179078
0.149843
0.093888
-0.273380
-0.190302
-0.060062
-0.252432
0.351951
-0.117155
0.019263
0.155920
0.271625
0.148081
0.052881
-0.273845
-0.223719
-0.310169
0.019855
0.091053
0.447450
0.401267
0.136331
0.214864
0.070133
-0.230412
-0.195838
-0.099003
0.273388
0.173077
-0.197947
-0.036044
-0.174397
0.194419
0.088211
0.034525
0.676649
-0.271201
-0.169206
0.325295
0.434404
0.301656
0.189437
0.263913
0.352879
0.539859
0.821693
0.664685
0.099278
-0.370359
-0.161396
-0.441483
-0.024875
-0.103463
-0.294088
-0.446322
-0.213685
-0.119299
-0.592453
-1.040862
0.099539
0.146312
0.267266
0.048203
0.082965
0.443565
0.306940
0.099701
0.217172
0.323550
0.154806
0.045193
0.301411
0.146362
-0.063560
-0.195072
-0.048510
0.234205
0.023273
-0.071716
-0.038725
-0.001034
-0.131295
-0.026040
0.318628
-0.007454
-0.250326
0.504091
0.386503
0.015426
-0.602627
-0.368548
-0.522683
-0.154846
-0.063507
-0.147829
-0.183516
0.172756
-0.315947
-0.168723
-0.157033
-0.178025
0.034567
0.208057
0.101687
0.189930
0.121183
-0.158342
-0.174682
0.074239
-0.007044
0.350877
0.447083
0.358526
0.192085
0.451913
0.193568
-0.144392
-0.237439
0.044868
0.205009
0.212972
0.186532
0.351036
0.198363
0.101806
0.204007
-0.154944
0.473280
0.115141
-0.139147
-0.045370
0.033510
0.422966
0.327630
0.584651
0.706972
-0.031936
0.055907
0.321366
0.768758
0.376311
0.331562
0.547066
0.527671
0.454351
0.369398
0.029001
-0.329143
-0.344776
-0.270846
-0.443039
0.027680
0.106272
-0.121689
-0.295395
-0.359627
-0.193303
-0.252858
-0.522178
0.807890
0.756452
0.466777
-0.024299
0.097745
0.458428
0.180080
-0.126373
0.233985
-0.167039
-0.398428
-0.408990
-0.322775
-0.179708
-0.076563
-0.027818
-0.080044
0.231944
-0.073930
-0.082609
0.082758
0.088797
-0.016705
0.271188
0.457332
0.094896
-0.187765
-0.055300
0.318035
0.055825
-0.234351
-0.531317
-0.695531
-0.260458
-0.311570
-0.116930
-0.228057
-0.126184
-0.385044
-0.312123
-0.563922
0.305323
-0.024417
-0.102291
-0.155898
0.282441
-0.098073
0.217867
0.518832
0.418089
0.360839
0.199161
0.321733
0.306885
0.041922
0.455407
0.392376
0.038741
-0.298536
-0.039751
0.149980
0.242872
-0.038631
-0.191154
-0.089440
0.294441
0.350276
0.290577
0.248580
-0.154738
-0.192771
-0.015099
0.506815
0.095968
0.416586
0.178776
0.393019
0.724094
0.917568
0.335912
0.255137
0.124785
0.184336
0.473978
-0.085092
-0.415576
-0.251102
-0.390347
-0.287246
-0.285356
0.041719
0.163241
0.007863
-0.130521
-0.245836
-0.351470
-0.162884
-0.204998
-0.589694
-0.374664
0.671950
0.789491
0.473432
0.268146
0.353531
0.337898
-0.266314
-0.208521
-0.310482
-0.262973
-0.369651
-0.341180
-0.255703
0.282971
0.222562
0.301858
0.053635
0.410932
0.127125
0.143706
0.097898
-0.052612
-0.071740
0.265709
0.081199
0.273192
-0.220022
-0.291038
-0.109698
-0.002159
0.105803
-0.096689
-0.480409
-0.229297
0.167855
0.047345
0.429596
0.373767
-0.016245
0.025485
-0.072525
0.451804
0.145298
-0.180784
-0.171679
0.324171
-0.207397
0.032868
0.344777
0.441510
0.157294
0.303995
0.501604
0.804445
0.453195
0.532816
0.444111
0.067351
-0.297716
0.130888
-0.018522
0.008885
0.347213
-0.116812
0.067318
0.188143
0.270661
0.305978
-0.133179
-0.010402
-0.333500
0.236819
-0.046948
-0.070636
0.181556
0.028227
-0.287141
0.328142
0.488259
0.161994
-0.134507
-0.004858
0.021329
0.265470
-0.186579
-0.516035
-0.130182
-0.080055
0.394930
-0.369611
-0.412764
0.219535
-0.212912
-0.126929
-0.341404
-0.153815
-0.063229
0.175320
0.025244
-0.304939
0.926367
0.670953
0.169798
0.047495
0.254455
0.342530
0.449621
0.285631
0.218128
0.215130
0.295684
0.025370
-0.068111
0.441031
-0.199185
0.264577
-0.169317
0.150455
0.199286
0.270255
-0.373735
-0.294981
-0.208943
0.523041
0.442699
-0.167049
-0.563918
-0.374362
0.023768
0.037624
0.121990
0.072121
0.053478
-0.161914
0.075910
0.085395
0.540764
0.203967
0.173210
-0.059771
0.140565
0.089267
0.195860
0.058679
0.016813
0.207468
0.022819
-0.183084
0.202004
0.588567
0.500312
0.165349
0.036273
0.187231
0.332541
0.477746
0.390922
0.318202
0.099908
0.263817
0.125347
0.121409
0.128658
-0.130773
0.117148
0.282592
0.383117
0.487449
0.201934
-0.450059
-1.043607
-0.488764
-0.197305
-0.121755
0.262751
-0.338202
-0.253102
0.215998
0.759922
0.269526
-0.195157
-0.013394
0.104986
0.108220
-0.335015
-0.058024
0.085996
0.201093
0.390159
0.077875
-0.141480
-0.179213
-0.214960
-0.176886
-0.506799
-0.660745
0.396048
0.075654
-0.014865
-0.194261
0.762467
0.572269
0.492785
-0.006708
0.429913
-0.347783
-0.032203
0.029629
0.251755
0.388352
0.458042
0.457401
0.079662
0.369038
0.359876
0.337536
0.011262
0.373269
0.754832
0.141044
-0.702184
-0.411874
0.049294
0.394480
0.672776
0.011204
-0.187492
-0.416875
0.105805
0.286073
0.548912
0.178720
-0.095576
-0.094045
0.099147
0.013176
0.365967
0.084551
0.048964
0.023313
-0.338542
0.027882
0.487230
-0.009013
-0.215712
0.322183
0.111637
0.013903
0.035300
0.498611
-0.134613
-0.049020
0.094019
0.430546
0.305472
0.387848
0.496351
0.417766
-0.041495
0.197298
0.248854
0.240087
-0.383830
-0.292739
0.082374
0.306625
0.513930
0.558029
0.392292
0.150135
-0.562217
-0.043305
-0.154685
-0.534644
-0.226852
-0.517621
0.264847
0.573068
0.416081
0.109123
-0.228802
-0.309351
-0.167689
0.166056
-0.148261
-0.298955
0.028942
0.361396
0.169318
0.266063
0.292932
0.167123
-0.267699
-0.259689
-0.358330
-0.171680
0.166187
0.178397
0.311174
-0.060116
0.520627
0.307224
-0.286047
-0.449689
0.095145
-0.553988
-0.343125
-0.102154
0.023894
-0.143077
-0.028404
0.320809
0.221793
0.592512
0.426411
0.446462
-0.099208
-0.021911
0.553489
-0.032406
-0.114219
-0.161780
0.037569
0.339709
0.437849
0.029651
0.161506
-0.108626
-0.204156
-0.094378
0.072704
-0.063839
-0.063126
-0.506896
-0.402020
-0.147291
0.124680
0.116815
-0.104821
-0.330717
-0.669733
0.070867
0.090799
0.190245
-0.261856
-0.374222
-0.177095
0.321497
0.250813
0.619085
-0.019740
0.111107
-0.087951
0.374429
-0.278855
-0.192514
0.301138
0.056579
-0.209193
-0.282927
0.187874
-0.279621
-0.634144
-0.149093
-0.067757
0.058480
0.204036
0.100379
0.343717
0.144212
-0.332903
-0.008412
0.046534
-0.212575
-0.423977
-0.517731
-0.107832
0.172666
-0.004416
-0.061667
-0.279194
-0.368760
-0.215524
0.022873
-0.274189
-0.215736
-0.060292
0.361820
0.182388
-0.121051
-0.014690
-0.214377
-0.234976
-0.398655
-0.403330
-0.179715
0.062774
0.060574
0.205609
-0.279414
0.186030
-0.211057
-0.350301
-0.472950
-0.357583
-0.487585
-0.253768
-0.138513
-0.287342
-0.180457
-0.385552
0.193619
-0.020850
0.258409
0.340432
0.147264
0.106069
0.024446
0.413866
-0.314413
0.172492
0.095041
0.165452
0.200342
0.507266
0.113000
0.442521
0.139937
-0.109400
0.107521
0.324763
0.198725
-0.039244
-0.105019
-0.373328
-0.574241
-0.305806
-0.091930
0.253922
-0.107513
0.076982
0.167161
0.188075
-0.071334
-0.605365
-0.119683
-0.063914
0.116281
0.490386
0.549603
-0.078258
0.317131
0.292558
0.243465
-0.006585
-0.241127
-0.196936
-0.309448
-0.198491
-0.084983
0.342765
-0.161887
-0.308282
-0.061425
-0.186511
0.053104
0.166615
0.335560
0.451358
0.222747
-0.254059
-0.334516
-0.217490
-0.317957
-0.511805
-0.395460
-0.264777
-0.406190
-0.405168
-0.004548
-0.021456
-0.041190
-0.051385
0.172062
0.189457
-0.419703
-0.144649
-0.298552
0.261074
0.024949
-0.241122
-0.287921
-0.476583
-0.279437
-0.325678
-0.412293
0.010217
0.017942
0.113040
-0.386979
-0.176283
-0.079815
0.082780
0.044637
-0.453977
-0.506994
-0.515678
-0.164660
-0.281214
-0.308703
-0.272123
0.077667
0.317715
0.346618
0.125663
0.001643
-0.177650
0.275123
0.498847
-0.003817
0.468704
0.791600
0.507550
0.259759
0.374780
0.238326
-0.134714
-0.193017
-0.572996
0.113791
-0.123047
-0.016614
0.122715
-0.255121
-0.351817
-0.405313
-0.250471
-0.298486
0.123597
-0.313259
-0.165540
-0.295149
-0.186526
-0.051061
-0.198884
0.206844
0.294194
0.048172
0.141906
0.183390
-0.015796
0.316953
0.168692
0.132369
-0.047222
-0.104699
-0.013300
0.330665
0.607933
0.573473
0.018059
-0.205676
-0.245325
-0.233060
-0.111251
-0.167392
-0.537813
-0.274821
-0.066252
-0.129252
-0.570900
-0.298632
-0.371089
0.001252
-0.173963
-0.244309
-0.771459
-0.438454
-0.395704
0.231685
0.303943
0.231673
-0.063964
-0.133917
-0.091695
-0.195128
0.166412
0.047357
-0.034106
0.057035
-0.226595
-0.158280
-0.093868
-0.002899
-0.485931
-0.301041
-0.538625
-0.194766
-0.130608
-0.312259
-0.452758
-0.022006
0.643126
0.039942
-0.616526
-0.164725
-0.454342
0.215318
0.033882
-0.377600
-0.119132
-0.185410
0.608594
0.461162
0.841053
0.270859
-0.406479
-0.088161
0.237722
0.398595
0.417928
0.320536
0.360184
0.338957
0.322743
0.033145
-0.056342
-0.292608
-0.215891
-0.264727
-0.034431
-0.123859
0.188321
-0.023590
0.228527
-0.179426
-0.405002
-0.510497
-0.395563
-0.138442
-0.196467
-0.589673
0.078585
-0.125521
0.077070
-0.098869
-0.251601
-0.092927
0.330486
0.169820
0.340075
0.022618
0.531615
0.113564
-0.011696
-0.051261
0.226161
0.322282
0.449703
0.072856
-0.193624
-0.137600
0.292640
0.217954
0.201471
0.147014
-0.011034
-0.115107
0.305903
-0.247344
-0.583243
-0.234124
-0.479411
-0.221132
-0.133146
-0.370024
-0.717216
-0.867025
-0.398539
-0.201932
0.106887
0.010464
-0.273714
-0.341978
-0.232492
-0.257443
-0.361715
0.006173
-0.445028
-0.592846
-0.509225
0.070957
-0.261991
-0.072587
0.009967
-0.266615
-0.256379
-0.500665
0.144670
-0.545357
-0.440864
0.175826
0.135358
-0.194611
-0.212689
-0.047264
-0.160650
0.513576
-0.063940
0.181457
0.504748
0.334789
0.493210
0.499507
0.668294
-0.074887
-0.187018
-0.089841
0.307480
-0.295412
-0.197320
-0.192108
0.198770
0.087920
0.228282
0.092578
0.172655
-0.090553
-0.393787
-0.211196
0.264533
0.485088
0.335974
0.443421
0.171321
-0.006448
-0.145229
-0.581933
-0.061349
0.124815
0.198667
0.078892
0.230228
-0.110509
-0.456731
-0.012264
0.182603
0.121587
0.308737
0.449376
0.191301
-0.023460
0.492843
-0.002799
-0.087930
-0.055613
0.287956
0.335391
0.631052
0.189617
-0.015640
-0.096516
0.081243
0.258115
0.159911
0.171565
0.101451
0.213483
0.262379
-0.271771
-0.093065
0.036551
-0.365117
-0.253350
-0.504665
-0.339332
-0.276633
-0.402760
-0.367201
0.250381
-0.181805
-0.090599
-0.296641
-0.303980
-0.546078
-0.161178
-0.392483
0.092858
-0.420993
-0.589520
-0.588757
-0.039121
-0.252289
0.265313
0.332750
-0.043438
-0.190067
-0.227745
-0.190474
-0.186779
-0.557413
0.012418
0.024688
0.044123
-0.160840
-0.114422
-0.063577
-0.094942
-0.173744
0.672030
0.613592
0.498523
0.247812
0.207081
0.200350
-0.175572
-0.153587
0.134480
0.552090
-0.310023
-0.397980
-0.518826
-0.419389
-0.300224
0.070328
0.569651
0.111354
0.480740
0.205202
-0.091413
0.241888
0.225438
0.366478
0.324871
0.225851
0.380481
0.185911
-0.304248
-0.015785
0.573028
0.032209
0.019106
0.091183
0.226588
-0.262769
0.051053
0.211971
0.243477
0.621199
0.784488
0.703247
0.561397
0.732939
0.425716
-0.059802
0.056769
0.567608
0.323461
0.257183
0.177002
-0.147283
-0.129547
-0.027613
0.002509
0.464334
0.177440
0.017394
0.580998
-0.127307
-0.041129
0.069242
-0.167889
0.188813
-0.004207
-0.950696
-0.306711
-0.128218
-0.367894
-0.417876
-0.218472
-0.140064
-0.037699
0.373980
0.169843
-0.336158
-0.780853
0.059753
0.175156
-0.290029
-0.295929
-0.421261
-0.579402
-0.418360
0.138700
0.291111
0.029431
0.172750
0.322554
-0.132726
-0.135631
-0.018839
-0.220098
0.064155
-0.181585
0.112935
-0.067849
0.365775
0.527513
0.421834
0.194626
0.290505
0.571329
0.139851
0.210232
0.205560
-0.033709
-0.077342
-0.241164
0.126240
-0.378850
-0.286570
-0.564306
-0.469395
-0.158500
0.049666
0.315176
0.163063
0.267801
-0.251359
0.186580
0.197291
0.253488
0.492166
0.386349
0.856898
-0.004035
0.153698
0.016216
0.030307
0.171500
0.197057
0.109003
-0.135685
-0.188507
-0.323623
-0.238434
-0.169939
0.338357
0.483784
0.648043
0.608277
0.695751
0.465979
0.276661
0.517340
0.285688
0.283177
0.068205
0.072574
0.248985
-0.138608
-0.499322
-0.283616
0.008715
0.016382
0.188464
-0.198742
0.154010
0.183237
-0.044848
0.041863
0.134740
0.406412
0.244214
-0.321299
-0.191512
-0.124921
-0.780452
-0.610154
-0.476812
0.141846
0.447368
0.454336
0.300815
0.103222
-0.309867
0.297742
0.131298
0.048093
-0.391659
-0.530501
-0.537794
-0.388418
-0.129444
0.282322
-0.173499
-0.090869
0.437368
0.309903
0.165654
-0.027252
-0.242101
-0.719805
-0.267531
0.085110
-0.020800
0.242580
0.571669
0.348976
-0.312537
0.001726
0.135035
0.168617
0.113401
0.384724
0.398560
0.361394
-0.152542
-0.208485
-0.378018
-0.423850
-0.301597
-0.604094
-0.241809
-0.412231
-0.092123
0.088157
-0.143447
0.042742
0.389611
0.254943
0.190965
0.056600
0.185473
0.072243
0.055131
-0.021183
-0.094180
0.038332
-0.182609
0.014724
0.341271
0.093384
0.161016
0.129287
0.186090
0.088417
0.495151
0.376102
0.426388
0.446499
0.498112
0.342110
0.243493
0.144960
0.107955
0.242361
-0.028665
-0.031976
-0.244529
-0.657557
-0.362560
-0.293226
-0.183235
-0.180636
-0.060183
-0.487604
-0.543997
-0.125932
-0.398875
-0.193424
-0.146409
-0.231684
-0.295519
0.018546
-0.205607
-0.234201
-0.495687
-0.397043
-0.616603
0.163298
0.342756
0.630914
0.819644
0.729787
0.755491
0.291946
-0.031971
0.028750
-0.241995
-0.321479
-0.244494
0.019596
0.181531
0.166456
-0.029375
0.291936
0.174723
-0.222937
-0.043346
-0.131385
-0.354412
-0.556790
-0.177581
0.249477
0.133442
0.342000
0.532540
-0.036287
-0.468257
0.049047
0.283013
0.647017
0.375917
0.520920
0.048097
0.111376
-0.009365
-0.367175
-0.352332
-0.504164
-0.614219
-0.638586
-0.689432
-0.268244
0.253454
-0.100786
-0.081953
0.403113
0.082477
-0.058838
0.006130
0.376020
0.136756
-0.028803
-0.269689
-0.027875
-0.070385
0.142413
0.034850
-0.031902
0.195059
-0.128399
-0.059545
0.066792
-0.016638
0.085258
0.089411
0.444942
0.124465
0.262272
0.099983
-0.032004
0.345058
0.277875
0.287811
0.193439
0.255384
-0.016731
-0.253843
-0.338175
-0.253458
-0.521019
-0.139007
-0.377048
-0.193357
-0.025596
-0.318138
0.171553
0.182966
-0.169416
0.213892
-0.364080
-0.019556
-0.171121
-0.456153
-0.726939
-0.590013
-0.584386
-0.426994
0.065355
0.002224
0.178695
0.394002
0.311071
0.651773
0.274960
0.113115
0.004321
-0.316055
-0.358233
0.231539
0.260165
-0.003287
0.152262
0.114557
0.686010
-0.046335
-0.456144
-0.400559
-0.376708
-0.182483
-0.437392
-0.275783
-0.431908
0.216256
0.328398
-0.173116
-0.324378
0.127484
0.296845
0.477567
0.284763
0.225893
0.351718
0.081157
0.618794
0.701445
0.386736
0.147561
0.168628
-0.424556
-0.741163
-0.461378
0.255838
0.394724
-0.205151
-0.195687
-0.333156
-0.204142
-0.090852
0.392588
0.025861
-0.382589
-0.502463
-0.276369
-0.087496
0.168900
0.066214
0.070929
-0.293178
0.056675
0.042016
0.181972
0.509924
0.150493
0.283419
-0.082618
0.336970
0.197594
0.002297
0.257078
0.387092
0.538798
0.287553
0.227123
0.259981
0.213746
-0.060981
-0.389023
-0.369549
0.010430
-0.429271
-0.178317
0.100413
0.174464
0.460019
0.011860
0.194822
-0.044502
-0.090144
0.257319
-0.179762
-0.111588
-0.344476
-0.404136
-0.488078
-0.050163
0.159867
-0.010932
-0.355338
-0.516142
-0.298969
0.084162
0.152692
0.508042
0.276410
0.050935
-0.123209
-0.258357
-0.328873
-0.194066
-0.280140
-0.391673
-0.290560
0.248169
0.323058
-0.357823
-0.354354
-0.448328
0.143868
0.054607
-0.278344
-0.307999
-0.746911
-0.263861
-0.236791
-0.151863
0.000908
0.020732
0.376231
0.436087
0.602032
0.516475
0.622784
0.293739
0.272789
0.127930
-0.214550
-0.372092
-0.183742
-0.366509
-0.293591
-0.295889
0.202005
0.119378
0.165814
0.008968
0.012754
-0.281877
0.022370
0.079622
0.146304
0.114132
-0.035548
-0.114353
0.228913
0.241035
0.507615
0.251115
0.018982
-0.071452
0.218082
0.014178
0.510115
-0.228714
0.282237
-0.207291
-0.070469
-0.033537
0.271772
0.493597
0.387153
0.228744
0.493113
-0.140495
-0.085926
-0.522310
-0.600336
-0.425214
0.020288
-0.142855
-0.475290
0.200948
0.228909
0.140401
-0.173592
0.035108
0.025524
0.255587
0.355410
0.151401
-0.211817
0.352337
0.353341
-0.092024
0.278349
0.210057
0.434568
0.126991
0.005625
0.170461
0.080929
0.375050
0.742402
0.568188
0.261484
-0.013215
-0.695607
-0.314366
-0.292839
-0.062409
-0.015719
-0.149898
-0.271036
-0.033109
-0.055840
-0.081905
0.076489
-0.156524
-0.076714
-0.074354
-0.643238
-0.872860
-0.186658
0.031831
0.188068
0.027385
0.512553
0.338334
0.161439
0.172225
0.359855
0.526173
0.291325
0.363602
0.006352
0.257799
0.005682
-0.405215
-0.364633
0.083881
0.038690
-0.212502
0.128376
0.285759
0.075797
-0.327687
-0.247795
-0.249583
-0.234257
-0.075423
0.305089
0.356722
0.718599
0.375857
0.163008
0.065029
0.373081
0.437737
0.302229
0.204409
-0.141705
-0.359600
0.199997
-0.296854
-0.077541
-0.110771
-0.371274
0.051192
0.216731
0.428709
0.168052
0.464874
0.229928
0.063996
-0.047529
-0.191317
-0.009262
0.063440
0.017086
0.049064
0.205981
0.423174
0.159827
-0.308816
-0.119708
0.149724
-0.009135
0.514620
0.398010
0.307195
-0.070487
0.307372
0.013368
-0.034933
0.038572
0.258748
0.075817
0.022659
0.241634
0.297167
-0.012259
0.300312
0.313587
0.150459
0.519100
0.323553
-0.522522
-0.399828
-0.095402
0.006964
0.165898
-0.047885
-0.257614
-0.147214
0.394777
0.110199
0.015707
0.252555
0.076854
0.183570
0.017590
-0.539368
-0.042067
0.323596
-0.126506
-0.104622
0.307661
0.457194
-0.255229
-0.446246
0.169280
-0.103254
0.148543
0.284648
-0.003417
-0.115522
0.043349
-0.304357
-0.504728
-0.254517
0.227720
0.029285
0.654162
0.489484
-0.226861
-0.478805
-0.585904
-0.066472
-0.183260
0.235469
-0.283376
0.532175
0.042775
0.108709
-0.128218
0.189780
-0.058780
0.183019
0.318588
0.355238
0.032607
0.068031
0.194890
-0.273185
-0.058166
-0.055954
-0.556381
-0.139235
-0.179237
-0.034999
0.232238
0.457834
0.201219
0.378260
0.215108
0.371104
0.406777
0.238413
0.001384
0.348719
0.428559
0.310839
0.465900
-0.229945
0.063173
0.119883
0.225995
0.486555
0.070398
-0.121852
-0.071988
0.059658
-0.266555
-0.332509
0.024037
0.047114
0.124578
0.395742
0.162696
-0.010420
-0.284178
-0.168950
-0.250612
-0.075526
0.018826
0.109833
-0.440108
-0.545285
-0.351478
-0.511183
-0.021794
0.065941
-0.224305
-0.039191
-0.028246
-0.151806
-0.394405
0.050449
0.009580
0.236612
-0.035630
-0.498962
-0.288361
0.194298
-0.174332
0.061283
-0.238492
-0.128355
-0.644974
-0.496452
-0.385147
-0.269568
-0.263610
-0.089898
-0.334147
0.192840
0.106692
-0.035075
-0.402444
-0.225577
0.162634
0.475554
0.335097
0.466426
0.025371
0.020543
-0.063338
0.018305
-0.160560
0.046610
-0.510466
-0.477250
-0.163699
0.092214
-0.224513
-0.125196
-0.346332
-0.318825
-0.117845
0.190944
0.151533
0.226174
0.186528
-0.055115
-0.163643
-0.541471
-0.845722
-0.141954
-0.103302
0.189091
-0.116922
0.263477
0.380389
0.473079
0.278290
0.155292
-0.029952
0.074937
-0.076339
0.461622
0.190039
-0.112415
-0.027078
-0.145640
-0.091557
-0.091399
-0.204557
0.059008
-0.190365
-0.308049
-0.323849
0.090640
-0.293395
0.042486
-0.052021
0.060970
-0.147401
0.288562
0.600904
0.407159
0.148357
0.034955
-0.441873
-0.123403
-0.012580
-0.083098
-0.213397
-0.642358
-0.646981
-0.242500
-0.255261
0.044005
0.178585
0.046491
-0.381273
-0.275500
-0.002784
0.269043
-0.163657
-0.007595
0.061959
-0.128798
-0.106054
-0.057101
0.087090
0.019035
-0.253182
-0.230285
-0.369834
-0.340914
-0.193144
-0.177971
-0.375950
-0.645820
-0.417882
-0.086169
0.342210
0.295144
-0.204965
-0.004003
-0.043008
0.146304
-0.088616
-0.300559
-0.240793
-0.060973
-0.012347
0.096577
0.399439
0.303995
-0.357993
-0.397617
0.006863
-0.033972
-0.128632
0.127187
-0.001923
-0.101136
0.103922
-0.172018
0.006672
0.182291
0.222172
-0.084397
-0.544527
-0.609576
-0.727815
-0.347811
-0.327713
0.102840
-0.447407
0.017085
0.272322
0.191455
0.243371
-0.025112
-0.344516
-0.214996
-0.159908
0.060675
-0.094106
-0.367979
-0.413277
-0.313367
-0.333120
-0.072648
0.246768
0.157724
0.131120
0.265636
0.131997
0.076831
-0.267755
-0.218264
0.059512
0.164754
0.239976
0.586909
0.740436
0.878743
0.494495
0.195134
-0.405987
-0.296745
0.155708
0.074111
-0.106941
0.061272
-0.387860
-0.190392
-0.162341
0.195600
0.048855
-0.239088
-0.475829
-0.451350
-0.207526
0.305455
0.108909
0.660146
0.724200
0.467350
0.376177
0.302912
0.245706
0.214751
-0.184295
-0.017723
-0.193938
-0.087294
0.048446
-0.185374
-0.494431
-0.524756
-0.512929
-0.365561
-0.286037
-0.035566
-0.108588
-0.186068
-0.549464
-0.415000
-0.129688
-0.113237
0.097913
-0.057263
-0.316766
0.006488
0.135958
0.420053
0.145879
0.024807
-0.195592
-0.334929
-0.333859
0.009014
0.582828
0.253289
0.663407
0.243119
-0.233399
0.040275
0.483655
0.059568
-0.360029
-0.333940
-0.241943
-0.243260
0.054931
0.294677
0.244935
0.431990
0.266686
0.390424
-0.009639
-0.055560
0.132575
0.039683
-0.117817
-0.046313
-0.476779
-0.675775
-0.387058
-0.481343
-0.290065
-0.003001
0.347891
0.359656
0.223559
-0.285025
-0.254867
0.201793
0.004787
-0.348328
-0.407041
0.032924
0.540542
0.349171
0.117329
0.163181
0.339022
0.379366
-0.056650
-0.122402
0.048788
0.296948
0.292296
0.102431
-0.406980
-0.029773
0.025558
-0.186084
-0.057741
-0.240761
-0.181132
-0.038381
-0.237908
0.264592
0.079556
0.582690
0.039024
0.438053
0.139096
-0.074318
0.016930
0.266767
0.292635
-0.069778
-0.306207
-0.164226
0.067928
-0.125338
-0.388123
-0.593430
-0.596481
-0.470201
-0.553935
-0.564175
-0.305860
-0.065353
-0.701879
-0.085207
-0.170010
0.003866
-0.358625
-0.602245
-0.403671
-0.105462
0.338016
0.076495
-0.245008
-0.003625
-0.249775
-0.030684
0.285151
0.261535
0.368932
0.396739
0.405270
0.016361
0.221875
0.622839
-0.108980
-0.397964
-0.709486
-0.066249
-0.248210
-0.057548
-0.010652
0.051129
0.347256
-0.048445
0.014373
0.234290
-0.293853
0.036472
-0.105385
-0.187387
-0.283667
0.012071
-0.228160
0.006823
0.033960
-0.294934
-0.243535
-0.195189
0.534381
0.243585
0.058745
-0.435097
-0.516784
-0.077610
0.059623
-0.401049
0.155863
0.047116
0.190952
0.176079
-0.134348
-0.112958
0.182013
-0.073517
-0.163645
0.166043
0.069069
0.409118
0.274686
0.338478
-0.192853
-0.128381
-0.042140
-0.010045
0.253036
0.397722
-0.132178
0.319510
0.249402
0.184296
-0.125269
0.487783
-0.248775
-0.068140
0.086585
0.405002
0.759474
0.427334
-0.179156
0.219889
-0.332575
-0.564690
-0.155753
0.082366
-0.192949
-0.366599
-0.368294
-0.045215
-0.236354
-0.808166
-0.351400
0.369719
0.108897
-0.093952
-0.068240
-0.193815
-0.166819
-0.302999
-0.403736
-0.263827
0.203250
0.230396
0.190081
0.011050
0.039294
-0.009639
0.680984
0.290632
0.617505
-0.063806
0.170382
-0.374887
-0.163804
0.209561
-0.006370
-0.380153
-0.655612
-0.193525
0.025796
0.492829
0.627118
0.307423
0.288650
-0.224196
-0.142581
-0.080432
-0.160119
0.158627
-0.279689
-0.344851
0.072043
0.049128
0.080619
-0.103039
0.138155
-0.242595
-0.217230
0.077611
0.323622
0.069374
0.192434
-0.008179
-0.097558
0.048094
-0.009435
0.083590
-0.074045
0.206428
0.541074
0.520809
-0.091164
-0.046297
-0.088496
-0.173199
-0.122553
-0.082478
-0.381314
-0.390023
-0.063282
0.528010
0.064697
-0.111307
0.077247
-0.076945
0.261960
0.221650
0.110948
0.248697
0.225549
0.093999
-0.157214
-0.093012
-0.275784
0.072221
0.080197
0.466026
0.544418
0.164136
-0.216437
-0.017094
-0.144060
-0.197786
0.058334
0.257133
0.200264
0.059118
-0.144750
0.123511
-0.199997
-0.237149
0.209414
-0.212418
-0.262520
-0.146791
0.228570
-0.183424
-0.383352
-0.357924
-0.343780
0.037506
0.068106
0.198109
0.151723
-0.097784
-0.172125
0.339249
0.623281
0.073759
0.349220
-0.178028
-0.196283
0.044795
-0.175443
-0.138747
-0.077904
-0.253396
-0.641238
-0.243128
-0.136282
0.326179
0.413643
0.470231
0.100031
-0.285056
-0.315246
-0.346209
-0.299160
-0.135690
-0.453366
-0.506684
-0.027155
-0.098344
0.195114
0.137871
-0.173838
-0.227908
-0.342988
0.293219
-0.066362
-0.093538
-0.092875
0.147022
0.304240
0.326090
0.159554
0.072930
0.230706
0.105792
0.281111
0.421077
0.009894
-0.591238
-0.367498
-0.405081
-0.233698
-0.003262
-0.446657
-0.756628
-0.198303
0.161076
0.232062
0.108349
0.037560
0.173966
0.405219
0.744689
0.703184
0.323367
0.021464
0.181586
0.118485
-0.042772
-0.153887
0.038187
0.311783
0.444975
0.188052
0.008810
0.316737
0.193092
0.170079
0.128243
0.088552
-0.043458
-0.257410
0.134563
0.416644
0.692732
0.466096
-0.074619
-0.014373
-0.130619
-0.385739
-0.137089
-0.007940
-0.314134
0.004672
-0.040160
-0.046490
0.182941
0.256797
-0.191259
-0.123635
-0.257293
-0.146054
0.016509
0.521823
-0.090474
0.130788
-0.085307
-0.077517
0.149158
-0.233999
0.027949
0.031841
-0.415938
-0.798224
-0.271470
0.016756
0.201751
0.218159
0.021032
-0.179415
-0.198101
-0.045414
-0.148265
-0.413815
-0.002868
-0.628677
-0.534407
-0.246924
-0.128359
-0.315406
0.013560
-0.128696
-0.173517
-0.040573
0.613853
0.351116
-0.058050
-0.119357
-0.352290
-0.221023
0.331209
0.236743
0.305439
0.171299
0.108390
0.237451
0.187295
-0.113555
-0.505645
-0.579772
-0.159953
-0.368051
0.098948
-0.339421
-0.492167
-0.047088
0.107640
-0.183329
0.057917
0.203854
0.227749
0.845834
0.765813
0.768884
0.539052
-0.050800
-0.254145
0.046862
0.018450
-0.419659
-0.293280
-0.106125
-0.273205
-0.104253
-0.125412
0.462110
0.211871
0.346231
-0.052612
0.253318
0.111067
-0.010781
-0.116222
0.239351
0.642595
0.716962
0.680339
0.303858
-0.166296
-0.161941
-0.349569
0.126592
-0.173839
0.082704
0.289073
0.225932
-0.197120
0.133076
-0.066181
-0.009815
0.071148
0.115911
-0.024284
0.401156
0.271359
0.031816
0.007204
-0.124448
-0.175229
0.038084
-0.052380
0.100325
-0.446393
-0.467847
-0.502351
-0.322091
-0.029446
-0.023727
-0.094016
-0.417416
0.233078
0.294861
0.322061
0.314601
-0.024701
-0.390667
-0.610497
-0.326105
-0.126193
-0.492692
-0.372038
-0.093132
0.042595
0.080094
0.042713
0.452702
0.151211
-0.019343
0.138895
-0.069318
0.047374
0.362783
-0.215011
-0.639707
-0.274059
-0.008264
0.437594
0.088133
-0.158598
-0.310085
-0.100372
0.120662
0.352693
-0.390065
-0.722437
-0.088351
-0.011147
-0.465306
-0.329410
0.224389
0.464051
0.571080
0.382819
0.593215
0.233113
0.269616
-0.255846
0.345518
0.068396
-0.384318
-0.033866
-0.006815
0.103740
-0.042027
-0.253263
0.083119
0.243459
0.322785
-0.191792
0.055709
-0.144508
-0.178620
-0.106689
0.109214
0.132347
0.201274
0.366538
0.322353
0.313556
0.145556
-0.121313
-0.544345
-0.492536
-0.008439
0.641847
0.739877
0.197512
-0.099712
-0.043070
0.226304
0.098054
0.101003
0.036021
0.063169
-0.106675
-0.388119
-0.678571
-0.323475
0.193907
0.196339
-0.096347
-0.009449
-0.124433
-0.377164
-0.581933
-0.322857
-0.165168
-0.230192
-0.417618
-0.647537
0.097448
0.064701
-0.071344
0.251088
-0.061441
-0.621137
-0.347585
-0.497961
-0.130011
0.399318
0.282112
0.156449
0.062521
0.346635
0.339363
0.135189
-0.302863
-0.223979
-0.208122
-0.158041
0.299519
0.102196
-0.304631
-0.401879
-0.551329
-0.149807
-0.244769
-0.357379
-0.613228
-0.337028
-0.255564
0.018279
-0.112161
0.145301
0.056388
0.149793
0.018371
-0.187536
-0.190171
-0.005839
0.528084
0.460995
-0.121086
-0.040391
-0.037566
0.249587
0.214613
-0.281431
-0.132789
-0.278844
-0.570966
0.171642
0.276885
0.393594
0.129374
-0.060193
0.345544
0.228680
-0.119311
0.098536
-0.066718
-0.350990
-0.662253
-0.446568
-0.387425
-0.025935
0.046069
0.418788
0.572749
0.218045
-0.096175
-0.048444
-0.589094
0.145140
0.591592
0.156870
0.048841
-0.069911
0.331832
0.623600
0.453096
0.254282
-0.148798
-0.547633
-0.393706
-0.554861
-0.541162
-0.251274
0.089028
0.143040
0.003029
0.016305
-0.226093
-0.031542
-0.169794
0.012493
-0.285324
-0.332089
-0.276777
-0.564362
-0.608210
-0.564036
-0.292328
0.131296
-0.087205
-0.343245
-0.077627
-0.455781
-0.480449
0.303878
0.124492
0.131030
0.107203
0.168446
0.255955
0.135345
-0.236414
-0.178175
-0.148343
-0.075434
0.472842
0.568380
0.030955
0.132528
-0.554105
-0.515255
-0.148240
0.210631
-0.120774
-0.322465
-0.588883
-0.352742
-0.319647
-0.158967
0.245924
0.520903
0.255753
0.219829
-0.248597
-0.413394
-0.341260
0.024235
-0.293926
-0.051535
-0.021478
0.429360
0.354360
-0.599799
0.082875
-0.395042
-0.211491
0.072675
0.520226
0.571850
-0.024801
-0.045936
-0.200677
0.055586
-0.007925
0.096276
0.046361
-0.556860
-0.520602
-0.286484
0.154221
-0.268945
0.165418
0.497130
0.304007
0.398077
0.126037
0.262955
-0.033327
0.110758
0.182324
0.054792
0.080750
0.420508
0.347440
0.550640
0.341154
0.191971
-0.061941
-0.138128
-0.270314
-0.443277
-0.111823
-0.029824
0.039726
0.200889
0.488894
0.158613
0.261631
0.108179
0.152887
0.114416
-0.170972
-0.226575
-0.123049
0.111745
0.051785
0.086778
-0.129296
0.371667
0.264422
-0.047479
-0.232203
-0.490843
-0.423253
0.480420
0.546134
0.009448
-0.224471
-0.111051
0.009810
0.144624
-0.067981
0.586043
0.458966
0.475128
0.483570
0.251211
-0.014052
-0.389338
-0.344549
-0.224684
0.132520
-0.284725
-0.316742
-0.266081
-0.339830
-0.564256
-0.743884
-0.245776
0.335592
0.319270
0.218293
-0.041706
-0.052302
-0.147241
-0.544193
-0.661790
-0.512382
-0.428291
-0.221287
0.359241
0.401056
-0.645744
-0.201225
-0.250106
0.274469
0.257206
0.271312
0.284255
0.189511
-0.270620
0.140106
0.024113
0.097718
-0.096914
-0.520656
-0.434187
-0.202708
-0.178527
0.076334
-0.231697
-0.017411
0.161443
0.367142
0.474791
0.323256
0.178824
-0.459110
-0.243797
-0.452202
-0.190697
-0.016272
-0.251652
-0.033073
0.315172
-0.089322
0.135544
-0.310976
-0.367936
-0.303043
-0.281546
-0.166551
0.680645
0.276439
0.347095
0.449713
-0.174870
0.071514
-0.460658
-0.110327
-0.024522
-0.032271
0.010979
-0.300866
-0.187035
0.410712
0.050502
0.026255
0.568403
0.721430
0.341461
-0.309063
-0.675443
-0.324157
0.281665
0.534274
0.134856
-0.049733
0.270208
0.320987
0.172550
0.232827
0.357666
0.092776
0.190013
0.306144
0.361525
0.108371
-0.132534
-0.243287
0.146412
0.107176
-0.286154
-0.553688
-0.534154
-0.280527
-0.053782
-0.289317
-0.117773
-0.091763
0.370343
-0.181000
0.108075
0.269264
-0.079079
-0.398347
-0.198625
-0.214791
-0.130080
-0.215621
-0.038754
-0.422253
-0.106185
0.030361
0.034470
0.054176
0.199930
0.160296
0.375320
0.231639
-0.012465
0.156721
0.186578
-0.032225
0.033261
-0.363002
-0.220950
0.079342
0.199194
0.063641
0.274347
-0.030557
-0.174243
0.355269
0.609307
0.206468
-0.000970
0.075125
-0.105110
-0.300543
-0.589988
-0.584747
-0.361758
0.199118
0.204624
-0.473778
-0.600214
-0.456158
-0.068669
-0.001070
-0.164067
-0.307514
-0.077439
-0.270260
-0.564734
-0.355040
-0.343236
0.159330
-0.117263
-0.210278
-0.070711
-0.059107
0.281753
0.227719
0.159993
0.283323
0.150031
0.241027
0.591689
0.745327
0.662811
-0.113951
-0.695556
-0.523396
0.416119
0.370900
0.111681
0.098620
0.100704
0.227867
0.289395
0.103189
0.500006
0.460904
0.302120
0.531243
0.244658
-0.268723
0.056096
0.048259
-0.174855
-0.242766
-0.565488
-0.640490
-0.562029
0.071134
0.277604
0.197939
-0.088085
-0.024629
0.365545
0.380692
0.715639
0.222898
-0.033671
-0.454896
-0.123647
-0.377561
0.003795
-0.389740
-0.200218
-0.628789
0.014318
0.402530
0.288562
0.317913
0.414960
0.093129
0.194859
0.433978
-0.095866
-0.252186
0.190501
0.129598
0.122340
-0.414902
-0.040377
0.041968
0.167229
0.286134
0.633487
0.541847
0.108508
-0.110936
0.152807
0.101039
0.227166
0.464030
0.196776
0.012591
-0.467636
-0.659606
-0.089997
0.191088
-0.254878
-0.202157
0.104041
0.139913
0.187478
0.167732
0.216465
-0.040953
0.081004
-0.477621
-0.306771
-0.064046
-0.142051
-0.102489
0.040455
-0.011647
0.076792
0.146813
0.374022
0.588760
-0.031340
-0.029928
0.095711
0.237144
0.150421
0.403736
0.152286
-0.490735
-0.634851
0.005431
0.010786
0.384333
0.242306
0.268763
0.202585
0.342097
0.469217
0.021157
0.170075
0.679548
0.689207
0.411903
-0.056737
-0.071980
-0.075401
-0.267111
-0.241318
-0.458831
-0.501180
-0.677488
-0.415145
-0.338836
-0.355038
-0.460636
-0.332867
0.010535
0.129442
0.117647
0.611389
0.149819
0.243209
0.115554
-0.125282
-0.377886
-0.449195
-0.189583
-0.036873
0.015538
0.288827
0.227535
-0.056872
-0.140032
0.234978
-0.014805
-0.047441
0.608486
0.304530
-0.188188
0.108466
0.448907
0.064051
0.051141
0.226413
0.301497
0.051107
0.158512
-0.008970
0.048677
0.131606
-0.175519
-0.115691
-0.144657
-0.476543
-0.017047
0.096150
0.149770
-0.043683
-0.115470
-0.329519
-0.077157
-0.167378
0.082431
0.200769
0.249868
0.100523
0.281640
0.017359
-0.107967
-0.106184
-0.642718
-0.324744
-0.039499
0.107000
0.178907
0.293412
0.313468
0.373155
0.640767
0.693073
0.647043
0.259481
0.479631
0.459151
0.462230
0.210695
0.219062
0.023054
-0.265894
-0.061307
-0.236260
0.119816
0.434785
0.068886
-0.290986
-0.167419
-0.109083
-0.082401
0.162002
0.508091
0.632084
0.588971
0.319571
0.259166
-0.016683
-0.144886
-0.309892
-0.067262
-0.255176
-0.541115
-0.405722
-0.220772
-0.435452
-0.460986
-0.510506
-0.178016
-0.403861
-0.228735
-0.074856
0.010687
0.118944
-0.022594
-0.145510
-0.571761
-0.807171
-0.837361
-0.393065
-0.384445
-0.506212
-0.070529
0.460593
0.110803
-0.831095
-0.449464
0.159284
0.255132
0.458883
-0.246894
-0.136725
-0.092374
0.208108
0.133528
0.502696
0.095541
-0.170370
-0.172131
-0.118364
0.246445
0.027243
0.049336
-0.216831
-0.135663
-0.151466
-0.413549
0.101731
0.665236
0.421120
0.406327
0.575337
0.196587
-0.148498
0.016917
0.447249
0.277864
0.094874
0.510837
0.425095
0.422410
-0.296562
-0.298878
-0.484921
0.082677
-0.202582
-0.479613
0.332265
0.191299
0.242430
0.208326
0.306320
0.737208
0.485103
0.065671
-0.043833
0.525524
1.071762
0.991815
0.462670
0.313318
-0.079418
0.044433
-0.593620
-0.331372
0.102181
-0.270102
-0.177336
0.006950
-0.062232
-0.287001
-0.110972
-0.223247
0.076797
0.339178
0.473999
0.259781
0.181860
-0.342722
-0.178482
-0.074076
-0.669141
-0.454618
-0.666346
-0.086398
-0.235897
-0.368189
-0.232244
0.245582
-0.452910
-0.233595
-0.016188
0.614763
0.328526
-0.023862
0.152703
-0.220680
-0.831196
-0.797207
0.002123
-0.570294
-0.992246
SCALARS sample_1 float 1
LOOKUP_TABLE default
0.143052
0.161593
0.176289
-0.353838
-0.342710
0.038473
0.409199
0.255517
0.170920
-0.020971
0.342696
0.091232
-0.214653
0.221242
0.220089
0.158792
0.091478
0.099081
0.268359
0.359466
-0.079347
-0.296205
0.115571
-0.509739
-0.246663
0.082931
0.311558
0.406778
-0.183359
-0.403830
-0.732226
-0.273033
-0.267700
0.059491
0.337454
-0.272365
0.332938
-0.046534
0.093015
0.194950
0.305755
-0.086982
0.076270
-0.145103
0.320772
0.707486
0.039589
-0.098594
0.175017
-0.152098
0.590164
-0.003239
0.440620
0.428288
0.278318
-0.234545
-0.036308
-0.065147
-0.036409
0.436697
1.088161
0.670477
0.650674
0.508334
0.516927
0.390197
0.069896
-0.250477
-0.762960
-0.555644
-0.578527
0.288934
0.250235
0.052149
-0.171571
0.069924
-0.186761
-0.270245
-0.109714
-0.011342
0.040480
-0.260099
-0.168509
-0.081089
-0.349046
-0.543346
-0.076132
-0.033675
0.154549
0.238789
0.363229
0.257399
0.403300
-0.201368
-0.445732
-0.096145
-0.044802
0.460113
0.094107
-0.215206
0.036708
-0.063368
-0.072685
-0.052751
-0.255383
0.342830
0.385981
0.171706
0.258720
-0.092072
-0.104915
-0.002603
0.288889
0.555991
0.229214
0.207072
-0.234610
0.173903
-0.142228
0.303860
-0.243756
-0.470336
-0.039909
0.178609
0.066378
0.281972
0.316639
-0.016926
-0.045322
-0.511580
-0.860732
-0.363248
-0.110440
0.174937
0.247920
-0.022112
0.291415
-0.150748
0.265260
-0.028731
0.332882
0.196864
0.370677
0.156676
0.192207
0.505015
-0.194175
-0.345635
-0.084603
-0.099041
0.459356
0.067812
0.576285
0.547009
0.540425
0.084661
-0.093973
0.075072
0.386894
0.061417
0.442613
0.357034
0.477852
-0.322273
0.431172
0.419122
0.250956
0.132648
-0.446035
-0.694928
-0.597155
-0.092374
-0.275784
-0.115559
-0.380739
0.020096
-0.175693
-0.352963
-0.277192
-0.004652
-0.301618
-0.321795
-0.315954
-0.497043
-0.342169
-0.462175
0.188513
-0.258763
0.049017
-0.057926
0.014455
0.119338
0.185596
0.065154
-0.355706
-0.245155
-0.130152
0.279942
-0.032862
0.194038
-0.645892
-0.614596
-0.063164
-0.232248
-0.547766
-0.006099
0.407305
-0.144921
-0.218818
0.295761
0.010450
0.119195
0.551962
0.499725
0.269232
0.374569
-0.277132
0.121295
0.083252
0.062016
-0.212980
-0.428442
-0.343394
0.203760
-0.100039
-0.178639
0.096635
-0.061618
0.172372
-0.143773
-0.262619
-0.287594
-0.300674
0.022895
0.096567
0.134571
0.016529
0.404165
0.400057
-0.074447
-0.027728
-0.055384
-0.080516
-0.114987
-0.007925
0.377522
0.148087
-0.398551
-0.326275
-0.099752
0.082212
0.075878
0.323171
0.128284
0.067558
-0.085496
0.404058
0.253824
0.088589
-0.212221
0.229834
0.115982
0.045332
-0.074487
0.016255
-0.085880
0.004094
-0.492785
-0.190724
-0.165372
0.181864
-0.040314
-0.288013
-0.413350
-0.192013
0.191395
0.173915
-0.035896
0.043303
-0.066471
-0.486182
-0.144263
-0.497430
0.229336
-0.056880
-0.097739
0.442829
-0.017206
0.240491
0.337690
0.299731
0.471767
0.136506
0.237572
0.093316
-0.109653
-0.215802
0.059957
0.029480
-0.002995
-0.619603
-0.588512
-0.491815
-0.073241
-0.098531
-0.085020
0.528512
0.019418
-0.541267
-0.004214
-0.084675
0.274163
-0.183014
-0.033097
0.520100
0.400154
-0.047092
0.214619
0.017417
-0.306733
-0.347021
-0.550719
-0.454802
-0.343942
-0.162979
-0.670563
-0.015200
0.260068
0.074923
0.162774
0.320869
-0.063147
-0.023421
0.038487
-0.006834
-0.039048
-0.003745
0.470638
0.559731
0.001454
-0.120578
-0.191724
-0.369719
-0.270801
-0.236310
-0.094225
0.314183
-0.393720
-0.275160
-0.392461
-0.277918
0.135412
0.051668
-0.180664
0.412391
0.108148
0.342336
0.377648
0.263650
0.080855
0.218439
-0.035646
0.183989
0.202257
-0.320172
-0.073338
-0.264574
-0.791219
-0.215344
0.056568
0.022356
-0.270615
-0.086217
-0.066405
0.041688
0.300029
0.243857
0.090405
0.043387
-0.154610
-0.165281
0.440161
0.340640
0.158024
0.045307
-0.182109
0.040522
-0.273128
0.278419
0.362165
0.412834
0.668527
0.564753
0.349331
-0.159164
-0.365384
0.296963
0.242810
0.103276
0.059649
-0.037380
0.117793
0.040428
-0.349475
0.093877
0.191319
0.582271
0.017337
-0.050759
-0.041191
-0.046088
-0.248842
-0.237115
-0.171647
0.549997
0.199906
0.125601
-0.101445
-0.479417
-0.530601
-0.522696
-0.314390
-0.166443
-0.398134
-0.515969
-0.890571
-0.092725
0.360972
0.202278
0.275686
0.156028
0.072796
0.065022
-0.121439
-0.166918
-0.758056
-0.751871
0.240769
0.442506
0.492360
0.450918
0.135170
0.237978
0.124120
0.037657
-0.244083
0.434175
0.291108
-0.075274
-0.438759
-0.270418
0.133548
0.067599
0.268529
1.119351
0.401010
0.287064
-0.059882
0.406210
0.200826
0.079402
0.074876
0.258358
0.050439
-0.361900
-0.238785
-0.185077
-0.225264
0.019342
0.079506
-0.348733
-0.087575
0.250463
0.300271
0.362427
0.527321
0.145547
0.085866
-0.030359
0.052739
-0.123978
0.118526
0.265981
0.017884
-0.141640
-0.120766
0.002979
0.150775
-0.057904
0.049680
0.532803
0.263748
0.366666
0.288996
0.161237
0.094316
0.318197
0.797491
0.551823
0.387672
0.131306
0.424993
-0.117295
-0.271189
0.048039
0.286577
0.973961
0.595174
0.002692
-0.108707
0.002715
0.112513
-0.354357
-0.346738
-0.027377
0.162544
0.122209
-0.460985
-0.444431
-0.488914
-0.318715
-0.112592
0.059704
-0.031993
-0.152663
0.043219
0.538602
0.666656
0.249276
0.342642
-0.202442
-0.122496
0.521773
-0.068755
0.000657
-0.171677
-0.127688
0.208965
-0.084856
0.290371
0.075801
0.173001
0.119701
0.136825
0.026785
0.290260
0.394395
0.590981
0.244896
0.003243
-0.179812
-0.197541
-0.529947
-0.255874
0.367183
0.275167
0.025581
-0.096904
0.503359
0.143847
-0.127141
-0.115820
-0.098678
0.306566
-0.082895
-0.107653
0.056698
-0.133968
0.506131
0.361676
-0.149713
-0.218496
0.025584
0.030933
0.008680
0.302962
0.178204
-0.165859
-0.098006
0.067455
-0.436515
-0.073929
0.222686
0.119192
-0.529363
-0.389445
-0.130594
0.119245
-0.407126
-0.304533
0.260135
0.978561
0.493883
0.032806
-0.068817
-0.217314
0.343265
0.444820
0.422124
0.525452
0.134512
0.243389
0.098329
-0.108777
-0.411092
-0.173203
0.375773
0.009830
0.150048
0.051787
0.051365
0.014992
-0.448042
-0.147831
-0.074364
0.023203
-0.076880
-0.295914
0.017701
0.031436
-0.108925
-0.190244
0.064364
-0.003653
-0.012264
0.042628
0.448545
-0.036125
0.336977
0.200977
0.313689
-0.111155
0.317056
-0.297961
0.050926
0.440224
0.290288
0.232286
-0.295456
-0.255021
-0.527804
-0.373197
-0.134366
0.281769
0.392899
0.039744
-0.305288
-0.138536
0.207310
0.191990
0.090533
0.028302
0.141340
0.044567
0.177994
0.225969
0.510518
0.123686
0.120780
-0.048585
-0.128549
0.100052
0.245433
0.035601
-0.139277
-0.149312
-0.178798
0.322272
0.666381
0.671552
-0.240994
-0.336820
-0.236074
-0.017868
-0.210892
-0.122400
0.009378
-0.369287
-0.190936
-0.222102
-0.117888
0.213244
-0.048025
-0.103387
-0.098666
-0.287178
0.004949
-0.014187
-0.066992
-0.285196
0.270710
0.639587
0.436976
0.120940
-0.506062
-0.254502
0.043635
0.153844
0.285831
0.629583
-0.245740
-0.005068
0.274381
-0.075250
-0.352352
-0.518962
0.077766
0.175719
0.160990
0.111357
0.238547
0.131092
-0.281727
-0.061608
-0.186768
0.088872
-0.044952
-0.444209
-0.225273
0.077221
-0.007159
0.075064
-0.091145
0.090067
-0.184348
0.259499
0.375170
-0.443990
0.041079
0.135750
-0.041511
-0.072203
0.118532
-0.253394
0.085833
0.155467
-0.033833
-0.408989
-0.543372
-0.806486
-0.363957
-0.487782
0.073468
-0.190929
-0.222759
0.091598
0.103952
-0.324700
-0.091373
0.351166
0.180728
0.299697
0.210143
0.038085
-0.063555
0.010168
0.345511
0.061983
0.224642
-0.248635
-0.271672
0.053589
-0.343847
0.289195
0.032336
-0.225909
-0.333996
-0.127348
0.139833
0.340473
-0.235476
-0.366945
-0.554203
-0.190465
-0.284893
-0.270046
0.192214
-0.030746
0.212845
0.059887
0.249826
0.390615
0.180469
-0.191064
0.182340
0.477804
-0.331551
-0.457521
-0.287355
-0.198375
0.249590
0.136069
0.108410
-0.049172
-0.715660
-0.126192
0.275589
0.603328
0.576987
0.986975
0.599655
-0.120166
0.567195
-0.109810
-0.462231
-0.507184
-0.206570
-0.279342
0.204908
0.432101
0.805213
0.175729
0.349009
-0.213344
-0.386885
0.043939
-0.157153
-0.285243
0.069136
-0.156555
0.173874
0.024750
-0.121869
0.037630
0.138694
-0.021885
-0.136729
-0.127018
-0.136056
0.233441
0.242186
0.065987
0.414703
0.101282
0.143724
0.273848
0.204785
-0.069674
-0.129105
-0.421665
-0.208987
0.064824
-0.004478
-0.084942
0.298477
0.299159
-0.218726
-0.327492
0.140796
0.525277
0.318394
-0.020974
-0.210812
0.041440
-0.389822
-0.190315
0.114188
0.036265
0.003019
-0.192690
-0.213927
-0.488296
-0.471561
0.010468
-0.116425
-0.119352
-0.197755
0.101867
0.291890
0.404364
-0.082853
0.120195
-0.065532
0.355250
0.232026
0.097136
0.018219
0.038090
-0.102984
-0.020350
0.067174
0.190645
-0.010713
-0.002650
0.022117
0.087972
0.107360
-0.249605
-0.590506
-0.204252
0.045721
0.066070
-0.098616
-0.033525
-0.632668
-0.191557
0.377230
0.677897
0.748264
1.222771
0.418476
0.032887
0.392598
0.219408
-0.195473
-0.553664
-0.751593
-0.299738
0.257438
0.728413
0.523078
0.101715
0.090340
-0.432810
-0.078147
-0.210095
-0.285438
-0.433370
0.090454
-0.175086
-0.303358
-0.047635
-0.241008
0.102484
0.376225
-0.007394
-0.298834
-0.151700
0.009260
0.408342
0.277241
0.004249
0.029046
0.272809
-0.018729
0.043698
-0.225560
-0.518738
-0.292208
-0.312287
0.132102
-0.058846
0.126445
-0.028056
0.604131
0.249797
0.077524
-0.142174
0.637434
0.360926
-0.206814
-0.352126
-0.858165
-0.496482
-0.344817
-0.298835
0.072548
-0.660734
-0.232479
-0.025210
-0.220393
-0.254663
-0.766229
-0.508666
-0.373421
0.087952
-0.333002
-0.202680
-0.169554
-0.284558
-0.350455
0.141454
0.126422
0.296945
-0.165055
-0.121605
-0.016553
-0.339622
-0.071277
0.142826
0.493741
0.354621
0.151245
0.357826
-0.034159
-0.212781
0.337517
-0.018461
-0.385751
-0.354001
-0.179079
0.188323
-0.069182
-0.388715
-0.522538
-0.425247
0.058397
0.074512
0.163958
0.592682
-0.322261
-0.122962
0.391759
0.715093
0.122520
-0.301423
-0.777733
-0.400507
0.089872
0.099917
-0.118929
-0.019802
-0.065691
-0.232549
0.034391
-0.027915
0.290903
0.366843
-0.162850
-0.134088
0.035003
-0.001000
-0.010245
0.086570
0.086804
0.418751
0.038967
0.082930
0.232450
0.312519
-0.007056
-0.079594
-0.148925
-0.009853
0.067669
-0.284343
-0.335379
-0.474477
-0.358031
-0.216904
0.018292
-0.328935
-0.201800
-0.150012
0.149005
-0.142485
-0.025382
-0.576957
0.442192
0.380529
-0.023246
-0.263754
-0.323650
-0.216797
-0.170737
-0.354885
-0.081100
-0.079333
-0.070788
-0.010619
-0.156901
0.056087
-0.182303
-0.403668
-0.055629
0.179919
-0.036406
-0.023647
0.056515
-0.385030
0.173680
0.046218
-0.023757
0.193684
-0.021332
-0.111337
0.062018
-0.015341
0.002398
0.086186
0.079372
-0.220816
0.041616
0.080087
-0.068995
-0.205586
0.105655
-0.154644
-0.023595
0.047452
0.132926
0.260957
0.023078
-0.291067
-0.242546
-0.032925
-0.006844
0.299429
0.310554
0.286318
-0.332147
0.111883
0.372943
-0.008600
-0.284834
-0.521529
-0.482138
-0.082244
0.079516
-0.315314
-0.324025
-0.215983
-0.235798
-0.219528
0.229862
-0.057243
0.413457
0.351283
0.048088
0.248604
0.265355
0.204558
0.240059
0.195366
0.307545
0.238261
0.354524
-0.047720
-0.075672
0.030954
0.434445
0.432222
0.407691
-0.040707
-0.166489
-0.461264
-0.322229
-0.538104
-0.603730
-0.165085
-0.332644
-0.235872
-0.342638
-0.091122
0.234955
0.155938
-0.296967
-0.191920
0.656998
0.775733
-0.003687
-0.016771
-0.176599
-0.334218
-0.153209
-0.223986
-0.227907
0.132089
-0.034386
-0.160790
0.071340
-0.060516
0.091283
-0.410831
-0.146207
0.130374
0.245603
0.315398
0.295876
-0.113485
-0.343191
-0.139256
0.031947
0.117236
-0.026282
-0.158787
-0.142598
-0.132424
0.077786
0.216323
-0.009011
-0.333808
-0.209710
0.075944
-0.118894
-0.273614
0.112192
0.323712
-0.319634
-0.359683
-0.118689
0.265646
-0.029007
-0.286958
-0.776064
-0.597160
-0.509497
0.191420
0.150198
-0.213588
0.116415
0.137042
0.191163
-0.168547
-0.249726
-0.564146
-0.381634
0.021058
0.312566
0.420324
0.060690
-0.127877
0.230969
-0.151025
0.275179
-0.361959
-0.058145
-0.319725
-0.142192
-0.264948
0.163081
0.043834
0.166560
0.184610
0.356751
0.106518
0.592381
-0.026136
-0.312729
-0.189216
0.195341
0.211463
0.512437
0.516156
-0.020412
0.025897
-0.040549
-0.579234
-0.275481
-0.251591
-0.212146
-0.619963
-0.691580
-0.166765
-0.118371
-0.374159
-0.318936
-0.415225
0.244908
0.750905
0.065729
0.168739
-0.011423
-0.005279
-0.450943
-0.214862
0.043825
0.114890
0.128046
-0.067554
-0.196165
-0.197853
-0.007014
-0.126704
0.283752
0.536749
0.426939
0.232456
0.160673
-0.239518
-0.355006
-0.116674
-0.208503
-0.009835
0.157219
0.183901
-0.005508
-0.228678
-0.634169
0.115213
0.208964
0.091758
0.015220
-0.095909
0.238765
-0.137015
0.119349
0.373243
0.014588
-0.279693
-0.082314
-0.247144
-0.138153
0.057104
-0.423846
-0.591071
-0.386709
-0.136775
-0.234737
-0.401456
-0.302012
0.041412
0.173900
0.100208
-0.174929
-0.364291
-0.670887
-0.372554
0.122721
0.466467
0.362283
-0.169185
0.132036
0.129051
0.254977
-0.045082
-0.289178
-0.348120
0.018446
-0.149364
-0.111244
-0.425661
-0.482777
-0.206246
0.011079
0.237788
-0.001643
0.022207
-0.263596
-0.043151
0.020791
0.537780
0.444709
0.261899
0.212505
0.122256
0.174179
-0.340067
-0.220830
-0.291408
-0.112482
-0.324582
-0.050537
-0.314570
-0.264416
-0.353543
0.012588
-0.142008
-0.172541
0.454951
0.271357
0.245826
0.388839
0.425665
0.336684
0.404245
0.608125
0.255738
0.258276
0.080415
-0.323441
-0.221596
-0.082993
-0.227792
0.131727
0.644153
0.240658
0.051388
0.000675
-0.318517
-0.354086
-0.282580
-0.780968
-0.424161
0.085554
0.284227
0.350174
-0.189439
-0.191624
0.231128
0.194359
0.092437
0.270108
0.034339
0.798433
0.237451
0.329046
0.165627
0.366945
-0.118294
-0.530076
-0.151416
-0.226665
0.044162
-0.019783
-0.615410
-0.722554
-0.233784
-0.489465
-0.237825
-0.271141
-0.275639
0.065968
0.015171
-0.198339
0.114914
0.259903
-0.006567
0.171793
-0.015036
-0.064052
-0.275983
-0.117453
-0.083093
0.071033
0.105268
-0.082067
0.081836
0.358615
0.139496
-0.245662
-0.016849
-0.205629
0.110130
0.188109
0.247918
-0.158699
0.188150
-0.263308
-0.154647
0.226824
0.266990
0.680808
0.188720
0.448454
0.532939
-0.209338
-0.665824
-0.683105
-0.300131
0.465199
-0.171341
-0.539060
-0.630754
-0.566939
-0.340630
-0.069627
0.353037
-0.027434
0.199333
0.554173
0.613810
0.477945
0.300837
0.386162
0.228975
0.398144
0.252284
-0.088038
-0.061890
0.087153
-0.270603
-0.052055
-0.128544
0.179767
0.267204
0.397612
0.035629
-0.311253
-0.312054
-0.528877
-0.304231
-0.285027
-0.412139
-0.131977
0.272541
0.205678
0.178321
-0.640024
-0.383993
-0.170486
0.489471
0.178906
0.525189
0.744078
0.375422
0.179307
0.044513
0.136075
0.250113
-0.362707
-0.179757
0.298941
0.317164
-0.080146
-0.562857
-0.690845
-0.560837
-0.165540
-0.324241
0.143665
0.538189
0.146292
-0.186060
-0.364215
0.132348
0.371557
-0.076763
-0.105263
-0.016037
-0.067186
-0.000158
-0.197682
0.035546
0.159263
-0.026736
0.030910
0.185017
0.447662
0.460138
0.162931
0.088670
-0.009256
0.110825
0.249609
0.183045
-0.315933
0.209567
0.101626
-0.202540
0.395818
0.499531
0.490414
-0.098542
0.271085
0.355971
-0.250970
-0.400480
0.139097
0.402789
0.286705
-0.176223
-0.480102
-0.259853
-0.380095
0.016878
0.043987
0.267723
0.646761
-0.005973
-0.085032
-0.071778
0.325710
0.628583
0.253219
0.643482
0.545938
0.546022
-0.101441
0.309918
-0.317137
-0.376082
0.035812
0.039918
0.076113
-0.153756
-0.218911
-0.054608
-0.139162
-0.176158
-0.096628
-0.030012
-0.213862
-0.297597
-0.288769
-0.035604
0.152060
0.217334
0.298194
0.199326
0.050182
0.509307
0.567729
0.925261
1.066007
0.246055
0.379898
0.083552
-0.006683
-0.196314
0.040963
0.091000
0.107540
-0.042963
-0.229398
-0.392467
-0.968006
-0.177383
0.552471
0.414774
-0.170271
-0.164118
-0.009520
-0.032105
-0.249562
0.188586
0.152270
-0.473133
-0.469266
-0.489157
-0.403504
-0.200574
-0.332087
-0.325978
0.150998
-0.329989
-0.070150
0.231238
-0.010244
0.346697
-0.022611
-0.276105
-0.338014
-0.080021
0.056929
0.385423
0.032033
0.440566
0.292514
0.035626
0.650257
0.458864
0.072572
0.287944
0.251058
-0.018119
-0.279313
0.382638
0.374882
0.132229
0.111978
0.314582
-0.201702
0.152195
0.108548
-0.109853
-0.469348
0.006460
0.276951
-0.002499
-0.364542
-0.820695
-0.164753
0.229689
0.531456
1.021634
0.551722
0.399476
0.251583
-0.295597
-0.321114
-0.356392
0.076541
-0.215439
-0.336249
-0.306099
0.119352
-0.287117
-0.072862
0.415673
0.289416
0.155755
0.047274
-0.015239
-0.292232
-0.157081
-0.078724
0.127531
-0.060184
-0.185141
0.018935
0.188465
0.535917
0.820690
0.764261
0.145698
0.257596
0.197402
0.122393
0.247787
0.625444
0.527134
0.198494
-0.193007
-0.164005
-0.123387
-0.152897
0.034043
0.147138
-0.242164
0.084187
0.510074
0.193078
0.238187
-0.073240
-0.306469
-0.210143
-0.421481
-0.692487
-0.371133
-0.483027
-0.378923
-0.161816
-0.179393
-0.070226
-0.054362
-0.327519
0.119727
0.175552
-0.048194
-0.369811
-0.147054
0.022207
-0.041472
-0.161552
-0.286273
-0.273831
-0.090663
-0.196188
0.390610
0.532584
0.220149
-0.092513
-0.009579
0.357577
0.090740
-0.008276
0.380783
0.509118
0.614933
0.216988
0.220820
0.086713
0.110294
-0.060176
-0.210232
-0.597866
-0.475217
0.042143
0.064853
-0.569441
-0.489471
-0.489668
-0.213729
0.646679
0.502479
-0.049398
0.067006
0.291598
-0.183652
-0.067025
-0.382310
-0.024971
-0.362501
0.154726
0.101933
0.268321
0.667709
0.393628
0.197726
0.421148
0.067888
-0.427923
-0.278413
-0.561953
-0.078445
-0.200677
-0.284749
-0.461278
-0.471712
-0.054609
0.148134
0.145148
0.586285
0.523945
0.073037
0.670841
0.238380
0.268849
0.263718
0.517590
0.648390
-0.061907
-0.483975
0.045511
0.195086
0.320610
0.309075
0.011458
0.028271
-0.016929
0.113388
0.378338
0.212158
0.018307
-0.313411
-0.076909
-0.543995
-0.676335
-0.469912
-0.464669
0.008578
0.079165
0.131089
-0.277826
-0.414261
-0.272188
-0.274172
0.101856
0.100543
-0.481786
-0.152912
-0.093806
-0.186929
0.162434
0.100368
0.138639
-0.244933
-0.402674
0.325446
0.215368
0.246257
-0.087092
-0.531498
-0.509610
-0.308605
-0.170958
-0.244261
-0.163743
0.371190
0.440639
-0.100915
0.078266
0.122649
0.255964
0.033648
-0.145563
-0.262959
-0.038986
0.040596
-0.094385
0.268806
-0.271496
-0.207440
0.036606
0.357920
-0.146280
-0.160501
0.067769
-0.588021
0.211504
-0.248424
-0.019867
-0.370956
-0.053553
0.263853
0.552133
0.212813
0.304069
0.222433
0.052956
-0.072565
-0.186569
-0.095149
-0.386666
-0.138107
-0.185266
-0.596899
-0.599609
-0.245648
-0.157930
0.178603
0.172646
0.448825
0.124942
0.083673
0.077407
0.224196
0.037459
0.026146
0.064200
-0.042162
-0.132886
-0.384161
-0.031714
0.372298
0.295097
0.432258
-0.010396
-0.187570
0.169276
-0.181845
0.122210
0.060489
0.007194
-0.095350
-0.298979
-0.057318
-0.234775
0.012686
-0.327920
-0.394726
-0.234712
-0.097529
0.097387
-0.358382
0.128603
0.214805
-0.074465
-0.016813
-0.257811
-0.096966
0.036785
-0.469165
-0.241132
0.098084
0.139062
0.006277
-0.019583
0.598934
0.455105
0.208789
0.073805
-0.369525
-0.110030
-0.450220
-0.582528
-0.260263
-0.187621
0.043515
0.300775
-0.015197
-0.079909
-0.184883
0.079100
-0.074691
-0.187474
-0.233935
-0.235144
0.118309
0.246254
0.510567
0.235735
-0.475741
-0.489798
-0.384168
-0.254664
-0.061823
-0.275079
-0.105490
0.121308
-0.266491
-0.313324
-0.330011
0.280234
0.240209
0.017426
0.572522
0.237212
0.043598
0.378984
0.287766
0.129783
-0.121600
-0.272945
-0.272092
-0.315766
-0.559906
-0.188533
-0.218730
-0.221632
-0.238415
-0.094522
0.043811
-0.100449
-0.053209
0.049817
-0.002780
0.062265
-0.104340
-0.096233
-0.189755
0.048600
-0.078126
0.178719
0.367073
0.478127
0.084726
0.332130
-0.173964
0.446249
0.316591
0.004380
-0.012889
-0.037971
-0.036105
0.046173
0.265804
0.241565
0.155517
-0.481289
-0.496900
-0.302277
-0.031043
-0.140092
-0.425605
-0.361226
-0.264777
-0.258408
-0.236692
-0.142833
-0.109378
-0.029734
0.211764
-0.050696
-0.015473
-0.167397
-0.135041
0.002151
0.080930
0.194949
0.227468
0.259397
0.084499
-0.128765
-0.431301
-0.660518
-0.398718
-0.145669
-0.041289
-0.367249
-0.423436
-0.583537
-0.344618
-0.489157
-0.264192
-0.110292
-0.233785
-0.105176
-0.044804
0.387720
0.323584
0.063036
-0.467330
-0.478885
-0.378765
0.129351
-0.131895
0.102125
0.278935
0.340733
0.497377
0.060868
-0.077597
0.106418
0.309814
-0.046264
-0.117204
0.287710
0.020778
0.418106
0.376122
-0.103895
-0.140428
-0.094466
-0.131941
0.241292
-0.103712
-0.136532
-0.259895
0.001858
0.073650
-0.211481
0.131784
0.072563
-0.198393
0.040558
-0.204642
0.063376
-0.198518
0.175718
-0.129471
-0.128444
-0.225556
-0.034963
0.418625
0.028165
0.192880
0.069719
-0.021593
0.210292
0.049238
-0.400588
-0.277650
-0.259423
0.220574
0.339105
0.188101
0.436224
-0.079230
0.187181
-0.032274
-0.007306
-0.073692
-0.509115
-0.499171
-0.129982
-0.256361
-0.055302
-0.068264
-0.183580
-0.020469
0.164377
0.296645
-0.188861
-0.175577
0.248166
-0.012922
-0.453996
-0.040455
0.313157
0.352935
0.357753
0.202787
-0.038195
-0.366925
-0.371524
-0.067152
-0.315232
-0.120123
-0.450842
-0.551797
-0.230305
-0.454802
-0.282255
-0.394149
-0.485563
-0.427238
-0.213137
-0.388113
0.292862
0.048930
0.009555
-0.329425
-0.416951
-0.362073
0.122537
0.213066
0.492582
0.012834
0.434529
0.585763
0.520984
-0.153963
-0.109599
0.164628
-0.224437
0.206194
0.550182
0.011365
0.127353
0.327226
-0.030910
0.251369
-0.112194
-0.029064
-0.141254
-0.387725
-0.388785
0.081648
-0.353218
-0.343649
-0.257263
-0.350719
0.123599
0.114146
0.012943
0.035882
-0.163013
-0.191915
-0.092258
-0.261299
-0.137579
-0.477289
-0.553448
-0.052304
-0.306017
0.173417
0.381577
0.359480
0.183888
0.360645
-0.295934
-0.417923
-0.252644
0.018215
0.148854
0.030455
-0.030944
-0.582388
-0.265223
-0.300294
-0.108465
0.038231
-0.129292
-0.076731
-0.134985
-0.252226
-0.052153
-0.228190
-0.020247
0.212309
0.550658
0.650634
0.497380
0.551799
0.287995
-0.080826
-0.289697
-0.295866
0.012325
-0.401749
-0.132451
-0.299223
-0.467177
-0.181966
-0.319282
0.284601
-0.252564
-0.006547
-0.255455
-0.246142
0.041954
-0.492023
-0.401948
-0.452659
-0.656744
-0.526144
-0.492611
-0.464202
-0.059574
0.236262
0.091588
-0.132582
-0.492238
-0.265383
0.222537
0.452891
0.510389
-0.370739
0.083292
0.151482
0.116153
0.083863
0.337508
0.155155
-0.180668
0.087448
0.422183
-0.304702
0.017931
0.027816
-0.248512
0.070635
-0.080937
0.019746
-0.011995
-0.031256
-0.058269
-0.285079
-0.111475
-0.320268
-0.419391
-0.038946
0.075764
-0.177232
-0.273993
0.200372
-0.224889
-0.190594
-0.041877
-0.019393
0.234585
-0.340485
-0.695783
-0.681284
-0.743533
-0.233548
-0.068579
0.385496
0.137741
-0.221763
-0.328296
-0.445700
0.003550
-0.124108
-0.325495
-0.255310
0.034322
-0.414120
0.034535
-0.281935
-0.074149
-0.504618
-0.339482
0.178856
-0.155083
-0.018198
-0.084640
-0.461241
-0.373360
-0.094963
0.212119
0.356969
0.537674
0.287633
-0.054141
-0.363787
-0.489864
-0.228298
-0.127683
-0.058820
-0.166715
-0.744586
-0.536887
-0.349007
-0.341491
0.047506
-0.241700
-0.089512
-0.053986
-0.155637
-0.062705
-0.421086
-0.368278
-0.365073
-0.672767
-0.447091
-0.522812
-0.272622
0.131684
0.289730
-0.176150
-0.580817
-0.801475
-0.323922
-0.148226
0.173635
0.161249
-0.357749
-0.266795
-0.119580
-0.178041
-0.084073
0.251569
-0.120529
0.022349
0.285203
0.101585
-0.375293
-0.124423
0.056535
-0.291965
0.221123
0.057516
0.077859
-0.215913
-0.208945
-0.222574
-0.005349
0.122840
0.011018
0.169094
0.167437
-0.121415
0.026494
-0.105793
-0.084528
-0.316199
-0.126028
0.148623
0.072725
0.140352
-0.328329
-0.162697
-0.042062
-0.008994
0.014150
-0.086748
0.282876
0.371557
-0.044199
-0.147084
-0.387997
-0.088137
-0.137866
-0.697359
-0.219841
-0.016306
-0.306938
-0.018347
0.170254
-0.218110
-0.292616
-0.378638
-0.151660
-0.042304
-0.093978
0.092500
-0.078975
0.018951
0.149586
0.514365
0.351537
0.429418
0.022653
-0.356397
-0.278345
-0.338445
-0.372216
-0.341516
-0.316001
-0.198513
-0.652648
-0.858820
-0.229648
-0.369675
0.080649
0.201619
-0.054542
-0.123440
0.182550
-0.195618
-0.154536
-0.388861
-0.444233
-0.194493
0.189163
-0.070037
0.077102
0.174186
0.265576
0.083042
-0.220588
-0.467994
-0.146300
-0.321478
0.085542
-0.269364
-0.031079
-0.005721
-0.083924
0.233983
-0.159291
0.435929
-0.029693
-0.120590
0.091836
0.277452
0.088631
-0.012667
0.080318
0.248142
-0.138277
0.082891
-0.006694
-0.062928
0.007477
-0.026104
0.020990
-0.445753
-0.156087
0.242726
0.211028
-0.319417
0.201327
0.098610
0.004007
0.207305
0.032170
-0.001900
0.056935
-0.267065
0.039182
0.350772
0.592680
0.138175
0.392331
0.214209
0.000145
0.308644
0.088041
0.152012
-0.481540
0.048293
0.066300
-0.169375
-0.367882
-0.147903
-0.218298
-0.108734
0.156258
-0.427866
-0.491384
-0.148716
-0.346616
0.109921
0.679773
0.269611
0.351416
0.180799
-0.132183
-0.002235
0.535489
0.436847
-0.072758
0.021628
-0.145952
-0.309496
-0.389605
-0.417005
-0.516130
-0.470062
-0.545606
-0.656407
-0.007534
-0.277946
0.467948
0.330510
-0.286242
-0.020789
-0.157166
-0.027067
-0.395093
-0.390157
-0.374451
-0.415311
-0.254545
0.022460
-0.084595
0.067209
-0.115796
0.037641
0.034230
-0.147127
-0.359043
0.034829
-0.330722
-0.310266
0.049063
-0.325359
-0.244769
-0.241335
-0.441039
0.032381
-0.311898
0.012720
0.382497
0.320553
0.064329
-0.266871
-0.432575
-0.464946
-0.515424
-0.095658
-0.288806
-0.379763
0.162214
0.369315
0.122786
-0.126217
0.002087
0.212365
0.100019
-0.097662
0.080233
-0.003832
0.326967
0.655707
0.247541
0.225316
0.061427
-0.151160
-0.185407
0.008025
0.262539
0.041603
0.323495
0.174551
0.140960
0.526246
0.754531
0.560372
-0.059152
0.072723
-0.288628
-0.196566
0.106347
-0.261459
-0.277544
-0.348837
0.113553
-0.152153
-0.124565
0.046211
0.201366
0.266752
0.544390
0.063605
0.425110
0.658789
-0.024064
0.102317
-0.067018
0.719050
0.062659
-0.498590
0.274544
-0.122430
-0.597351
-0.523806
-0.303767
-0.545519
-0.098883
0.091037
-0.094459
-0.327105
0.204261
0.123407
-0.015697
-0.196826
-0.045607
0.069714
-0.325483
-0.400718
-0.598024
-0.534371
-0.279071
-0.242543
0.002110
-0.492281
-0.093446
0.088728
-0.157464
0.450440
-0.212439
-0.403225
0.010359
0.048646
-0.415768
-0.266213
-0.475571
-0.661946
-0.483603
-0.205245
-0.406798
0.180980
0.449055
0.249826
-0.109554
-0.369121
-0.583870
-0.309345
-0.019455
-0.017892
-0.156030
-0.037560
0.361698
0.063904
0.200642
0.207822
0.079774
0.328021
0.020603
0.168515
-0.105714
0.298844
0.095593
0.509775
0.564954
0.138229
0.196576
-0.268559
-0.623262
-0.331489
-0.174651
-0.108905
0.170200
0.103639
0.326248
0.673224
0.424796
0.307817
-0.159233
-0.367245
-0.259359
-0.249457
-0.411603
-0.656495
-0.425807
-0.294541
-0.430742
-0.081090
0.202661
0.371479
0.322058
0.278021
0.450098
0.207772
0.124742
-0.357259
-0.703838
-0.437590
-0.129728
0.262383
0.275304
0.105465
0.271492
0.256609
-0.509875
-0.427040
0.136115
-0.321525
-0.205182
-0.204125
0.091462
0.009984
-0.113725
0.255114
0.287126
0.386623
0.546803
0.149833
-0.115602
-0.175847
-0.359135
-0.156561
-0.301808
-0.538581
-0.079884
0.132787
0.024151
-0.031870
-0.035535
0.268559
0.295870
-0.250865
0.115113
-0.257427
-0.509008
-0.177656
-0.034412
-0.226450
0.131447
-0.258266
-0.308419
0.050867
0.342237
0.057109
-0.144503
-0.170257
-0.299376
-0.545120
-0.390143
-0.350175
-0.414832
-0.485853
-0.254176
-0.247059
0.017062
-0.077876
0.222795
0.252186
-0.085396
-0.447255
-0.145929
-0.347300
-0.133812
0.345045
0.168043
0.167074
0.371507
-0.139914
-0.471813
-0.321475
-0.045030
-0.234759
-0.106704
0.116199
0.208668
0.386507
0.295364
0.228699
-0.544359
-0.268388
-0.339131
-0.166042
-0.114773
-0.072587
-0.210398
-0.253158
-0.340331
0.009426
0.371712
0.402919
0.599743
0.326188
0.534453
0.625980
-0.051293
-0.431697
-0.754005
-0.665479
-0.435921
0.341189
0.109339
-0.021906
0.347822
0.207553
-0.282478
-0.110235
0.077561
0.065362
0.132342
0.442737
0.477561
0.004721
0.102292
0.400068
0.424380
0.671282
0.775386
0.390335
0.052372
-0.062679
-0.013653
-0.211696
-0.526312
-0.423910
0.064831
0.093496
-0.081810
-0.390621
-0.323359
-0.096150
0.069548
-0.090731
0.315682
-0.350476
-0.391278
0.294536
0.127319
0.117242
-0.180150
-0.102378
-0.597545
0.093544
0.289936
0.092653
-0.513742
-0.005735
-0.180950
-0.225015
-0.387745
0.406335
0.107812
-0.004961
-0.485425
-0.574735
-0.009115
-0.171533
0.301361
0.421339
-0.111931
-0.227317
-0.052367
-0.257268
-0.014096
0.178990
0.152493
0.143112
0.002862
-0.313121
-0.432637
-0.263970
0.115641
0.016554
-0.393557
-0.014382
-0.063466
0.635847
0.506746
0.407789
-0.220704
0.180313
0.168840
-0.146278
0.232884
0.427450
-0.134130
0.031318
0.076541
0.539140
0.394240
0.168168
0.539287
0.519078
0.265201
0.142169
-0.029346
-0.500911
-0.485456
-0.122800
-0.280582
-0.311608
-0.194229
0.117189
0.424520
0.203117
-0.166398
-0.085967
-0.099997
-0.246762
0.032832
0.278954
0.156470
0.364280
0.321952
0.525672
0.237989
0.476055
0.433671
0.241443
-0.046789
0.325414
-0.113111
-0.252061
-0.578090
-0.111426
-0.155651
0.351985
-0.011018
-0.421248
-0.049762
0.021633
0.343261
0.174343
0.600489
0.341697
-0.009166
-0.046669
0.181720
0.069459
-0.675151
-0.518298
-0.392390
-0.229626
0.074539
-0.320470
-0.334157
-0.149834
-0.076669
-0.305420
-0.187458
0.153797
-0.278958
-0.235086
-0.484027
-0.357017
-0.516129
-0.477786
0.114620
0.102402
-0.189380
-0.334267
0.113331
-0.439078
-0.055820
-0.069141
0.110108
-0.194906
-0.222455
-0.392611
-0.418893
-0.176450
-0.148088
0.114247
-0.089366
0.056243
-0.212329
0.378517
0.339741
0.335629
0.013782
0.033785
-0.098447
-0.037898
-0.188971
0.027899
0.049298
0.094557
-0.034691
0.348396
0.493868
0.686982
0.637351
0.541370
0.382402
-0.270400
0.001337
-0.641637
-0.406283
-0.385618
-0.240860
-0.190837
-0.260214
0.197664
0.544857
0.293076
-0.218057
-0.464211
-0.267725
-0.288004
0.376894
0.260588
0.186416
0.472654
-0.040036
0.000618
0.005584
0.282794
-0.329094
-0.210171
-0.112556
0.137658
0.167360
-0.049289
-0.091999
0.349522
0.303605
0.197759
0.008530
0.016090
-0.038404
-0.088702
0.034843
0.146620
0.331031
0.413624
-0.159878
-0.258199
-0.043097
-0.209209
-0.476734
-0.764246
-0.137550
-0.339200
0.013935
0.368931
0.280216
-0.142437
0.111948
0.418124
0.760742
0.229908
-0.034862
-0.133319
-0.372505
-0.187187
-0.359549
-0.459138
0.224434
0.186130
0.048471
-0.212197
-0.096086
-0.342159
0.158067
-0.247614
-0.064276
0.149725
-0.012863
-0.227901
0.110824
0.298624
0.187096
0.314337
-0.067014
-0.348220
-0.401794
0.303703
0.233966
0.156956
0.042742
-0.249309
-0.143502
0.295547
0.202058
0.026620
-0.011893
-0.140126
-0.086303
-0.113339
0.199212
0.536726
0.583918
0.294470
-0.200538
-1.003911
-0.072530
-0.590754
-0.082247
0.115711
0.211814
0.168199
-0.386403
-0.197176
-0.125992
-0.287046
-0.207027
-0.413670
-0.401777
-0.201539
-0.531881
-0.537612
-0.328525
-0.376833
-0.121186
-0.139514
-0.181378
0.323885
-0.021901
0.094043
0.081497
-0.077804
-0.104828
0.043488
-0.740494
-0.032592
-0.104538
-0.292797
-0.198812
-0.640421
-0.347721
-0.081102
0.267651
0.278674
-0.006035
0.209822
-0.205385
-0.083958
0.001926
-0.410244
-0.452597
-0.497811
-0.357753
-0.563034
-0.093000
0.395783
0.855386
0.123502
-0.133274
0.132861
0.516065
0.007170
0.188774
0.099383
0.105151
0.125120
-0.155246
0.020071
0.096817
0.247382
0.365370
0.246408
0.063358
-0.350101
0.140459
-0.014487
-0.300565
-0.297190
-0.375981
-0.499803
-0.086719
0.130522
0.396184
-0.020168
-0.199331
-0.301952
-0.358683
-0.090624
-0.009397
0.227199
-0.189245
-0.062697
-0.406802
-0.123716
0.014729
0.326575
-0.030869
-0.291378
-0.349052
-0.411021
-0.083900
0.181607
0.352780
-0.212950
-0.434057
-0.694429
-0.158596
-0.580557
-0.004808
0.313819
0.252115
0.271846
-0.375150
-0.281014
-0.413590
-0.235981
-0.340784
-0.264796
-0.201611
-0.563240
-0.730281
-0.601083
-0.816364
-0.493531
-0.178905
0.104358
-0.090521
0.045861
-0.039367
0.061107
0.434484
0.027541
-0.105842
-0.148064
-0.076914
-0.220443
-0.101967
-0.416291
-0.511734
-0.426476
-0.224869
-0.241746
0.137206
0.741313
0.301341
0.109279
-0.114012
0.052095
0.109061
-0.421344
-0.498562
-0.239952
0.144583
-0.024534
0.166715
0.490196
1.030341
0.106518
0.012630
0.382057
0.624846
0.189207
-0.025507
0.067566
0.186132
0.023002
-0.545156
-0.221962
-0.027395
0.028349
0.600986
0.532863
-0.101810
-0.191169
0.065306
-0.040946
-0.172001
-0.526503
-0.564430
-0.587500
-0.199596
-0.136635
0.232331
0.476899
0.249143
-0.600908
-0.856714
-0.024721
-0.047711
0.592807
-0.214556
0.048516
-0.441598
-0.654061
-0.529437
-0.389609
-0.355173
-0.617694
-0.544907
-0.057794
-0.408203
0.125336
0.342847
-0.129083
-0.211122
-0.170149
-0.012691
-0.476561
0.184834
-0.013440
0.223092
0.061369
-0.324836
-0.069603
-0.295450
-0.316014
0.049511
-0.068523
0.006100
-0.476332
-0.526439
-0.548222
-0.555436
0.168797
0.034046
-0.131208
-0.003978
-0.188378
0.098802
-0.235225
-0.104052
0.115213
-0.179658
-0.108242
0.212721
-0.064366
-0.481666
-0.636585
-0.307035
-0.226049
0.030143
-0.062955
-0.154416
0.076430
0.551951
0.449205
-0.062688
0.133957
-0.074020
-0.338248
-0.098426
0.227714
0.046537
0.330092
0.084526
0.287147
0.315086
-0.222772
-0.246411
0.449694
0.656820
0.221389
0.320685
0.095491
0.005677
-0.047219
-0.143936
-0.195230
0.096768
-0.035812
0.274910
0.311022
-0.043045
-0.518207
-0.179928
-0.312903
0.042881
-0.263430
-0.380090
-0.340495
-0.102299
-0.016052
0.156589
0.172433
0.168205
0.007062
-0.614536
0.192744
-0.106921
0.129228
0.261328
0.308437
-0.195310
-0.269126
-0.268006
-0.280116
-0.403185
-0.326030
-0.488721
-0.246233
-0.475562
-0.260079
-0.033461
-0.072999
-0.065299
-0.170635
0.133799
-0.068662
0.209204
-0.062632
0.663123
0.205659
-0.256983
-0.073186
-0.102178
0.166323
0.581429
-0.208389
0.241014
-0.190240
-0.588964
-0.188879
-0.289448
-0.170232
-0.248120
-0.238363
-0.039517
0.341997
0.390937
0.488391
0.327207
0.119911
0.045801
-0.191114
-0.141104
-0.176218
0.000665
0.044001
-0.177409
-0.068060
-0.054887
-0.130691
-0.134666
-0.012040
0.435576
0.237981
-0.183170
-0.191913
-0.579180
-0.285457
-0.157249
0.119781
0.097853
-0.019987
-0.060717
0.156716
-0.092561
-0.146318
-0.319561
0.321824
0.279659
0.116585
-0.228565
0.114261
-0.185533
0.386578
0.132555
0.421380
0.116466
0.144829
0.027536
0.140876
-0.309438
-0.549452
-0.452568
-0.115166
0.008424
-0.073014
-0.006803
-0.147413
-0.046295
0.053584
0.047526
0.088966
0.155303
0.204821
-0.285460
-0.308096
-0.599998
-0.363496
0.605376
0.697779
0.233442
-0.168188
-0.458399
-0.505186
-0.322292
0.011720
0.084899
0.058724
-0.249748
-0.131787
-0.015003
-0.114015
0.180904
0.238199
0.079398
0.026295
-0.097273
0.237485
0.490858
0.017688
-0.190269
-0.286956
-0.051579
-0.150210
0.018211
0.140510
0.063066
-0.212709
-0.476615
-0.171974
-0.448280
-0.234927
-0.334859
0.072708
0.227105
0.426198
0.509345
0.254770
0.245947
0.108396
0.135454
-0.342634
-0.455990
-0.391784
-0.079369
0.283939
-0.390396
-0.635439
0.099258
-0.041657
0.179779
0.167300
0.112239
0.012350
0.103164
0.033088
-0.275629
-0.230993
0.090168
-0.189011
-0.334012
-0.132738
0.131808
0.289449
-0.375597
-0.316286
-0.158490
0.090011
0.035856
-0.025158
0.194668
0.423131
-0.449148
0.200972
0.113497
0.366381
0.357966
0.199015
0.337637
0.267076
-0.149521
-0.382287
-0.405535
-0.352936
-0.435386
-0.122254
0.026632
-0.153438
-0.014978
0.060484
-0.184383
-0.221039
-0.084234
-0.175657
-0.101317
-0.148627
-0.292109
-0.278549
0.263418
0.233483
0.115132
-0.398713
-0.306136
-0.128967
-0.102355
-0.017592
0.540257
0.037143
0.067109
0.046774
0.119802
-0.088119
-0.196866
0.033683
0.099246
0.050982
0.051408
-0.027341
0.232877
0.153118
0.192177
0.032656
0.160996
0.003341
0.401864
0.253227
0.128948
-0.179097
-0.583106
-0.393850
-0.697979
-0.473944
-0.357595
-0.073953
0.279859
0.699548
0.427421
0.443394
0.034382
-0.291946
0.078812
0.315879
0.000537
0.268500
0.204167
0.279567
-0.107358
-0.178757
0.043853
0.353030
0.274147
-0.165222
-0.521147
-0.177705
-0.078438
-0.269585
-0.484774
-0.299785
0.157065
0.554767
0.186344
0.398727
0.430140
0.250768
0.040451
-0.010822
-0.082438
0.490729
0.031927
0.159063
0.094934
-0.134738
-0.466075
0.075685
0.469291
0.653908
0.084973
0.153838
0.061579
0.110618
0.069173
-0.070971
-0.134003
-0.265702
-0.687182
-0.395055
-0.061620
-0.341939
0.099957
-0.032880
0.368408
0.531168
0.002891
-0.395591
-0.343052
0.073809
-0.024229
-0.162741
0.177054
-0.089658
-0.346928
-0.424524
-0.169869
0.108016
0.398981
0.111998
0.113277
-0.024839
-0.142740
-0.249411
-0.160017
-0.102598
-0.105910
-0.406231
-0.675546
-0.585333
-0.710195
-1.209355
-0.398701
-0.250641
0.344042
0.636398
0.762160
0.446957
-0.008409
0.177612
-0.051328
-0.132455
-0.203417
-0.362009
-0.260795
-0.118389
0.100789
0.064880
0.287780
0.107799
0.365209
0.705180
0.548962
0.115184
0.107436
-0.373881
-0.120847
-0.083154
0.083460
0.176842
-0.185016
0.105943
0.035279
0.257813
0.264487
-0.237357
-0.569237
-0.112745
-0.075006
-0.368500
-0.558000
-0.575785
-0.226913
0.079322
0.319709
0.657570
0.311005
-0.079296
0.252831
-0.099491
0.229784
0.395893
-0.157506
0.195634
0.136091
0.223771
0.062356
0.122204
0.547630
0.201858
0.082792
0.079021
-0.329510
0.037625
0.259933
0.079959
0.002715
0.020171
0.035994
-0.050715
-0.149168
-0.244906
0.201307
0.525320
0.496056
0.361472
-0.072146
-0.181670
-0.412947
-0.137441
-0.364893
-0.578544
-0.046080
-0.091391
-0.109716
-0.494909
-0.326082
-0.665118
-0.021607
0.039349
-0.170503
0.237974
-0.226123
-0.010420
-0.099351
-0.456867
-0.360323
-0.848421
-0.500973
-0.640595
-0.667175
-0.997918
-0.596035
-0.211500
-0.334092
-0.088764
0.377459
0.345385
-0.169509
-0.040792
0.066702
0.036064
-0.286432
-1.002085
-0.852922
-0.604239
-0.082519
0.176892
-0.019313
0.106229
-0.031338
0.630197
0.572896
0.725546
0.357796
-0.070139
-0.123253
-0.238855
-0.007027
-0.115834
0.028357
-0.288486
-0.006501
0.246029
-0.039047
-0.008924
-0.498085
0.119778
0.330603
-0.148382
-0.168200
-0.002746
-0.331502
0.122174
0.386969
0.590256
0.778765
0.130179
-0.024520
-0.155776
0.039884
-0.005667
-0.277141
0.110269
0.243428
0.279968
0.361868
0.196670
0.224757
0.059021
-0.149571
-0.112675
-0.331449
-0.080517
-0.042028
0.145482
-0.125380
0.109877
-0.365544
-0.257267
-0.258305
-0.409367
0.052877
0.277250
-0.062003
-0.004278
0.383783
0.060338
0.293049
0.485010
-0.015778
-0.273092
0.008019
0.338384
0.522418
-0.130065
-0.110153
-0.619888
-0.248334
-0.018424
0.228476
0.620441
0.360161
0.459552
-0.062515
-0.439699
-0.729733
-0.365848
-0.321028
-0.129449
-0.309622
-0.410864
-0.487292
-0.211591
-0.325438
-0.043909
0.182350
0.156150
0.057818
-0.039241
-0.300175
-0.359798
-0.356221
-0.365788
-0.770550
-0.286271
-0.426527
-0.405918
-0.406548
-0.275906
-0.278595
0.118400
0.320418
0.487786
0.283760
0.255986
0.136523
0.314925
-0.183760
-0.005742
0.442762
0.283339
0.317203
-0.058483
-0.212213
-0.096019
-0.119755
0.226919
0.153714
-0.109577
-0.077902
-0.281587
-0.298371
-0.051200
0.426265
0.469769
0.323397
0.042089
0.109717
-0.278873
0.056705
0.067100
0.181416
0.063986
0.445203
0.432700
0.269829
0.232194
0.295386
0.325036
-0.050658
-0.079149
-0.285166
-0.065789
-0.085052
0.040265
0.106764
-0.125083
-0.484360
-0.253140
-0.067905
-0.536761
-0.167461
0.327851
0.167872
-0.077241
-0.002318
-0.263105
-0.181181
0.475879
0.312158
0.371512
0.144588
0.288523
0.468890
0.313659
0.213513
-0.066961
-0.052341
-0.413370
0.077879
0.129007
-0.002347
0.057198
-0.252958
0.104935
-0.038182
-0.006738
0.216581
-0.362822
-0.678446
-0.580521
-0.664476
-0.376716
-0.133860
0.026921
0.173598
-0.035841
-0.024187
0.080102
-0.012576
-0.164070
0.208913
-0.089297
-0.228530
-0.265968
-0.324879
-0.242991
-0.468323
-0.232274
-0.004128
0.249710
0.256973
0.631615
0.174207
-0.001227
-0.272682
0.070909
0.029166
-0.106804
0.059693
0.043568
0.016047
-0.231913
-0.100836
0.040888
-0.364064
0.043134
-0.304762
-0.371598
-0.448954
-0.095089
-0.426657
-0.013496
0.178532
-0.057788
0.126657
-0.240951
0.184631
-0.452942
-0.323204
-0.097070
0.285391
0.198345
0.140429
-0.020375
-0.312948
0.092908
-0.324577
0.460638
0.428636
0.355635
0.024299
0.187183
-0.481571
-0.320616
-0.531723
-0.360426
-0.124130
0.230758
0.099224
-0.272865
0.067320
0.083806
0.092165
0.163757
-0.430423
-0.496656
-0.508997
1.069880
0.679312
0.265957
0.123673
0.136147
0.327134
0.274472
-0.050397
0.380391
0.458644
-0.019859
-0.306672
-0.208225
0.150618
0.096510
-0.097788
0.084027
0.200169
-0.108565
0.092575
-0.242203
-0.586853
-0.008935
-0.196255
0.019234
-0.147498
-0.013045
0.175299
-0.220523
0.008377
-0.331771
-0.010525
0.335712
0.387692
0.512097
0.214674
0.112989
0.301602
-0.085703
-0.316529
-0.167038
-0.175808
0.083579
0.133098
0.222086
0.604876
0.132312
0.329859
0.426755
0.251293
0.099750
0.374698
-0.285110
-0.065741
-0.261084
-0.126156
0.262130
0.059935
0.182721
0.401215
-0.128617
-0.170197
-0.159646
-0.028106
0.028639
0.179689
-0.222807
-0.422347
0.080185
0.240045
-0.573058
-0.221601
0.055864
0.219814
0.449057
0.445454
0.283744
0.044846
-0.136439
-0.204520
-0.070066
0.104643
0.053945
0.002559
0.208332
-0.271855
-0.461418
-0.276239
-0.357323
-0.294244
0.462362
0.443584
0.207163
-0.162221
0.131760
-0.190544
-0.487728
-0.551778
-0.613419
-0.550798
0.179620
0.449755
0.264062
0.024709
0.117575
0.411235
0.667327
0.805041
0.571859
0.371189
0.360301
-0.325519
-0.028684
-0.154168
-0.471200
-0.056980
0.244024
0.375331
0.445137
0.151962
0.013876
-0.548685
-0.176830
-0.091349
-0.405669
-0.108105
-0.154534
0.174864
-0.310090
-0.243734
-0.374209
-0.349124
0.204639
0.293015
0.196833
0.337670
0.502088
0.514996
-0.073327
-0.697691
-0.372204
-0.528005
-0.161206
-0.065685
0.267503
0.467498
-0.134130
0.308894
0.348742
-0.006840
0.273538
0.097450
-0.427701
-0.298792
-0.006429
-0.247958
0.127934
-0.275190
-0.066446
0.100897
-0.046105
0.032872
-0.020770
0.439125
0.095862
0.231881
-0.122225
-0.225805
-0.027572
-0.378928
0.055239
0.279148
0.065255
-0.108617
-0.098251
0.241763
-0.036281
-0.092124
-0.485083
-0.425364
-0.481458
0.142402
0.273671
-0.309431
-0.499044
-0.559985
-0.373674
0.234070
0.092313
-0.382276
-0.419897
0.082837
-0.091416
0.008517
-0.230539
-0.545356
-0.749494
-0.636776
-0.374712
-0.307549
0.395424
0.592406
0.300612
-0.038371
0.111969
0.011883
0.587647
0.801839
0.829660
0.797337
0.642941
0.272974
0.057782
0.243742
-0.207880
0.376345
0.122446
0.334015
0.393277
0.319238
0.494562
-0.183385
0.020438
-0.180793
-0.258596
0.005687
0.406101
0.167154
-0.030848
0.150170
-0.212927
-0.141631
0.374820
-0.086334
0.235999
0.412141
0.748244
0.331629
-0.011906
-0.531182
-0.328305
0.050238
0.197331
-0.094657
0.108408
0.342327
-0.109864
-0.511775
-0.242780
-0.215349
0.150270
-0.043189
-0.241709
-0.457686
-0.314181
-0.349954
0.189353
-0.288184
0.221215
-0.034326
-0.015461
0.095079
0.274984
0.295297
0.233635
0.583501
0.226141
0.117714
0.074891
-0.477305
-0.023292
0.159016
-0.144960
0.123515
-0.085129
-0.147295
0.174395
-0.617892
-0.796025
-0.759728
-0.752044
-0.485880
-0.332096
-0.578340
-0.459976
-0.561850
-0.446974
-0.293950
-0.035576
-0.531950
-0.375640
-0.174096
-0.230559
-0.098824
-0.241919
-0.294845
-0.295410
-0.365967
-0.172679
-0.092675
0.614114
0.692302
-0.187764
0.197740
0.333574
0.439764
0.448730
0.688203
0.710210
0.683605
0.593190
0.166788
0.353625
0.227179
-0.356357
-0.023280
0.188602
0.480210
0.139633
0.296907
0.284221
-0.043738
-0.200596
-0.171773
0.195399
0.180965
0.330185
0.292953
0.151435
0.005996
0.054987
0.007627
0.409381
0.219438
0.216427
0.440226
0.805888
0.000446
0.284285
-0.027543
0.388962
-0.016879
-0.283845
-0.037456
0.130003
0.363197
0.315490
0.198129
0.458784
0.100030
0.320885
0.083363
0.054544
-0.439609
-0.103641
-0.552348
-0.262020
-0.092217
-0.032792
0.434247
0.076967
0.180455
0.419147
0.647755
0.681382
0.423070
0.416490
-0.027547
-0.150296
-0.375781
-0.082884
-0.008391
-0.193618
0.064783
0.192059
0.149513
0.191589
-0.484373
-0.894038
-0.860055
-0.522727
0.032823
-0.127074
-0.399711
-0.371336
-0.314668
-0.331842
-0.399271
0.067675
-0.445794
-0.267655
-0.509608
0.046836
0.165803
-0.004753
-0.083787
-0.050741
-0.530304
0.109558
-0.067243
1.072206
0.610674
0.323475
0.309931
-0.007749
0.066958
0.096791
0.119463
0.493191
0.266121
0.576727
0.348077
0.100111
-0.190575
-0.121210
-0.320968
-0.235110
0.331219
0.084528
0.193630
0.001435
-0.099750
-0.109350
-0.156431
0.152014
0.081705
0.042706
-0.058253
0.256302
0.012527
-0.012728
0.209811
0.501906
0.498842
0.521326
0.474927
0.281409
-0.187495
-0.227635
0.049207
0.226466
0.225605
0.289389
-0.064701
-0.089978
0.035373
0.020466
0.194562
0.482026
-0.031405
0.424102
0.043926
-0.111078
-0.272404
-0.002839
-0.433826
-0.180574
0.460785
0.135428
0.211173
0.095188
0.241412
0.522193
0.352291
0.652511
0.220303
0.340766
0.074733
-0.360590
0.033758
0.334977
-0.026473
-0.306269
0.093755
0.106756
-0.062832
0.352107
-0.091541
-0.295074
-0.737304
0.010361
0.150156
-0.248696
-0.555544
-0.366690
-0.434276
-0.985418
-0.513625
-0.146849
-0.280652
-0.588134
-0.626181
0.152264
0.362374
-0.100625
-0.196252
-0.023666
-0.220037
0.289914
-0.294306
0.462495
0.228870
0.094259
0.446823
0.024845
0.247193
0.047985
-0.165247
-0.281765
-0.223438
0.425659
0.175518
0.434484
0.418542
0.372769
-0.077835
-0.293127
0.182785
0.362953
0.306180
-0.321605
-0.213204
-0.089119
-0.215298
0.296193
0.248006
-0.033489
0.200869
-0.068858
-0.400049
-0.098752
-0.070186
0.426228
0.353370
0.407235
0.362955
0.091048
-0.024793
-0.266752
-0.089870
0.230030
0.063496
0.183031
-0.112985
0.019434
-0.185361
-0.380964
-0.308480
0.110272
-0.208660
0.178190
0.074534
-0.490050
-0.218948
-0.051969
-0.022482
-0.256298
0.258637
0.042081
0.480541
0.287234
0.392714
0.381050
0.056283
-0.007026
-0.232480
0.150114
0.110804
0.211237
0.429353
0.595530
-0.276700
-0.146716
-0.229783
0.141368
0.174985
0.230797
-0.103299
0.065211
-0.320570
-0.229185
-0.144656
-0.718740
-0.518346
-0.719054
-0.331495
-0.572235
-0.588676
-0.304087
0.068758
0.007050
0.123122
-0.607918
-0.135575
0.001784
-0.444762
-0.258747
-0.217656
0.000726
-0.328721
0.554793
0.079925
-0.211542
0.108258
-0.038637
-0.147800
-0.175729
-0.346169
-0.238779
-0.176415
0.495741
0.198613
0.273799
-0.024047
-0.016663
-0.219597
0.077799
0.207123
0.388338
0.449245
0.057354
-0.487680
-0.381736
0.062496
0.206698
0.197471
0.073313
0.203145
-0.079070
0.035173
0.020664
-0.009961
0.272644
0.585440
0.769319
0.442114
0.182003
0.148922
-0.018730
0.052219
0.349233
0.189447
-0.169084
-0.626198
-0.717200
-0.841344
-0.874091
-0.514145
-0.102847
0.034262
0.365985
0.080850
-0.594716
-0.621069
-0.606691
-0.356494
-0.011344
-0.262845
-0.044554
0.566526
0.399502
0.526795
0.404399
0.490697
-0.081606
-0.220433
-0.512027
-0.046891
0.261170
0.377533
0.027008
-0.097493
-0.078879
-0.049885
0.009753
-0.450144
-0.396218
-0.057943
0.031635
-0.152060
0.016129
-0.287534
-0.636020
-0.605539
-0.476553
-0.257592
-0.543982
-0.779165
-0.295079
-0.087948
0.126967
0.002260
-0.469324
-0.475162
-0.573790
-0.450759
-0.435875
-0.488792
0.005424
0.208714
0.548601
0.332862
0.116564
-0.477500
-0.048399
-0.286365
0.015391
-0.067762
0.168308
0.325525
0.420687
0.125433
0.078884
-0.242543
0.019987
0.171689
0.618242
0.102608
0.300084
0.182162
0.430401
-0.008651
-0.288359
-0.025321
-0.066039
-0.309795
-0.330998
0.312474
0.040297
0.210295
0.011220
-0.078612
0.193028
0.316142
0.175989
0.146038
0.316292
0.070746
-0.126020
-0.150937
-0.214604
-0.082044
-0.056325
-0.432531
-1.095543
-1.242084
-0.429529
-0.328158
-0.319249
-0.141736
0.346956
-0.039477
-0.506568
-0.673822
-0.128174
0.066633
-0.016977
-0.088372
-0.290765
0.104753
0.431201
0.556816
0.407373
0.396316
0.107533
-0.174375
-0.147306
0.091800
0.176011
0.253186
0.104625
0.028644
-0.044621
-0.033970
-0.307540
-0.232473
-0.479300
-0.174371
0.155414
0.127658
0.176150
-0.195086
-0.476927
-0.174110
-0.077820
-0.096897
-0.102675
-0.169142
-0.164901
-0.427714
-0.190156
-0.144133
-0.543679
-0.462977
-0.091673
-0.146385
-0.490885
-0.619125
-0.562637
-0.316108
0.121870
0.230501
0.037318
-0.351324
-0.278249
-0.405049
-0.147884
0.116526
-0.062365
0.342715
0.297137
0.042055
-0.166118
-0.553227
-0.243385
0.336687
0.287391
0.343835
0.427857
0.145252
0.162910
-0.235073
-0.157937
-0.194459
0.461335
0.468472
0.050731
0.116767
-0.032583
0.035048
-0.233831
-0.424764
0.145743
-0.131584
-0.162749
0.479734
-0.002876
0.177161
-0.221823
-0.054555
-0.296752
0.182182
0.181476
-0.278488
-0.730309
-0.303713
-0.085063
-0.270943
-0.247402
0.098963
0.101253
-0.012806
-0.017632
-0.092181
0.121300
0.329834
-0.549128
-0.201282
0.171000
0.071950
0.461286
0.060303
0.376879
0.336621
0.167991
-0.091690
-0.455454
-0.146582
-0.042842
0.458003
0.588771
-0.244399
-0.204960
-0.096659
-0.205127
0.072674
0.020198
-0.222973
0.001830
0.303576
-0.183073
-0.522088
-0.419099
-0.022833
0.265818
0.354331
0.194370
0.439333
0.279219
-0.435285
-0.304057
0.257095
0.189629
0.230361
-0.423145
-0.477648
-0.485228
-0.294749
-0.403416
-0.571127
0.151481
0.201522
0.170230
0.000570
0.077877
-0.327050
0.460434
0.671633
0.026178
0.016379
0.109037
-0.146735
-0.136102
-0.377603
0.097467
0.465464
0.520227
0.500176
0.692800
0.054768
-0.118458
0.193804
-0.079373
-0.344408
0.304992
0.539527
0.280336
0.129183
0.082664
0.049020
-0.084017
-0.671458
-0.098107
-0.319515
0.059428
0.094562
-0.170779
0.178869
-0.120366
0.249279
0.247077
0.269317
-0.090304
0.271121
0.223734
0.393433
0.184014
0.178862
0.187280
0.360593
0.094579
-0.042663
-0.029753
-0.103241
-0.089781
-0.099603
-0.073653
-0.263398
-0.385435
-0.289414
-0.260954
-0.477891
-0.378536
0.132593
0.488257
0.257041
0.213131
0.186494
0.238401
0.479817
0.310587
-0.063565
-0.183266
-0.067033
-0.440905
-0.259195
-0.037919
0.202893
0.009927
-0.019008
-0.239961
-0.348881
-0.308346
-0.060366
-0.000769
0.082250
-0.183831
0.295356
0.159098
-0.049018
-0.225230
0.083862
0.152827
0.315983
-0.392738
-0.285351
-0.134706
-0.030267
-0.307123
-0.513003
0.100103
-0.132172
0.017454
0.043741
-0.245362
-0.322609
0.161077
0.230262
0.172361
0.264658
0.206282
-0.120951
-0.283533
-0.397577
0.308260
0.336864
0.411253
0.422706
0.126967
-0.311587
-0.365322
-0.158551
-0.312891
-0.550532
-0.170652
0.107783
-0.188693
-0.249912
-0.475979
-0.133493
-0.156958
0.108300
0.199428
0.125479
0.288421
0.111294
-0.345110
0.153213
0.000714
0.060925
0.316491
0.292398
0.227712
0.297450
0.462747
0.020147
0.064092
0.411190
0.365740
0.095298
-0.018487
0.084616
0.712789
0.182459
0.014546
-0.151451
-0.079112
-0.191685
-0.508235
-0.342952
-0.291548
-0.433638
-0.290685
-0.404127
0.019075
0.205947
0.117918
-0.037756
0.169786
0.583179
0.009484
0.086667
-0.221232
-0.119569
-0.401129
0.279873
0.291686
0.406804
-0.055190
0.020480
-0.297375
-0.342623
-0.272805
-0.132016
0.194603
0.278031
0.306381
0.554368
0.180132
-0.199964
-0.238436
0.110508
0.186107
0.485163
-0.168741
-0.498235
-0.620512
-0.266681
-0.175887
-0.591901
-0.287544
-0.057778
0.018677
-0.132142
-0.379222
-0.449692
-0.530211
0.027463
0.260620
-0.014006
-0.139518
-0.179028
-0.535321
-0.268741
0.192112
0.310362
0.015271
-0.100490
-0.001644
-0.186051
-0.015809
-0.545299
-0.372521
-0.478285
0.165314
0.014476
-0.198595
-0.385565
-0.312342
-0.729007
-0.349124
0.115547
0.293263
0.573249
0.292182
-0.199403
-0.259937
0.257666
0.434980
0.276808
0.242859
0.415382
0.644279
0.438042
0.168712
-0.026903
-0.080643
0.206334
-0.046755
0.111893
-0.137860
-0.060896
0.423511
0.063201
-0.249828
-0.124138
-0.111713
-0.558506
-0.324884
-0.082357
0.072223
-0.194186
0.162913
-0.054633
-0.252174
-0.110792
-0.318032
-0.138280
0.539308
0.071716
0.168952
0.081560
0.097520
0.003048
0.222059
0.404143
0.547805
0.151746
0.201885
0.049146
-0.145566
0.012329
0.040859
0.101749
-0.113368
-0.091137
0.142196
0.510107
0.099721
-0.302272
0.068456
0.390199
0.323191
0.417455
0.386637
0.111319
-0.392914
-0.532659
-0.452263
-0.549606
0.288035
0.394272
0.426154
-0.054519
-0.289282
-0.303271
-0.313276
0.215190
-0.024093
-0.056501
-0.154237
-0.616419
-0.673978
-0.431153
-0.032761
-0.070674
0.126200
-0.172784
-0.090998
-0.330603
0.072007
-0.194748
-0.376830
-0.133088
0.359220
-0.013178
-0.197562
0.031884
-0.400299
-0.526427
-0.403546
-0.051223
0.035589
-0.259695
-0.355860
-0.435633
0.230408
0.179462
0.111151
0.217409
0.067748
0.215068
0.565025
0.567589
-0.292954
-0.099203
0.421202
0.227308
0.041039
0.421049
0.276058
0.119974
0.011281
-0.383537
-0.409780
-0.215948
-0.070775
-0.160950
-0.090849
-0.024010
0.075684
0.009715
0.218279
0.422986
-0.098930
0.022242
-0.308146
-0.370786
-0.206095
-0.080286
0.089818
-0.447592
-0.095059
0.597984
0.439357
0.390587
0.232707
0.021522
0.179686
0.217164
0.044382
0.056973
-0.216925
-0.002323
0.161013
-0.072861
-0.066604
-0.130762
0.059204
0.187201
-0.163432
0.099907
-0.074774
-0.267403
-0.048803
0.198477
0.139391
-0.491797
-0.085502
-0.213844
0.039066
0.150426
-0.150553
-0.055847
-0.421939
-0.204847
-0.321076
0.192144
0.135243
0.100998
0.263285
-0.179042
-0.373712
-0.040085
0.243404
0.264794
0.277910
0.014865
-0.071991
0.156759
-0.117854
-0.121585
-0.002188
-0.195505
0.261275
0.306293
0.301776
0.292070
-0.231295
-0.229184
-0.179669
-0.428401
-0.460926
-0.569395
-0.303051
-0.210107
0.357925
0.204659
-0.099911
-0.183139
-0.315128
0.429571
0.573770
0.424270
-0.073891
-0.210982
0.452812
0.409152
0.472609
0.197267
0.106247
0.257870
0.029161
-0.359053
0.216053
-0.033583
-0.529488
-0.216615
0.110583
0.201089
0.015118
0.172849
0.202197
-0.052741
0.059459
-0.080674
-0.273116
-0.036072
0.021704
0.156968
0.446838
0.052161
-0.046850
0.357156
0.739608
0.399121
0.245200
-0.011488
-0.141004
0.193083
0.180316
-0.261342
0.056287
0.201780
0.141719
0.146003
0.345764
-0.019451
-0.081658
-0.228066
-0.260567
-0.248242
-0.237526
-0.441810
0.120257
0.419783
0.170380
0.056428
0.458548
0.110999
0.053443
-0.033162
-0.183375
-0.023890
-0.169439
-0.350294
-0.440792
-0.159644
-0.280311
0.234754
0.249874
-0.471816
-0.550885
-0.053616
-0.216879
-0.375001
-0.199026
-0.472509
-0.090399
-0.293347
-0.208195
0.227241
0.158774
0.384450
-0.052529
-0.202016
-0.140890
0.274143
0.025520
-0.092039
-0.057163
-0.420660
-0.522088
-0.482869
-0.264397
-0.107276
0.272579
0.259982
0.131785
0.243507
0.453957
0.393958
0.356342
0.436935
0.260565
0.197170
0.461355
0.602164
0.290522
0.422756
0.371268
0.294103
-0.214844
-0.284762
-0.133993
0.318767
0.177734
-0.363827
0.026263
0.164376
0.110919
-0.057438
-0.438807
-0.181902
-0.033904
0.094109
0.227261
0.211199
0.318247
0.127475
0.299348
0.015928
-0.172673
0.220981
0.394742
0.046526
-0.416742
-0.759535
-0.280339
0.107633
0.033815
-0.025695
-0.211966
0.286880
0.399504
0.220912
0.353926
0.000356
-0.174268
-0.279296
-0.297496
-0.177160
-0.258752
-0.475548
0.322806
0.237542
0.232461
0.148039
0.270430
0.307788
0.275307
0.147935
0.042987
0.106200
-0.207279
-0.229578
-0.475716
-0.186476
0.007392
-0.168622
-0.146404
-0.775017
-0.673031
-0.250808
0.067922
-0.179935
-0.225790
-0.643882
-0.110827
-0.033996
0.155617
0.381991
0.464885
0.742858
0.700298
0.001192
-0.315844
-0.037026
-0.380110
-0.430201
-0.185768
-0.170528
-0.259421
-0.205227
-0.369318
0.105647
0.526038
0.214722
0.172985
-0.165125
0.046829
0.231376
0.378476
0.318364
-0.044305
0.315128
-0.207727
-0.058532
0.052879
0.210753
0.108696
-0.017676
-0.075679
-0.417247
-0.433370
0.063679
0.231106
0.116451
0.075945
0.235532
0.273033
-0.256987
-0.216219
-0.140764
0.108551
0.170870
-0.073515
0.093821
0.168864
0.069946
-0.338129
-0.316886
-0.287111
0.314663
0.089929
-0.312181
-0.096870
-0.148884
0.050459
0.385653
0.274838
-0.429520
-0.359035
0.265680
0.284018
0.197316
-0.159678
-0.431940
-0.247130
-0.134143
-0.332316
0.379747
-0.282155
-0.153545
0.355993
-0.021778
0.021190
0.236320
0.269750
-0.030224
0.533386
0.054026
-0.080133
0.186418
-0.379723
-0.324529
-0.486060
-0.329865
-0.354978
-0.017924
-0.018199
-0.213317
0.054355
0.013528
0.512825
-0.256710
-0.454197
-0.616807
-0.630136
0.043092
0.636749
0.579814
0.118507
0.167945
0.194632
0.352607
0.085055
0.346378
-0.302422
-0.505018
-0.160829
-0.027563
-0.176001
-0.308060
0.121863
0.352219
-0.117020
-0.575943
-0.233556
-0.271215
-0.018170
0.284758
0.437572
-0.204505
-0.172329
0.451578
0.195638
-0.043051
-0.242472
-0.172572
-0.121194
0.118732
-0.253827
0.063171
-0.116961
0.194675
0.396445
0.379424
-0.091528
-0.251502
-0.092532
-0.115784
-0.346257
-0.283237
0.224577
0.281255
0.107107
-0.085589
-0.281255
-0.411925
-0.362302
-0.016669
0.135478
0.066655
-0.143613
-0.152790
0.067044
0.276959
-0.370313
-0.163923
0.152471
-0.193135
-0.224096
0.095707
-0.264880
-0.471896
-0.210915
-0.071635
-0.306490
-0.209538
-0.118855
0.204751
0.022881
0.010136
0.086891
-0.236898
-0.144081
0.483109
0.457564
0.400526
0.457851
0.246844
-0.201657
-0.496833
-0.818179
-0.905566
-0.497363
-0.888693
-0.198878
-0.187427
-0.229497
-0.023295
0.365562
-0.112920
0.249899
-0.061248
0.072853
-0.112033
-0.217046
-0.089473
0.410329
0.414558
0.257488
0.190220
-0.040090
0.361369
0.068542
0.151227
-0.311575
-0.286339
-0.220675
-0.056452
0.056603
-0.196342
0.327561
0.519952
-0.050718
-0.199172
0.024289
0.052919
-0.288554
-0.236991
0.386383
0.201236
0.147513
0.067454
-0.111781
-0.131335
-0.604555
-0.974894
-0.444240
-0.124304
-0.525609
-0.178905
-0.267841
-0.038041
0.362933
0.781046
0.476852
-0.541291
-0.004053
0.292413
0.146607
0.086280
0.067472
0.090076
0.114089
-0.030059
-0.343054
-0.572085
-0.076084
-0.315889
-0.243386
0.217002
0.273830
0.045620
-0.056226
0.270064
-0.140664
-0.271720
0.107528
0.041715
0.094578
-0.009021
-0.257721
-0.672620
-0.071577
0.036804
0.257935
0.287780
0.099796
0.416357
-0.156898
-0.131114
-0.084819
-0.148001
-0.008973
-0.015469
0.348594
0.267808
0.351394
0.088946
-0.351136
-0.584325
-0.301192
-0.286125
-0.437769
-0.209977
0.339181
0.069906
-0.202679
0.173221
0.381207
0.228049
0.091066
-0.290700
-0.434538
-0.308023
-0.026136
0.272415
0.278436
0.462905
0.276129
0.488482
0.322466
0.269220
0.051858
-0.079678
-0.386453
-0.330874
-0.820141
-0.191211
0.167788
-0.132748
-0.193550
-0.111742
0.065180
-0.129825
-0.019611
-0.177872
-0.041745
0.324892
0.453477
0.223186
0.114149
0.222696
-0.345744
-0.141091
-0.424999
-0.374177
-0.050856
0.141794
-0.249810
-0.106079
-0.287592
-0.025449
0.044859
0.887342
0.477498
0.053207
0.067838
0.441918
0.389473
0.057288
0.107993
0.145763
-0.085409
-0.032979
0.018010
-0.550909
-0.153690
-0.131084
-0.478511
-0.212147
0.023427
0.185019
0.112161
-0.068146
-0.113503
0.456197
0.251788
0.601134
0.026280
-0.070717
0.037372
-0.220065
0.414863
0.713281
0.764585
0.229022
-0.144170
-0.008026
-0.372102
-0.036631
-0.002290
-0.307444
-0.036364
0.062298
-0.096167
0.099419
0.076118
0.103223
-0.010297
-0.712202
-0.162557
-0.260521
0.101144
-0.104061
0.554867
0.239089
0.293305
0.231407
0.330579
0.117308
0.186393
-0.325105
-0.616094
-0.553287
0.124883
0.334880
0.263718
0.307658
0.380458
0.661222
0.336218
0.232720
-0.184581
-0.864985
-0.759145
-0.551524
-0.082925
0.343452
0.214500
-0.208228
-0.224944
-0.138762
-0.065346
0.053671
-0.062993
-0.210127
-0.237532
-0.015058
0.296041
0.187104
0.145181
0.301835
-0.499257
-0.323036
-0.090962
-0.096973
0.226487
0.250564
0.199046
-0.130598
-0.065847
0.003807
0.393928
0.654325
-0.102081
-0.128619
0.238944
0.311731
0.009115
-0.275295
0.283020
0.278173
-0.238923
-0.269073
-0.219796
-0.299326
-0.054081
-0.101300
-0.324240
-0.111831
0.163929
0.355661
0.217350
0.017615
-0.063366
0.615770
0.415909
0.544587
0.283682
-0.018361
-0.109893
0.040897
0.347298
0.421205
0.529866
0.371242
0.033284
0.045645
-0.113002
-0.158486
-0.072032
-0.353758
0.085639
0.045025
-0.257269
-0.103521
0.083201
0.016481
-0.353261
-0.450408
-0.146519
-0.084757
0.343564
0.089895
0.026359
0.082877
0.448396
0.046473
-0.124080
0.115900
-0.037096
-0.134566
-0.167124
-0.249166
0.068329
0.482271
0.571753
0.360168
0.407392
-0.055977
-0.066680
0.345613
0.092865
-0.248618
-0.690719
-0.562150
-0.480806
0.049754
-0.098924
-0.053624
-0.251070
-0.123799
0.342630
0.217255
0.133659
0.405231
-0.228656
-0.254091
0.069215
0.084783
-0.169179
-0.073960
-0.489290
-0.214094
-0.044526
-0.209300
0.234641
0.256328
0.155111
-0.141197
-0.020122
0.169093
0.381971
0.376182
0.096387
-0.048897
-0.455369
0.115100
0.125022
-0.333666
-0.276628
0.237954
-0.146718
-0.551533
-0.424177
-0.463231
-0.057353
0.100405
-0.011074
0.028000
0.136246
0.341687
0.256970
0.217069
-0.043543
0.027944
0.497651
0.210386
-0.116209
-0.007959
-0.131646
-0.255297
-0.296612
-0.185031
0.399760
0.081940
-0.128974
0.104494
-0.641425
-0.777181
-0.424966
-0.490513
-0.049613
-0.083020
0.128722
-0.074602
-0.327515
0.038711
0.005564
0.054277
0.124127
0.439741
0.319836
0.201429
-0.010711
0.069893
0.228565
0.038867
-0.286364
-0.072826
0.041428
-0.197418
-0.307685
0.293248
0.208485
0.661545
0.182283
0.355250
0.005255
-0.162804
0.034429
0.285669
0.193345
-0.100976
-0.208652
-0.177685
-0.234193
0.102155
-0.119954
-0.027139
0.048969
-0.176834
0.356778
0.538636
0.660216
0.382861
0.344541
0.115106
0.136094
0.291601
0.243779
-0.306656
-0.574301
-0.297474
0.095955
0.134122
0.043834
0.215918
0.545531
0.015582
-0.135592
-0.155616
0.223994
-0.247497
-0.091235
0.046052
-0.123907
-0.157443
0.114365
0.050468
-0.109432
-0.099772
-0.199104
-0.048419
-0.025477
-0.149814
-0.187227
0.075672
-0.129520
-0.004848
0.088178
0.370245
0.863225
0.553857
0.367434
0.136769
0.307793
0.452574
0.139545
-0.206833
0.141684
-0.310175
-0.404777
-0.066639
0.219118
-0.208299
-0.041243
-0.305574
-0.452501
-0.529215
-0.446553
-0.452811
-0.123971
-0.062864
0.135712
0.073716
-0.466416
0.279562
0.617370
0.125666
0.386035
0.583682
0.477259
0.401516
0.159240
-0.099108
0.229622
0.459412
0.401435
0.231392
0.144295
-0.111091
0.059647
-0.018002
-0.185045
-0.200949
0.203398
0.441787
0.254293
-0.071314
-0.109627
0.162433
0.133458
-0.079914
-0.054374
0.030094
0.471876
-0.004135
-0.190501
0.049969
0.166888
0.162734
0.308460
0.272730
0.269590
0.496705
0.047525
0.512553
0.427220
-0.051838
-0.064566
-0.448924
-0.606926
-0.580800
-0.391421
-0.205421
0.021634
0.251629
0.248638
0.418877
-0.026066
-0.153935
0.248694
-0.272518
-0.320924
-0.129914
-0.108849
-0.214214
-0.140957
0.202794
-0.264186
-0.042138
-0.220149
-0.158486
-0.167816
-0.097557
-0.334995
0.059218
0.079493
0.510124
0.390398
0.486458
0.221406
0.204520
0.272198
0.358629
0.044112
0.019052
0.232904
0.054466
-0.233152
-0.544932
-0.159373
-0.020562
0.371530
0.078964
0.209208
-0.104221
-0.378334
-0.170770
-0.034646
0.259627
0.063502
-0.010306
0.204765
-0.472748
0.167714
0.134789
0.053485
-0.153019
-0.040341
0.295566
0.335967
0.160144
0.229210
0.019985
-0.182705
0.174092
0.007608
0.152426
0.219032
-0.175951
-0.052940
-0.359617
-0.178208
-0.579958
0.085250
0.360435
-0.030466
-0.307037
-0.009364
-0.158022
-0.081910
0.011183
-0.126839
0.194431
0.489777
-0.032071
0.090934
0.009655
-0.250592
-0.037491
-0.126596
0.185630
0.343305
0.088658
-0.037895
0.101638
0.240408
0.074734
-0.297739
-0.146686
-0.315094
-0.380759
-0.319283
-0.290031
0.138894
0.495193
0.424159
0.801040
0.408242
0.084177
0.146170
-0.304082
-0.174878
-0.117291
-0.169285
-0.315103
0.256623
0.343894
0.105147
-0.043390
0.090256
0.453442
0.514903
-0.201930
-0.071949
0.075271
0.445578
0.426540
0.677111
0.378755
0.293857
0.641943
0.370051
0.057058
0.215011
0.106946
0.350557
-0.060626
-0.050427
-0.444697
0.022861
-0.085528
0.374766
0.107807
0.711897
0.069750
-0.411919
0.144183
0.202520
0.359805
0.148884
0.051832
0.063520
-0.248385
-0.120641
0.121229
-0.186386
-0.337167
0.020673
-0.030882
0.249634
0.096826
0.438432
0.192354
0.278102
0.179450
-0.186075
0.508379
0.724069
0.025368
0.230951
-0.093919
-0.380257
-0.304514
-0.090923
0.505281
0.243658
-0.066081
0.287635
0.373432
0.263222
-0.247922
-0.182369
0.361365
0.510328
-0.088791
0.124276
-0.110366
0.191976
-0.372443
-0.371491
-0.260781
0.072540
-0.061131
0.279707
0.049965
-0.025996
-0.163024
0.047823
0.164058
-0.032319
0.204014
0.228480
0.046644
0.262882
0.459351
0.126636
0.611849
0.267975
-0.025357
-0.203477
-0.411975
0.083093
0.108203
-0.136228
-0.492677
0.132561
0.288184
0.197886
0.262472
0.240381
0.261737
0.351151
0.303348
0.220147
0.007594
0.159183
0.104384
-0.138808
-0.022369
0.387947
0.649356
0.079630
0.111866
0.165957
0.224507
0.450780
0.490977
0.294276
0.070768
0.310335
-0.007198
-0.213507
-0.341147
0.372757
0.506008
0.165249
0.181103
0.404406
0.092004
-0.072999
0.062392
-0.000844
0.106334
-0.122478
0.031096
-0.181175
-0.318545
-0.385109
0.362701
0.267134
-0.458547
-0.035612
0.071652
0.168437
0.419651
0.126288
0.099317
0.440257
0.159672
0.380186
0.267416
-0.285491
-0.263252
-0.321398
-0.043120
0.524952
0.519063
0.497561
0.286798
0.179339
-0.128520
-0.124277
0.111612
0.241587
0.072083
0.116158
-0.381262
-0.227175
0.162015
0.032029
-0.317881
-0.281750
-0.064160
-0.277888
-0.207911
-0.359824
-0.220262
0.390530
0.271854
-0.104397
-0.131860
-0.028694
0.352511
0.319149
0.412568
0.469709
0.324385
-0.011642
-0.592130
-0.364615
-0.285750
0.223891
0.062897
0.087060
0.224085
0.176311
0.059254
-0.106003
-0.189867
0.213300
0.344866
0.196612
0.106109
-0.352680
-0.212572
-0.028798
-0.142703
-0.194614
-0.068946
0.062998
0.349371
0.562933
0.665086
0.461655
0.242200
0.525846
0.373047
0.450243
0.443513
0.275160
-0.323237
-0.436705
-0.463947
0.134399
0.671549
0.222590
-0.196657
0.068385
-0.229484
-0.367595
0.129650
-0.319629
-0.395034
0.137590
0.041351
-0.100673
-0.088542
0.128004
0.422191
-0.252393
-0.266328
0.376349
-0.051733
0.138986
0.308524
-0.049430
-0.189732
0.221889
0.365334
0.386676
0.249952
-0.573704
-0.524727
-0.264039
-0.098649
0.231657
0.224852
-0.110231
-0.240272
0.154707
0.215632
-0.146542
0.119027
-0.021694
0.129954
0.324972
0.137212
0.106228
0.202921
-0.122693
-0.538317
-0.230298
-0.025724
-0.391937
-0.097051
-0.352345
-0.543880
0.227684
0.467785
0.120753
-0.289616
0.421539
0.461974
0.452761
0.432152
0.183214
0.159214
0.006824
-0.101016
-0.458462
-0.398729
-0.012548
-0.032991
-0.077971
0.354493
0.103485
0.155721
0.445333
0.247428
-0.070065
0.263511
0.214053
-0.099785
-0.175165
-0.272416
-0.292907
0.188613
-0.192831
-0.461227
-0.505012
-0.233460
0.206467
0.361993
0.352913
-0.005622
-0.057195
0.083610
0.411847
0.042596
-0.046911
-0.040513
-0.170741
-0.174519
0.394516
0.352754
-0.049344
-0.000536
-0.207734
-0.120840
-0.401890
-0.029038
-0.352934
-0.469069
0.046874
0.342967
0.393652
-0.141414
-0.024942
-0.149106
-0.596862
-0.736776
0.492916
-0.257242
-0.112518
-0.049779
-0.014238
-0.371988
-0.240956
0.449979
0.458704
0.442297
-0.427055
-0.290832
-0.711471
-0.320226
-0.119161
0.296188
-0.081396
0.140619
-0.013770
0.528868
0.299112
-0.229951
-0.185263
-0.256853
0.151692
0.018040
-0.251159
-0.015673
-0.005512
-0.555325
-0.567874
-0.653990
-0.227680
-0.146507
-0.391417
-0.319275
-0.027319
0.500625
-0.453815
0.012034
0.262341
0.255463
0.309602
0.412940
-0.217870
-0.027153
0.054602
0.406584
-0.142413
-0.290886
-0.006904
0.085994
0.079718
0.525815
0.104609
0.265035
0.365051
-0.243072
-0.295665
0.106407
0.227983
0.189813
-0.294677
0.101954
0.264921
0.630450
0.538978
-0.135627
-0.317829
-0.225134
-0.328557
0.233474
0.039001
0.023766
-0.180808
-0.201079
-0.266766
-0.228971
0.164101
-0.321031
-0.387532
0.060085
0.480072
0.323188
-0.119175
-0.385311
0.024720
-0.247808
-0.088054
-0.154259
-0.303065
-0.693491
0.472268
0.400705
0.591358
0.087517
-0.356847
-0.634432
-0.098420
-0.023455
-0.149917
-0.088434
0.242697
-0.445967
-0.460506
-0.477429
0.077846
0.454475
0.343984
0.022420
0.074681
-0.184046
-0.437473
-0.502658
-0.235753
0.342108
0.369161
0.630259
0.345042
0.137885
0.107056
-0.277547
-0.512487
-0.337839
-0.163439
0.042378
0.038737
0.135761
-0.167396
-0.107413
-0.435012
-0.421318
-0.114508
0.189580
0.429954
0.030317
-0.040701
0.195776
0.106887
0.184095
0.230447
0.238209
0.222479
-0.156675
-0.259235
-0.438942
0.136489
0.331377
0.011586
0.165960
0.511667
0.221790
0.144821
0.189442
-0.222597
-0.250705
0.006743
-0.195191
-0.538491
0.051383
0.233239
0.115633
-0.161844
-0.162823
-0.080488
0.194668
0.744542
-0.349841
-0.313434
-0.347521
-0.422273
-0.044366
0.145710
0.110356
0.177976
-0.274041
-0.110418
-0.232282
-0.036186
-0.572756
-0.331532
-0.123083
-0.079850
0.173239
-0.391663
-0.579281
-0.037572
-0.046894
0.246563
-0.005175
-0.437039
-0.506748
0.618335
0.658067
0.853124
0.101350
0.055618
-0.088278
0.261794
0.437236
0.072277
-0.162662
0.014245
-0.365589
-0.486737
-0.154019
-0.171180
0.226407
-0.140423
-0.004808
-0.137397
0.156027
-0.160216
-0.409788
-0.373602
0.092778
0.305974
0.467263
0.475056
0.488851
0.538397
-0.216266
-0.251075
-0.422473
-0.197732
0.036128
0.324373
0.472786
-0.096863
-0.824842
-0.691222
-0.067971
-0.147321
0.432265
0.754622
0.120191
-0.142217
-0.434895
0.300150
0.064712
-0.106126
-0.025549
0.208135
-0.181883
0.397287
0.235753
0.536228
0.694113
0.120760
0.196608
0.333757
0.198565
-0.187645
0.456889
0.012243
-0.027140
0.236867
0.361717
-0.115204
-0.276393
0.120530
0.155154
-0.202283
-0.154907
0.076532
0.366875
0.480877
0.114413
0.296551
0.007106
-0.270141
-0.454762
0.059733
0.275915
-0.235073
-0.186147
0.087811
-0.182114
-0.328327
-0.666048
0.014152
0.149556
0.226255
0.179403
-0.149673
-0.557012
-0.089623
0.184475
0.264080
-0.075284
-0.601971
-0.615738
0.587424
0.395950
0.628815
0.439130
0.387593
-0.000145
0.290183
0.269599
-0.319691
-0.483574
-0.312159
-0.652169
-0.366897
-0.242968
-0.150378
0.258322
-0.100942
0.088752
-0.159073
-0.200627
-0.623220
-0.213988
-0.010974
-0.195545
-0.022946
0.259902
0.424083
0.149541
-0.054326
-0.053525
-0.202035
-0.191600
0.077487
0.064847
0.038761
-0.607948
-0.236935
-0.293283
-0.499008
-0.372721
0.145456
0.128895
0.050917
0.040799
-0.003191
0.105455
-0.048184
0.036256
-0.176299
-0.060917
0.573183
0.701139
0.991316
0.458323
0.649604
0.188149
0.438178
0.732550
0.328530
0.588161
0.096146
0.101912
0.223336
-0.055958
0.349248
0.328759
0.451150
0.277904
0.225589
0.292608
-0.050767
0.123711
0.045035
0.177404
0.313983
0.276410
0.163973
-0.215662
-0.361522
-0.073269
0.011593
0.040542
-0.078998
0.150070
0.265963
-0.066780
-0.644399
-0.618340
0.129089
0.369611
0.468585
0.118393
0.400475
-0.135513
-0.005579
0.071692
0.252065
-0.045084
-0.241214
-0.635793
0.210912
0.883074
0.639251
0.402954
0.191672
0.137665
0.377084
0.153357
-0.207280
0.150668
-0.354046
-0.471106
0.208837
0.078679
0.138565
0.412959
-0.494737
-0.720103
-0.166904
-0.513452
-0.494124
-0.358595
-0.089271
0.207049
0.178400
0.160041
0.143380
0.041402
0.079981
-0.105346
-0.198449
-0.058694
-0.404493
-0.039046
0.243072
-0.247069
0.022085
-0.354477
-0.132838
0.001007
0.172116
0.410827
0.174881
0.055242
0.148935
0.404693
-0.060285
-0.220657
-0.252622
-0.410219
0.134067
0.499241
0.727327
0.621404
0.443317
0.281147
0.425175
0.523588
0.317306
0.387153
0.002324
0.351814
-0.189616
0.132670
-0.124372
0.248467
0.023424
0.107213
-0.041469
-0.121638
0.197144
0.200488
0.077614
-0.288209
0.181803
-0.129359
-0.077426
-0.373545
0.030646
-0.135044
-0.206991
-0.124889
-0.333314
0.077537
-0.160702
-0.309625
-0.174347
-0.375226
0.013776
-0.024388
-0.127880
-0.264893
0.018398
0.286632
0.170956
-0.079522
-0.033394
-0.437757
-0.542804
-0.423832
0.368534
0.529665
0.292560
0.136369
0.204190
0.075879
0.294161
0.511180
0.113559
0.015377
0.095715
-0.131443
-0.033578
-0.096022
0.247039
0.046724
0.044417
-0.347382
-0.577651
-1.024228
-0.483707
0.061106
-0.066593
-0.188000
-0.173636
-0.148529
0.266942
-0.170536
-0.326384
-0.753449
-0.255291
0.021554
-0.465316
-0.038619
0.189311
-0.105444
-0.043122
-0.254648
-0.015656
-0.141438
-0.115925
0.144969
0.102432
0.555055
0.505682
0.320369
-0.080515
-0.342473
-0.359027
-0.489819
-0.370857
-0.067026
0.340610
0.632914
0.179736
0.291245
-0.169049
0.424774
-0.085914
0.273173
0.042745
-0.012517
-0.286162
-0.063353
0.126368
0.510771
0.321759
0.294995
0.079411
0.243896
0.243661
0.375161
0.186801
-0.058868
0.138763
-0.342566
-0.145436
-0.714845
-0.343471
-0.252290
-0.264113
-0.535694
-0.394978
-0.091409
-0.036432
0.142334
0.021175
0.038970
0.000269
0.116408
-0.002052
0.298906
0.204266
-0.198486
0.163829
0.004814
0.254391
-0.260962
-0.246511
-0.384810
-0.350832
0.416947
0.297725
0.033192
-0.175975
0.102378
0.424233
0.605990
0.546117
0.460806
-0.435421
-0.356975
-0.241996
-0.280774
-0.149440
0.215231
0.335147
-0.074802
-0.370808
-0.522979
-0.266937
0.012949
-0.197044
0.232948
0.233331
0.423858
0.288651
-0.143219
-0.295891
-0.451981
-0.212347
-0.297221
-0.614339
-0.122401
0.013870
-0.105736
0.401083
0.299708
0.026197
-0.266329
-0.064155
0.138894
-0.065431
0.114540
0.216871
-0.116726
-0.031336
-0.131030
-0.129209
-0.077748
-0.278784
0.132343
0.200639
0.637303
0.538483
-0.033133
-0.397648
-0.074223
-0.178607
0.169715
0.059510
-0.013894
0.156037
0.056688
-0.187980
0.020370
-0.326140
0.268071
0.021436
0.113640
0.078054
0.073249
-0.037613
0.087098
0.054137
-0.325838
-0.523491
-0.727800
-0.844771
-0.542577
-0.142519
-0.270478
-0.117418
-0.147611
-0.376254
-0.142936
0.199145
0.037347
0.265504
-0.051523
-0.141919
0.039965
0.027058
-0.222465
0.006204
-0.061992
0.207219
-0.208357
0.360474
0.460326
-0.367331
-0.043402
0.170410
0.090063
-0.315506
-0.071245
0.063740
0.087784
0.212609
0.054369
-0.213634
-0.112882
0.389951
-0.006645
-0.001655
0.368638
-0.125615
0.146655
-0.134882
-0.249278
0.182393
0.131827
0.302590
0.497573
0.588072
0.498817
-0.117043
0.058461
-0.153477
0.025027
-0.222358
-0.015254
-0.424802
0.144770
0.235303
-0.284973
0.035119
-0.000956
-0.220355
-0.430378
0.110504
0.510894
0.012354
-0.131494
0.131957
0.232088
0.106097
0.023370
-0.247929
0.250704
-0.159949
0.031246
-0.190929
0.617153
0.436172
0.138488
-0.123639
-0.225460
-0.312925
-0.271599
0.049363
-0.025157
0.267521
0.236514
-0.125583
-0.311495
-0.296433
-0.027834
0.247196
0.457585
0.022589
0.091920
0.031328
-0.090983
-0.185000
-0.205510
-0.014499
-0.323308
-0.279145
-0.137057
0.203422
-0.091590
0.052873
0.475916
0.491617
0.110248
0.153195
-0.256960
-0.045425
-0.093900
-0.411969
-0.254650
0.473358
0.367398
0.044164
-0.042644
0.403744
0.032764
0.377005
0.512165
-0.486433
-0.279432
0.592154
0.262324
-0.069535
-0.278130
-0.258160
-0.286666
-0.037746
0.008296
0.448189
0.181181
0.488924
0.371583
0.230534
0.413378
0.425634
0.546662
0.346915
0.706587
0.365715
0.029504
-0.026035
0.548148
0.413570
0.476166
0.221545
-0.138408
-0.054525
0.306018
-0.024409
0.172542
-0.029135
0.267572
0.454184
0.272907
0.075453
-0.243956
-0.348759
-0.386151
-0.201678
0.208318
0.053424
0.065834
0.152086
0.469785
0.171733
0.245315
0.298339
0.505170
0.572732
0.263256
0.387708
0.565331
0.556717
0.471937
0.248516
-0.169543
-0.262542
0.064745
0.137525
0.175092
-0.364199
-0.408486
0.126095
-0.409970
-0.169075
-0.035429
0.433572
0.329914
0.202655
0.076594
-0.060055
-0.014729
-0.152168
-0.234613
-0.223178
-0.135917
-0.244813
-0.196770
0.142829
0.134102
-0.069107
0.275670
0.907721
0.603520
0.324366
-0.143277
-0.110767
0.572643
-0.340727
-0.289116
-0.131807
0.206085
0.076645
0.098077
0.026251
-0.490592
0.074776
-0.082259
-0.315001
-0.008398
0.216143
-0.215876
-0.438745
0.113935
-0.287611
-0.247415
-0.044044
0.172188
0.270457
0.107585
0.049658
0.109339
-0.000648
-0.126200
0.193810
0.117574
0.250508
0.410546
0.428623
-0.116210
-0.208324
0.296707
0.124448
0.300120
0.376938
0.309679
0.467439
0.378577
0.048104
0.040032
0.456932
0.348556
0.022067
0.066023
-0.196256
-0.221702
-0.417329
-0.043199
-0.039728
0.302753
0.527631
0.137786
0.402659
0.692458
0.168913
0.251883
0.240743
0.456929
0.195816
0.459974
0.198857
0.469238
0.286129
0.369614
-0.303827
-0.266087
-0.449494
0.004890
0.526615
0.122460
-0.525200
-0.431463
-0.074819
-0.175096
-0.050777
0.355046
0.367649
0.468982
0.518370
0.071482
-0.244847
-0.206100
0.050038
-0.131079
-0.267931
-0.293300
0.027366
0.060816
0.050104
-0.037304
-0.059103
0.174635
0.302260
0.539473
0.348893
-0.267270
-0.001305
0.330411
-0.237124
-0.291679
0.036058
0.225738
0.095913
-0.258938
-0.186720
-0.161696
-0.245443
-0.020606
0.152953
0.304730
0.328270
0.081071
-0.113175
-0.003373
-0.123915
0.150325
0.003253
-0.244765
0.084385
-0.336148
-0.314912
0.045145
0.100643
0.087335
0.144654
-0.025738
-0.250884
0.099286
0.149335
-0.137311
-0.095362
-0.091504
0.252436
-0.042174
0.083892
0.384011
0.211189
0.126475
0.079750
0.098281
0.644982
0.055626
0.094422
0.044308
-0.516793
-0.055575
-0.087674
0.315480
0.687849
0.486076
0.108168
0.162198
0.206710
0.433434
0.674067
0.085427
0.251887
0.073416
-0.010346
0.116752
0.002108
0.116184
0.068671
-0.021065
-0.497494
-0.390256
-0.552257
-0.204382
-0.364783
-0.240234
-0.302603
-0.196243
0.199760
0.298446
0.513976
0.426077
0.569894
0.143298
0.268755
0.103513
-0.076748
0.095432
0.010826
-0.087737
-0.106142
-0.128230
0.105753
0.009763
0.259890
0.211578
0.044810
0.309670
0.019722
0.328253
0.451475
0.177060
0.443836
-0.449394
-0.178283
-0.109696
0.156086
0.386006
0.338974
-0.056674
0.111121
-0.076687
0.108452
-0.153754
0.083608
0.202553
0.296106
0.225784
-0.365454
-0.253512
-0.484791
0.170457
0.144317
-0.033058
0.389207
-0.381364
0.128600
0.016423
0.091295
0.356691
0.795020
0.323171
-0.155730
-0.298485
-0.121567
-0.041742
-0.157858
0.141144
0.157314
-0.062191
-0.248459
0.238405
0.142733
0.135788
0.113336
0.083204
0.046151
-0.088086
0.242146
0.144151
0.114958
0.347033
0.388919
0.569981
0.741047
0.314435
-0.079360
0.347759
0.482712
0.440924
0.471478
-0.015751
0.155870
0.233070
-0.278664
-0.119053
-0.183056
0.047078
-0.085033
-0.328276
-0.461292
-0.390060
0.146289
-0.476821
-0.550647
-0.087822
0.301048
0.010611
0.235652
-0.003789
0.015910
0.114492
0.501075
-0.013521
-0.047933
-0.183774
0.264892
0.303128
-0.067749
-0.129495
0.224755
-0.116247
-0.266859
-0.022243
0.267860
0.318207
-0.060710
0.368378
-0.005895
-0.045736
-0.036353
-0.237786
0.143352
-0.522248
-0.619472
0.088390
0.252413
0.287668
0.279936
0.005109
-0.062332
-0.050551
-0.228283
-0.034905
0.757616
0.861614
0.269693
0.169527
-0.130781
-0.361154
-0.345565
-0.309642
-0.007374
0.305600
0.187269
-0.132400
0.107728
0.111912
0.486699
0.782886
0.684197
0.501839
-0.228594
-0.432885
-0.137081
-0.093324
-0.336753
-0.142654
-0.151844
-0.379647
-0.199802
-0.288686
-0.224623
0.145300
0.073323
0.119002
0.211313
0.188335
0.144908
0.347619
0.299897
0.073141
0.349139
0.007977
0.431133
0.559847
0.476130
0.454032
0.922288
0.221515
-0.004518
0.191899
0.231021
0.028881
-0.073206
0.098552
-0.099329
-0.357801
0.326788
0.175480
-0.209902
-0.324757
-0.147280
-0.399531
-0.369960
-0.154360
0.219963
-0.043623
-0.008408
-0.134354
-0.159698
0.101304
0.050082
-0.130947
-0.151858
-0.023309
0.162765
0.165694
0.115693
-0.154766
-0.299041
-0.270302
0.102270
0.006957
-0.099026
-0.055764
0.072285
0.405041
0.090997
-0.130744
-0.317220
-0.702042
-0.129659
-0.063243
-0.018173
0.078723
0.533312
0.389649
0.378247
0.167203
0.141540
0.013515
-0.125321
-0.009759
0.539351
0.532934
0.360266
-0.086615
0.148680
0.307011
0.215929
-0.297413
0.125472
0.229317
-0.457983
-0.286484
-0.067991
-0.036574
0.084046
0.594427
0.301425
0.378183
-0.190457
-0.407135
-0.519642
-0.300195
-0.186032
-0.223030
0.076146
-0.195883
-0.171132
0.171439
0.041115
0.206290
-0.109208
-0.193537
0.021456
0.156176
0.052803
0.779336
1.064086
0.186723
0.117463
-0.203035
0.634387
0.695610
0.247506
0.154876
0.546218
0.192199
0.263143
0.221689
0.192994
0.050466
0.068001
0.032112
-0.058989
0.003843
-0.009873
-0.135924
-0.443109
-0.268837
-0.276182
-0.393885
-0.630952
-0.205033
0.223943
0.205809
0.047675
-0.112390
-0.237169
0.250774
0.150484
-0.087074
-0.450631
-0.294597
-0.191693
0.302398
0.243694
0.325132
0.008122
-0.128692
0.227781
0.010818
-0.295503
-0.343735
-0.144233
-0.025636
-0.102594
-0.431267
-0.219199
-0.170833
0.004423
0.304063
0.329515
0.002591
0.586839
0.172925
0.065200
-0.022745
-0.375746
0.152511
0.244782
0.547369
0.356824
0.509290
0.255780
-0.068391
-0.452076
-0.305571
-0.089713
0.008002
0.062185
0.129051
-0.265392
0.137523
-0.019985
0.064994
-0.095082
-0.003590
-0.065848
0.229916
-0.228054
-0.059819
-0.311377
-0.265511
-0.290083
0.002301
0.294916
0.008115
-0.053659
-0.088041
0.264618
-0.169684
0.067533
-0.069172
-0.351713
-0.503360
-0.769053
0.270165
0.302931
-0.052970
0.372040
0.312175
0.465100
0.548729
0.145612
0.359424
0.541907
0.025435
0.083555
0.234338
0.359207
0.458399
0.558941
0.395044
0.335469
0.159193
-0.050187
-0.127988
0.132184
0.427794
0.102194
-0.207935
-0.392532
-0.072602
0.052213
0.076933
-0.534282
-0.243843
0.022115
0.176989
0.085577
0.071440
-0.646509
-0.575576
-0.430268
-0.410444
-0.366101
-0.029117
-0.118008
-0.168965
0.158670
0.331814
-0.031468
-0.325538
-0.390633
-0.152185
-0.388630
-0.385452
-0.528270
0.050342
-0.187881
-0.154681
0.082226
0.147863
0.545288
0.213036
0.089220
0.113580
-0.220742
0.119703
0.144027
0.317982
0.258031
0.241308
-0.140912
0.011276
-0.310264
-0.457476
0.171578
0.090639
-0.102755
-0.306313
-0.373515
0.334289
0.094615
-0.028279
-0.197878
0.268147
0.343475
0.274888
-0.289434
0.168770
0.043747
-0.144482
-0.255136
-0.129650
0.187155
0.058567
-0.232954
0.273193
-0.090528
-0.030357
0.295633
-0.164875
-0.614054
-0.248465
-0.467843
-0.124015
0.120796
0.001441
0.300313
0.602228
0.687167
0.732388
0.275960
0.431811
0.624072
-0.017378
-0.007461
-0.246279
-0.235514
0.103823
0.454602
0.459310
0.285265
0.388671
-0.010643
-0.176300
0.370021
0.106756
-0.272693
-0.125460
-0.519032
-0.069677
0.325144
0.240733
0.328995
0.284451
0.187153
-0.016693
-0.121357
-0.128772
-0.107375
-0.190285
-0.158732
-0.127126
-0.129028
0.110854
-0.259319
-0.449768
-0.479856
-0.107060
-0.071579
0.059526
-0.153292
-0.140101
-0.307198
-0.380226
-0.054766
-0.032831
0.193711
-0.100643
0.134517
-0.065373
0.154254
0.207310
0.163992
-0.154398
0.217489
-0.259481
0.442745
1.334349
0.113913
0.278459
-0.034199
-0.298578
-0.258916
-0.491993
-0.170519
-0.090335
-0.092988
-0.526822
-0.361426
0.202006
0.340122
0.443698
0.225401
0.298491
0.322475
0.406262
-0.271331
-0.523951
-0.185016
-0.059334
-0.041384
-0.151000
0.164740
0.500937
0.216083
-0.012043
0.427174
0.478558
-0.114703
0.112772
-0.200225
-0.473880
-0.041667
-0.001098
0.224634
-0.222817
0.144445
0.787533
0.879134
0.514331
0.482551
-0.007949
0.363559
0.066780
0.127801
-0.249442
-0.117700
-0.282262
-0.028999
0.012583
0.122535
0.148214
-0.257253
0.065462
0.198149
-0.172863
0.204610
0.067234
0.168255
0.536041
0.700859
0.195445
0.305522
0.329158
0.070372
-0.043899
0.210083
-0.043477
-0.317132
-0.042335
0.214465
0.067016
0.174050
0.196123
0.170350
-0.350106
-0.611510
-0.162274
0.501059
0.431345
0.062028
-0.065528
-0.070615
0.162220
-0.304240
-0.180754
-0.235398
-0.316408
-0.111361
-0.031823
0.525149
0.330145
0.205244
0.225418
0.623014
0.100260
0.771774
0.956191
0.319679
0.046226
-0.178108
-0.096220
-0.082277
-0.578010
-0.220253
0.068235
-0.281126
-0.356973
-0.300899
-0.234247
-0.012319
0.146059
0.249116
0.287809
0.055517
0.077272
-0.210213
-0.222758
-0.021011
0.111976
-0.381618
-0.234664
0.059183
0.369851
0.423240
0.274936
-0.070002
-0.084012
-0.142806
-0.008011
0.083737
0.164547
-0.289836
-0.486610
0.113829
-0.034883
0.244566
0.234243
0.508253
0.017985
0.299363
0.365922
0.598477
0.180574
0.536380
0.212499
-0.290495
-0.458981
-0.309717
-0.365083
-0.118598
-0.491724
-0.308424
-0.522258
-0.177306
-0.388920
-0.237156
0.197151
-0.283439
-0.074758
0.125262
-0.145686
-0.140583
-0.178652
-0.375161
-0.343464
-0.158566
-0.250759
-0.377142
-0.161209
0.126477
0.064253
0.548334
0.202135
-0.000815
-0.201644
0.016180
0.254561
0.592425
0.208014
0.268969
0.345061
0.349572
0.278155
0.275577
-0.292613
-0.728270
-0.602931
0.011152
0.526175
-0.002567
0.084832
0.353617
-0.065952
0.438718
0.121781
0.538260
0.046374
-0.164890
0.015629
-0.055873
-0.190074
-0.230101
-0.238622
0.167315
-0.110108
0.224497
-0.074450
0.103540
0.040542
-0.519628
-0.191364
-0.208811
0.373912
0.584146
0.115714
-0.293441
-0.081451
0.122651
0.502480
0.152454
0.005528
0.425608
0.115972
0.020721
-0.081401
0.262837
0.125594
-0.072152
0.105238
-0.104118
-0.082928
-0.265304
-0.146751
-0.440991
-0.267280
-0.418287
-0.252416
0.130711
0.137561
0.095825
0.323172
0.241855
0.089394
0.143799
0.092714
-0.051750
-0.176455
0.199530
-0.067164
-0.210433
-0.685954
-0.349919
-0.343986
-0.160008
-0.271217
-0.405274
-0.149045
-0.521566
-0.230350
0.165155
0.016119
0.052359
0.075957
0.050990
-0.503522
-0.486880
-0.117522
-0.087850
0.121652
0.169742
0.133204
-0.096743
-0.062164
-0.578410
-0.269626
-0.176621
0.488950
0.474452
0.125709
0.493405
0.540689
0.471172
0.089656
0.104239
0.193682
-0.626803
-0.658589
0.271466
0.403460
-0.107368
-0.164817
-0.034746
0.281102
0.566578
0.207631
0.236038
0.200662
-0.102713
-0.210036
0.060943
-0.013022
-0.123901
-0.213234
-0.269873
-0.378805
-0.132399
0.218308
0.544173
0.077451
-0.257894
0.119642
0.206605
0.150469
0.228085
-0.292318
-0.565314
-0.103499
0.693575
0.490956
-0.167165
-0.252389
-0.434629
-0.320346
-0.499096
-0.667712
-0.057951
0.162690
-0.024227
0.501587
0.172084
-0.317650
-0.423330
-0.815499
-0.897297
-0.765485
-0.417844
-0.311931
-0.079649
0.236274
0.013523
0.039115
0.226025
-0.314621
-0.213348
-0.100758
-0.140398
0.047284
0.011133
0.014193
-0.214824
-0.485824
-0.391576
-0.649476
-0.087844
0.067156
0.119026
0.146912
-0.232521
-0.124809
0.022272
-0.122815
-0.083227
0.097039
0.262462
0.055584
-0.145345
0.126827
-0.047121
0.144385
-0.247775
0.185549
0.304034
0.258474
0.058846
0.166354
0.059573
0.455744
0.435478
0.041507
-0.297271
0.359411
0.131020
0.270161
0.343293
0.153435
-0.135413
-0.203166
-0.045857
0.175157
-0.037562
-0.442273
-0.277843
0.078746
0.138704
-0.171980
0.161157
0.077796
0.035682
0.169306
-0.182405
-0.313972
-0.143740
-0.210878
-0.498357
-0.420309
-0.341085
0.393933
0.298327
0.231589
0.021619
0.103158
-0.113748
-0.009070
-0.366460
-0.657581
-0.812710
0.041658
0.319790
0.758331
0.772788
0.108525
0.144778
0.151220
-0.007217
-0.104833
0.014762
0.132073
0.277187
0.022957
-0.194962
-0.513383
-0.610644
-0.747095
-0.092701
-0.337779
-0.473365
-0.471484
-0.093345
0.097923
0.057272
0.210440
-0.187926
-0.345292
-0.466481
-0.528318
-0.169580
-0.049135
0.265225
-0.002895
-0.484269
-0.454806
-0.565049
-0.472351
-0.201388
0.096296
-0.055200
-0.111967
-0.165015
-0.007384
0.342370
0.165945
0.055413
0.011083
0.280966
0.021550
-0.013240
0.247760
-0.265741
-0.068689
-0.180906
0.107619
0.157020
0.322754
0.215668
0.259563
-0.007643
0.218875
0.645376
0.449664
0.268646
0.420428
-0.274256
-0.132197
0.139403
-0.095732
-0.020855
-0.105477
-0.096381
0.094900
0.041315
-0.130621
0.137538
0.523810
0.380634
0.501338
0.428302
-0.109151
-0.009698
-0.205398
-0.523940
-0.567702
-0.055258
-0.078935
-0.194535
-0.443211
-0.074684
0.275018
0.267668
0.121934
-0.093478
0.382217
-0.021332
-0.108271
-0.374623
-0.398645
-0.714509
-0.427743
0.146991
0.373871
0.181005
0.081733
0.149941
0.101510
0.307873
0.309256
-0.020058
-0.048007
0.013184
-0.060112
-0.089689
-0.183588
-0.164985
-0.398278
-0.090480
-0.369077
-0.392946
-0.425824
-0.193730
0.001057
0.029920
-0.441961
-0.097698
-0.181084
-0.184741
-0.373814
-0.544019
-0.126103
-0.041028
0.023462
-0.332242
-0.233899
-0.286995
-0.369039
-0.029615
0.310241
-0.057398
-0.093472
-0.171111
0.079496
0.234454
0.352542
0.553945
0.367888
0.321252
0.327860
0.136292
0.093395
-0.210078
0.466100
-0.143714
0.071568
-0.079519
0.537492
0.165229
0.163177
0.165072
0.052956
0.025518
0.137963
-0.041362
-0.091393
-0.118723
0.006144
0.081959
0.009485
0.117040
0.123835
0.144509
0.099523
0.076454
-0.356154
-0.100280
0.163614
0.320471
0.556737
0.665079
0.030181
-0.398141
-0.201825
-0.691866
-0.283463
-0.007981
0.064714
0.068538
0.018243
-0.220630
-0.323753
-0.084287
-0.272899
-0.281225
0.085743
0.014218
-0.182212
-0.637751
-0.726763
-0.086243
0.300896
-0.066299
-0.079362
0.501728
0.153948
-0.087515
0.001588
0.362363
0.147624
-0.192725
-0.052129
-0.315998
-0.119696
-0.173859
-0.241570
-0.024556
-0.337220
-0.457031
-0.270856
-0.376980
-0.564045
-0.299021
0.104002
0.038133
0.112086
0.098359
-0.306811
-0.486209
-0.235697
-0.345808
0.082115
-0.210320
-0.411737
-0.528604
-0.280311
-0.232326
0.194377
0.767539
0.345468
0.114199
-0.207752
-0.357235
0.082504
0.079079
0.129529
0.274786
0.101905
0.514730
0.229376
-0.023873
0.267931
0.463065
0.305607
-0.074843
0.071827
0.091918
-0.069136
0.079516
0.311713
0.208185
0.240373
-0.128956
0.191107
-0.092396
-0.341119
-0.271263
0.022178
0.259516
0.235191
0.435225
-0.045743
0.138961
0.276828
0.358444
-0.135429
0.100811
-0.037522
0.049065
-0.199328
0.282384
-0.098277
-0.584312
-0.162753
-0.199857
-0.191038
0.231197
0.469103
0.451238
0.126726
-0.015394
-0.173683
-0.129469
0.130426
0.181280
0.247344
0.175194
-0.252154
-0.585739
-0.240199
-0.042641
0.308800
0.145566
0.496671
0.134678
-0.388369
-0.015975
-0.032811
-0.024873
0.224048
0.086511
-0.308945
-0.075765
-0.085751
0.016496
-0.142100
-0.023535
-0.590722
-0.514798
-0.280595
-0.280469
-0.774160
-0.183262
-0.205308
-0.258788
0.067143
0.274352
0.101013
-0.185187
-0.009872
-0.018388
0.175936
-0.161388
-0.321811
-0.559287
-0.123765
0.281645
0.416899
0.574585
0.106098
-0.128173
-0.355300
-0.599179
0.090457
0.190953
-0.029708
-0.205120
0.229108
0.212380
-0.356737
-0.088827
-0.045999
-0.072101
0.181187
0.334924
0.148056
-0.263348
-0.125534
-0.179494
0.001274
0.291304
0.293080
0.335335
0.163171
0.051387
-0.243034
-0.464970
-0.169525
0.099120
0.199489
0.416117
0.029136
-0.331524
-0.347817
-0.366880
-0.379298
-0.519008
-0.024908
0.132344
-0.001693
0.161843
-0.248406
0.074673
-0.194085
-0.192758
-0.202375
0.092460
0.571721
0.118031
-0.173493
-0.172721
-0.450717
-0.360869
-0.369226
0.072364
0.366194
0.133454
0.277872
0.151727
-0.574943
-0.676132
0.044925
-0.197070
-0.060488
-0.058683
-0.272209
-0.020099
0.214333
0.212403
0.233816
-0.010992
-0.127864
0.224780
-0.416466
0.207864
-0.303044
-0.192849
-0.389284
-0.615343
-0.225038
-0.338328
-0.450356
-0.039288
-0.122598
-0.138425
-0.341278
-0.258710
-0.145793
-0.576331
-0.045203
0.136976
0.035190
0.013442
-0.698068
-0.846120
-0.403089
-0.030178
0.077625
0.165534
0.166516
-0.252906
0.117125
-0.208013
0.116060
-0.071686
-0.350995
-0.467585
0.218578
-0.121062
-0.268429
-0.085650
-0.116303
0.064526
-0.146893
-0.207980
-0.464313
-0.659027
-0.175399
-0.564956
-0.403620
0.074574
0.370716
0.560441
0.295997
0.065566
-0.063665
-0.338880
-0.366300
0.007406
-0.143000
-0.120679
-0.123258
-0.072527
-0.286294
-0.269896
-0.092688
0.118746
0.247484
0.413852
-0.073479
0.349558
-0.336330
-0.434119
-0.428990
-0.083214
0.363976
0.221503
0.094448
-0.122997
-0.123063
0.155624
-0.392469
-0.251017
0.082025
0.224156
0.134149
0.148088
0.458919
0.453993
-0.279014
-0.489403
0.022498
-0.123676
-0.159806
-0.002918
-0.142992
-0.484315
-0.197459
-0.308039
0.019109
-0.015497
0.029640
-0.210509
-0.395391
0.186906
-0.013311
-0.077452
-0.203238
-0.367573
0.123673
-0.216345
-0.328231
0.233158
0.030064
0.078228
-0.389943
-0.271047
-0.211069
-0.328025
-0.305541
-0.118015
-0.204755
0.180739
-0.418396
-0.331440
-0.171123
0.066455
0.127566
0.205661
-0.008787
-0.042705
0.062070
-0.231375
0.052170
0.301291
-0.355159
-0.442014
-0.132320
0.093923
-0.037440
0.056073
0.013516
-0.065486
0.052371
-0.262664
-0.555593
-0.700635
-0.657734
-0.733252
-0.573099
-0.105440
-0.117953
0.003860
0.066687
0.082970
-0.357253
-0.104378
0.040637
0.331678
-0.065119
-0.148539
-0.178964
-0.284026
-0.320383
-0.363414
-0.096940
0.179138
0.565282
0.522978
0.403220
0.297131
0.127676
-0.716541
-0.486687
-0.126731
0.013037
-0.315408
-0.233643
0.122625
-0.079070
-0.286263
-0.118406
-0.062565
0.709454
0.533597
0.103944
0.598200
0.335013
0.226397
-0.261925
-0.203442
0.037641
0.021259
0.030146
0.014577
-0.043666
-0.405700
-0.514911
-0.340240
-0.188051
-0.229185
-0.071747
-0.390172
-0.535222
-0.158786
0.038859
-0.030126
0.190793
-0.436353
-0.201635
-0.163261
-0.200123
-0.129398
-0.400186
-0.104818
-0.268892
-0.125813
0.051111
-0.272521
-0.268325
-0.164668
0.050335
0.200584
0.030389
0.109884
-0.309950
-0.238481
0.174387
0.152224
-0.177203
-0.246204
-0.205612
-0.241694
-0.009536
0.341615
-0.100690
-0.305155
-0.096513
0.269319
0.285224
0.072839
0.305979
-0.077000
0.110103
-0.090113
-0.628357
-0.621249
-0.689542
-0.197267
-0.126189
0.203481
0.101916
-0.344456
-0.234896
0.010003
-0.230949
0.311785
0.356062
0.863229
0.012907
-0.239243
-0.200757
-0.148106
-0.222216
-0.207124
0.195150
-0.076774
0.151546
0.385733
0.462184
0.064016
0.028029
-0.223547
-0.259536
0.167839
0.436224
0.029319
-0.613027
-0.182180
0.142661
-0.108104
0.042049
0.169760
0.660700
0.504755
0.238644
-0.064893
-0.061927
0.195862
-0.014017
0.319727
0.345957
0.248970
0.386415
0.172756
0.279002
0.002522
-0.124090
-0.428395
-0.301790
-0.434615
-0.509220
-0.525169
-0.196700
-0.201992
-0.328363
0.333302
0.611518
0.331596
-0.144673
-0.390310
-0.553600
-0.024244
-0.430471
-0.065971
0.166564
0.419362
0.311404
-0.262180
0.071556
0.430305
0.354443
-0.134592
-0.003121
-0.486282
-0.574633
-0.296879
0.029810
-0.263183
-0.720988
-0.657919
-0.391194
-0.298459
-0.077343
0.123868
0.018331
0.177949
0.018677
0.469687
0.277218
0.116276
0.248634
0.273936
0.003245
-0.060849
-0.270757
-0.101761
-0.179528
0.207112
0.077197
-0.444637
-0.372254
-0.190228
-0.024014
0.403755
0.436619
0.545726
0.454595
0.764764
0.440102
0.084394
0.140281
0.237258
-0.127823
-0.034172
0.212207
0.132143
0.339627
0.149351
0.066625
0.052759
-0.098593
0.023780
-0.064985
0.175128
0.756659
0.036686
-0.364053
-0.252543
0.119636
-0.097209
0.144562
0.235274
-0.018488
0.060017
0.209600
-0.149448
0.098102
0.041122
-0.067827
0.491688
0.326224
0.216824
0.160655
-0.149472
-0.208336
0.133812
-0.551800
-0.418489
0.149935
0.257896
-0.285547
-0.431232
-0.256971
0.146014
-0.564103
-0.429357
0.145369
0.329020
0.153269
-0.351291
-0.333503
-0.303146
-0.405811
0.249339
0.372507
0.443318
0.135395
0.120131
0.150285
0.385982
0.164206
-0.190964
-0.014632
0.215757
0.205337
-0.247904
-0.266924
-0.362202
-0.409604
-0.610930
-0.477241
-0.240857
-0.070690
-0.044706
0.387531
0.417607
0.271375
0.695439
0.715148
0.561406
0.485295
0.248225
-0.398421
-0.312913
-0.138701
0.061476
-0.108678
-0.041841
-0.144067
-0.808992
-0.178502
0.076688
0.138741
0.224562
0.097144
0.088821
0.016915
0.627714
0.287572
0.481619
0.720504
0.370033
0.205842
0.027116
0.108290
-0.385793
-0.069020
0.182656
0.240978
0.071940
-0.045034
0.115655
0.273815
0.594783
0.744729
0.091164
-0.193511
-0.322098
-0.384376
-0.214162
-0.150516
0.036559
0.129124
0.140048
0.346868
0.378442
0.624919
0.277434
0.025223
0.172393
0.390058
0.280573
-0.107880
0.150285
-0.252246
-0.012191
-0.363258
-0.649909
-0.314637
0.187986
-0.133371
-0.457658
-0.040371
-0.069965
-0.323793
-0.317766
-0.483833
-0.157114
-0.410009
-0.466573
-0.624507
-0.475800
-0.501590
-0.136538
-0.074367
-0.077817
-0.248075
0.224265
0.216300
0.122484
0.421703
-0.170760
-0.554401
-0.383463
0.113252
0.068517
0.096340
-0.193330
-0.150306
-0.265440
-0.503264
-0.588093
-0.164073
0.216801
0.171361
0.089822
0.159432
0.266555
0.331723
0.545441
0.292199
0.257474
0.343109
0.014726
-0.025553
-0.213597
-0.054537
0.073967
-0.253051
-0.493615
-0.408642
0.162883
-0.101891
-0.152440
-0.047043
0.403269
0.228244
0.799237
0.664617
0.716026
0.474122
0.030327
-0.062374
-0.174158
0.054635
0.227897
-0.381145
-0.134680
-0.135932
-0.295418
-0.189897
0.237219
0.574809
0.554345
0.548224
0.122194
-0.007843
-0.372565
-0.415325
-0.170381
-0.400218
-0.464359
0.199396
0.434841
0.452044
0.320396
0.731349
0.373189
0.414507
0.286690
0.334159
0.064700
0.036781
0.487201
0.386086
0.075513
-0.241621
-0.320863
0.024676
0.053721
0.016716
-0.114489
-0.098880
0.133426
-0.333343
0.239145
-0.286916
-0.182188
-0.391044
-0.354995
-0.260739
0.036470
0.160805
0.286206
0.058936
0.252955
-0.422305
-0.108234
-0.623040
-0.016887
-0.002394
0.230777
-0.397443
-0.321792
0.007614
0.124612
0.042523
0.070397
-0.226432
-0.373880
-0.328001
-0.518099
-0.307272
0.364732
-0.227324
-0.718204
-0.092118
-0.037754
0.085524
0.224282
0.119697
0.194804
0.237774
-0.070507
-0.167391
0.025086
-0.058079
-0.261653
-0.064081
-0.578209
-0.450547
-0.226460
-0.342161
-0.294493
-0.057498
0.317104
0.137052
0.659008
0.812524
0.852150
0.556763
0.232611
0.120366
-0.171753
0.159048
-0.182547
-0.357566
-0.611489
-0.113498
0.176420
-0.024727
-0.089383
0.390398
0.476382
0.536912
0.163243
0.015406
0.031449
-0.108789
-0.127683
-0.120327
-0.534750
-0.005776
-0.013204
-0.013810
0.462735
0.573626
0.275040
0.599797
0.453403
0.333648
-0.085388
0.211209
0.251584
0.170199
0.062756
-0.006063
-0.445292
0.460275
0.389023
0.199158
0.115130
0.055035
-0.177217
-0.656644
0.382556
-0.173795
-0.705340
-0.367000
-0.160183
-0.409537
-0.122312
-0.246654
-0.064111
0.323026
-0.026349
-0.671655
-0.360112
-0.628404
-0.209313
0.127882
0.204448
0.041423
-0.316968
0.128392
-0.411585
0.071740
-0.189934
-0.163784
-0.477474
-0.530745
-0.764305
-0.622795
0.015822
0.033620
-0.067170
-0.508064
-0.359828
0.003296
0.026176
0.135075
0.406665
0.778433
0.203877
0.173807
0.396414
-0.234379
-0.102705
-0.407084
-0.590535
-0.384960
-0.259569
-0.196948
-0.084338
0.095655
0.478087
0.395152
0.990017
0.772031
1.077853
1.023236
0.146480
-0.104832
-0.236011
-0.498260
-0.238615
0.330384
0.072397
0.195225
0.219350
-0.394558
SCALARS sample_2 float 1
LOOKUP_TABLE default
-1.093437
-0.427655
-0.400039
-0.080779
0.306331
0.103342
0.047696
0.211627
0.421904
-0.156613
-0.492406
-0.409273
-0.212750
-0.563111
-0.848044
-0.169183
-0.093647
0.051973
-0.428811
-0.409320
-0.157650
0.020279
-0.003421
0.084659
-0.037446
0.021738
0.638976
0.443686
0.186210
0.082816
-0.036732
0.605127
0.478452
0.272601
0.331961
0.086216
0.417305
0.487783
-0.025962
-0.217637
-0.104659
0.148898
0.168772
0.205336
0.470218
-0.295745
-0.408466
0.066931
-0.310901
-0.354610
-0.135454
-0.442136
-0.564783
-0.059637
-0.340219
-0.265883
0.178526
-0.401107
-0.236203
-0.230223
-0.388364
-0.574903
-0.387133
-0.214536
-0.265863
-0.895167
0.235154
-0.127783
-0.096586
-0.366529
0.081294
0.234218
-0.179575
-0.031425
0.662447
0.552404
0.403473
0.577857
0.292763
0.054970
0.396210
0.491473
0.329705
0.341192
0.680630
0.337573
-0.379418
-0.118881
-0.246477
-0.102625
0.418648
0.324324
0.012781
0.242129
0.177533
0.321777
0.833358
0.398220
0.605744
0.446865
-0.219454
-0.497903
0.015952
0.092800
0.188237
0.010516
-0.139482
0.115401
0.207183
-0.071984
-0.145259
-0.383400
-0.267558
-0.006689
-0.312177
-0.040637
0.139667
0.521699
0.105003
-0.112456
-0.073125
-0.126387
0.223354
0.334462
0.031696
0.391738
0.448725
0.467178
0.016170
0.386129
0.284102
0.474484
0.111796
0.608604
0.468382
-0.054155
0.326746
0.448471
0.198875
0.345885
0.411485
0.119907
0.272818
-0.023968
0.177289
-0.234125
0.006966
0.298970
-0.027539
0.011738
-0.197935
-0.563093
-0.186179
-0.123622
-0.485473
-0.385993
-0.369384
-0.405237
-0.657501
-0.585051
-0.225116
0.030905
0.022599
0.156237
-0.393773
-0.653771
-0.018561
-0.344361
-0.207602
-0.129651
-0.343164
-0.029791
-0.117453
-0.088574
0.713514
0.724167
0.545827
0.545936
0.247331
0.267060
0.164462
0.385838
0.758574
0.259256
0.261794
0.182281
-0.403214
-0.004847
0.366847
0.227667
-0.099275
0.367224
0.432110
0.302535
0.223376
0.056120
0.527787
0.552598
0.194111
-0.041021
-0.263624
-0.357303
-0.063163
0.117024
-0.144948
0.052885
0.201973
0.396506
0.397309
0.349206
-0.143460
0.247165
-0.077917
0.138746
0.064688
0.235480
-0.118716
0.509789
0.125660
0.019054
-0.185806
0.001354
-0.001933
0.183319
0.396448
0.223113
0.241843
0.144247
0.250965
0.173973
-0.261511
0.105549
-0.014376
0.456347
0.053895
0.171015
0.252906
0.159007
-0.022625
0.098292
0.250727
0.149068
0.341768
0.127835
-0.217265
-0.225774
0.270907
0.189688
-0.049076
0.008435
-0.178523
-0.364641
-0.512949
-0.467194
-0.316204
-0.048718
-0.123360
-0.103682
-0.370702
-0.402165
0.146207
0.179623
0.509633
0.094166
-0.149285
-0.498163
-0.316792
-0.287447
0.021002
0.609889
0.107414
0.059330
-0.188497
-0.017942
0.149466
0.259756
0.471367
0.245162
-0.118139
0.114557
0.342421
0.451874
0.836336
0.567125
0.264449
-0.158992
-0.153359
-0.111273
0.417963
0.017314
-0.028465
0.385934
0.268100
-0.098659
-0.367530
-0.145276
0.324063
0.263870
-0.116931
0.010698
-0.590709
-0.156971
-0.178304
-0.002166
0.153012
-0.002699
0.041601
0.005132
0.129403
-0.227382
-0.084675
0.003607
-0.007176
-0.074188
-0.099399
0.248055
0.029715
0.548945
0.061924
0.099090
-0.325933
0.006965
0.157810
0.278808
0.317173
0.187697
0.176603
0.097437
-0.023998
0.058765
-0.290679
-0.476676
0.017472
0.144039
-0.026686
-0.209651
0.134370
0.411796
0.299468
0.284810
0.226246
0.552292
-0.010262
0.232568
0.245618
0.269880
0.258247
-0.073079
-0.069449
-0.111018
0.068756
-0.061219
-0.637059
-0.557127
-0.080535
-0.122017
-0.044311
0.145023
-0.536470
-0.656970
-0.137618
-0.397318
-0.131130
-0.120168
-0.013372
-0.151950
-0.256421
-0.242878
-0.041931
0.194039
0.034186
-0.085228
-0.165468
-0.495726
-0.276548
0.003368
0.386127
0.441016
0.241571
0.312712
0.432954
0.331954
0.632361
0.165411
-0.056472
-0.168858
0.015830
-0.165774
0.103631
0.599806
0.312852
0.473558
0.227316
-0.055699
0.056341
0.036230
0.087883
-0.066044
-0.429111
-0.276891
0.023562
-0.003086
-0.304953
-0.246579
0.296396
0.185890
0.206902
0.203413
0.171407
0.007727
0.030934
-0.072915
0.128481
-0.495454
-0.361683
0.093149
-0.064829
0.105842
-0.610355
-0.064249
-0.180582
-0.186471
-0.237516
0.354153
0.254852
0.499253
0.163124
-0.293564
0.053420
-0.174157
-0.673640
-0.661909
-0.277625
0.063364
-0.007788
-0.104498
0.222793
0.204114
0.295134
0.263319
0.181632
-0.060420
-0.430862
0.010581
0.065634
0.385045
0.372435
0.239509
-0.260961
-0.306149
0.062952
0.151237
-0.304226
-0.164400
-0.257128
-0.377482
-0.058537
-0.010014
-0.105443
-0.447307
-0.344707
-0.478766
-0.465769
-0.566699
-0.511979
-0.437709
-0.302477
-0.042104
-0.140662
0.015178
0.067368
-0.061992
-0.145883
-0.230438
-0.394103
-0.246256
0.714864
0.932835
0.851940
0.117058
0.304244
0.071498
0.047834
0.012811
0.112312
-0.129603
-0.063840
-0.133766
0.179109
0.088110
0.092211
0.496940
0.227480
-0.063010
-0.469034
0.148598
0.078625
0.025164
0.036025
0.167007
0.133344
-0.073146
-0.568691
-0.192845
-0.250903
0.230103
0.417275
0.097103
0.356933
-0.087152
-0.132116
-0.014056
0.268782
-0.395053
-0.531452
-0.177420
0.072034
-0.395390
-0.796965
-0.258849
-0.199103
-0.314740
-0.287058
0.195367
0.303074
0.488831
-0.048183
0.074057
0.097320
-0.628164
-0.814022
-0.854063
-0.001937
0.267600
0.285693
0.274011
-0.098722
0.426886
0.051697
0.215978
0.271079
0.001214
0.014296
0.011898
0.032768
0.012556
0.373847
0.524154
0.103615
-0.164167
0.059580
0.027784
-0.122455
-0.061544
-0.221506
-0.162794
-0.293559
-0.184385
-0.396308
-0.563311
-0.584889
-0.215391
-0.518764
-0.057274
-0.222422
-0.310416
0.365105
0.304103
-0.075158
0.193298
-0.186442
-0.282629
-0.530594
-0.643485
-0.430734
-0.184243
0.020938
0.209587
0.174448
0.316643
0.586899
-0.220194
0.287652
0.360902
-0.022389
-0.334468
-0.411077
-0.271961
-0.329296
0.169977
0.265934
0.249628
0.371508
0.159065
-0.417729
-0.094718
-0.086814
0.131620
-0.237831
-0.051700
-0.465401
-0.068363
-0.021531
-0.411112
-0.380832
-0.457520
-0.192931
0.260145
0.557666
0.062249
-0.256403
-0.341897
-0.500425
-0.678972
-0.515878
-0.162168
-0.418011
-0.186651
0.017701
-0.358155
-0.355957
-0.105720
-0.539307
-0.016426
-0.128259
0.486988
0.287039
0.470316
-0.169561
-0.671347
-0.505488
-0.317204
0.091099
0.463794
0.461273
0.253428
-0.373471
-0.332913
-0.398408
-0.502781
0.093573
0.248645
0.010466
0.413181
0.583388
0.225025
0.379850
0.426508
0.009636
0.078833
0.356538
0.183454
0.234679
-0.238189
-0.056258
0.046949
-0.346490
-0.513230
-0.501106
-0.404441
-0.289802
0.012480
-0.441365
-0.153943
-0.156331
0.013819
-0.013165
0.227148
-0.378777
-0.040315
-0.232263
-0.075587
-0.817892
-0.748447
-0.701981
-0.147247
0.017778
0.023832
0.184591
0.132941
0.398861
-0.013786
0.021956
0.249598
0.153724
-0.120472
0.059898
0.096049
0.080001
0.236548
0.487221
0.478748
-0.017556
0.132247
-0.068392
-0.088520
-0.109336
-0.237104
-0.489902
-0.443540
-0.288311
0.084964
0.138460
0.005930
-0.348868
-0.178115
-0.260925
-0.077617
0.172313
-0.275282
-0.227816
-0.461496
-0.416782
-0.421930
-0.614619
-0.351589
-0.356694
0.073017
-0.330459
0.007386
0.136753
0.076692
0.136576
0.334570
-0.044373
0.379461
0.169539
0.057835
-0.017354
-0.001635
-0.181595
0.144604
0.117283
0.363618
0.216852
0.104443
-0.322631
0.084894
-0.029971
-0.395129
-0.134693
-0.028282
-0.183136
0.038283
-0.072150
-0.054426
0.384189
0.408441
0.709028
0.578021
0.296201
0.142280
-0.294137
-0.209718
-0.183897
-0.034558
0.046164
-0.058099
-0.078619
-0.481289
-0.133177
-0.340299
-0.333829
0.055966
-0.103417
-0.103664
-0.316920
-0.084412
-0.715131
-0.322044
-0.022331
-0.088023
-0.684540
-0.728277
-0.343521
0.131341
0.294792
0.322116
0.283157
-0.266443
0.089608
-0.090798
-0.250745
-0.293570
-0.112407
-0.156559
0.066203
0.116393
0.077178
0.290843
0.398968
0.337471
0.019817
0.418074
0.358793
-0.361031
-0.167668
-0.381015
-0.398059
-0.961659
-0.222402
0.188604
0.047831
-0.282812
-0.128575
-0.810733
-0.386143
-0.062929
0.402927
0.363175
0.196188
-0.165103
-0.360027
-0.370229
-0.312438
0.133448
0.346247
-0.117227
-0.336467
-0.028008
0.087239
-0.344599
0.008387
0.208160
0.446510
0.280111
0.138134
0.196839
0.109279
0.159298
0.104981
0.606793
0.287421
0.009875
0.280835
0.392727
-0.183137
0.060613
0.171597
-0.185787
0.045312
-0.061015
-0.130791
0.044355
-0.124537
-0.159254
0.342398
0.545517
0.179422
0.191141
-0.016032
0.053656
0.139004
0.281352
0.131122
0.013653
0.064543
-0.088798
-0.560038
-0.319186
-0.032404
-0.337055
-0.308051
-0.304245
-0.065390
0.327972
0.003393
-0.091859
-0.472657
-0.459443
-0.336707
-0.026209
-0.021812
-0.119592
0.082438
0.266429
0.098736
0.366246
0.068381
0.064254
-0.462899
0.090753
0.477794
-0.260861
-0.537966
-0.236350
0.123260
-0.202557
-0.260259
-0.004785
0.558035
0.628273
0.265402
0.348849
0.037428
0.053897
0.106908
-0.192160
-0.166122
-0.086299
0.175480
0.250536
-0.166036
-0.163285
-0.256558
-0.957213
-0.505981
0.289722
0.403181
0.182445
-0.304975
-0.572742
-0.414254
-0.338992
-0.266204
0.216834
0.425128
0.358440
-0.036085
0.207571
0.131988
-0.100375
0.048380
-0.271553
-0.206589
0.292261
0.452575
0.446629
0.210137
0.238725
0.447202
0.588902
0.555114
0.274789
0.345173
0.401053
-0.010578
0.109744
-0.148474
-0.442370
-0.246748
-0.593861
-0.418994
0.352947
0.105351
-0.118882
-0.492069
-0.081509
0.275514
0.276769
-0.094250
-0.092198
0.531875
0.460311
0.204316
-0.000567
0.156918
-0.234255
-0.181766
-0.134489
0.281992
-0.416629
-0.457273
-0.385093
-0.016592
0.065869
-0.393719
-0.263712
-0.203544
-0.636978
-0.831255
-0.318171
0.020379
-0.387432
-0.021214
0.258295
0.360231
0.445082
-0.050966
0.079642
-0.406334
0.045406
0.408117
0.172636
0.339704
0.190562
0.280552
-0.307028
-0.508824
-0.098806
0.087358
0.232037
0.149977
-0.265842
-0.003698
0.180012
0.303151
-0.043017
-0.211066
0.296360
-0.306492
-0.194600
0.049427
-0.271286
-0.161936
-0.546425
-0.498543
-0.021906
0.005062
-0.066702
-0.189073
-0.505429
-0.407004
-0.149797
-0.465265
0.108529
0.068913
0.005731
-0.023623
-0.181811
-0.216889
-0.057815
-0.205043
-0.438865
-0.066696
0.222704
0.618953
0.408338
0.419174
0.275916
-0.033467
0.551104
0.353070
-0.011083
-0.101796
0.437238
0.271940
0.270073
0.043165
-0.073101
-0.113179
-0.332697
-0.144613
0.148666
-0.197314
-0.387111
-0.199552
0.132086
-0.158971
0.276046
0.334419
0.470269
0.140709
0.052249
-0.053037
-0.485181
-0.254667
-0.115586
-0.035128
-0.079735
0.193266
0.202292
-0.099335
-0.142023
0.130850
-0.057257
-0.203439
0.045136
-0.367888
-0.357370
-0.669942
-0.444778
-0.413273
-0.098916
-0.085609
0.124141
0.121869
0.379767
0.083590
-0.000714
-0.404385
-0.313773
0.444836
0.077538
0.005627
-0.347876
-0.167595
-0.232527
-0.353055
-0.762332
-0.241272
0.107597
0.066630
0.008698
-0.213977
0.196814
0.159260
-0.017564
-0.021152
0.363143
-0.424947
-0.541520
-0.210856
-0.044612
-0.021026
-0.443724
-0.374548
-0.210926
0.012538
0.161584
-0.216846
-0.073920
-0.350065
-0.055572
-0.411820
-0.345696
-0.206319
-0.090606
0.415837
0.036865
-0.173452
-0.364985
-0.130611
-0.183621
-0.260656
0.360059
0.554513
0.375949
0.310491
-0.087419
-0.011661
0.153285
0.184595
0.405452
0.320470
0.289343
0.610744
0.155876
0.438980
-0.438237
-0.397044
-0.166860
-0.313549
-0.148843
-0.255284
-0.193147
0.159445
-0.272968
-0.400099
0.097401
0.153377
0.336773
0.015194
-0.116869
-0.593922
-0.584838
-0.291542
-0.194893
-0.041714
-0.294324
0.151561
-0.035826
0.158079
-0.430786
-0.018123
-0.049797
0.422911
0.127955
0.204235
-0.306034
-0.503805
-0.149544
0.082882
-0.200093
0.075706
0.256067
0.110393
0.061477
-0.172583
-0.046097
-0.511297
-0.212051
0.229182
0.246651
0.182204
0.236867
0.108216
-0.154603
-0.259927
-0.498996
-0.332690
0.101049
0.542642
0.933265
0.640481
0.486115
0.118211
0.077960
-0.341516
0.313246
-0.277083
-0.161426
0.043747
0.326941
-0.008246
-0.350899
0.075572
0.101513
0.359206
-0.097031
-0.421915
-0.660046
-0.254697
0.199015
0.097605
-0.361959
-0.353945
-0.200317
-0.164359
-0.365223
0.145829
-0.136711
-0.053679
-0.425642
0.041948
0.566569
0.987337
0.291154
0.091497
-0.226476
-0.118482
0.249047
0.217003
-0.053916
-0.319726
-0.121204
0.317246
-0.128071
-0.125397
-0.195307
-0.175202
-0.112612
-0.394206
-0.234505
-0.058332
-0.317217
0.016183
-0.173647
-0.155555
0.019424
-0.211116
0.157575
0.161624
0.372345
-0.230348
-0.406544
-0.205955
0.089069
0.148021
-0.025082
0.041754
-0.187211
0.299196
-0.074833
0.193241
-0.065963
0.142882
-0.166316
-0.337349
-0.175633
-0.313447
-0.383415
-0.322961
-0.369107
-0.072137
-0.091637
-0.068895
-0.415351
-0.582863
-0.127838
-0.036311
0.023239
0.210663
0.416461
0.146218
0.013814
0.101852
0.027948
-0.141156
0.005950
0.046697
0.281688
0.401118
0.320922
0.693401
0.187966
0.341072
0.275276
-0.045722
0.185126
-0.067464
-0.166769
-0.147303
0.107987
-0.099128
-0.040211
0.039496
0.171791
0.206946
-0.027398
-0.129325
-0.713708
-0.332892
-0.241947
-0.504565
-0.523110
-0.270235
-0.234356
-0.596701
-0.550454
-0.478953
-0.294759
-0.289226
-0.151101
-0.338571
0.069735
0.143980
0.199697
0.026045
-0.031057
0.359612
0.271379
0.061759
0.406918
-0.097642
-0.098572
0.120342
-0.167788
-0.530109
-0.286156
-0.171813
-0.244851
-0.618061
-0.098747
0.086535
0.087032
0.117139
0.117383
0.261202
0.102414
0.195505
0.217187
0.377414
-0.305866
-0.603117
-0.273284
-0.081758
0.204284
0.075696
-0.334588
-0.216828
-0.105960
0.081149
-0.068955
0.073422
-0.010234
-0.110645
-0.489592
-0.674645
-0.242287
-0.359871
-0.299128
-0.367987
-0.691134
-0.596089
-0.346843
0.112978
0.098516
-0.045757
0.074787
0.304907
0.499076
0.248487
0.317383
-0.399460
-0.100069
-0.175003
-0.290084
-0.510019
-0.452606
-0.145615
-0.140286
-0.081240
0.310336
0.518938
0.462367
0.279891
0.445717
0.023370
-0.052444
0.249494
0.232673
0.421601
0.278603
0.297004
0.100118
-0.109774
0.341891
0.284411
0.083785
0.193637
-0.448455
-0.543015
-0.327040
-1.095752
-0.814069
-0.482506
-0.234539
-0.225767
-0.165447
-0.438107
-0.203116
-0.028379
-0.379815
-0.375157
-0.164069
0.211470
0.363588
-0.133053
-0.028627
-0.119672
-0.134898
-0.403563
0.032666
-0.104487
-0.206673
0.759893
0.216908
-0.141040
-0.194034
-0.055846
0.009353
-0.384302
-0.262424
-0.091372
0.112239
-0.160618
0.190589
0.008227
0.175116
0.257426
0.234167
-0.095839
-0.413537
-0.093111
0.537982
-0.159411
-0.155313
0.023116
-0.234015
-0.211179
0.053520
0.299588
-0.169009
-0.023199
-0.043145
-0.037826
0.021202
-0.248609
-0.178542
-0.271954
-0.120685
-0.301377
-0.275464
-0.379740
0.049760
0.565690
0.506695
0.223788
0.322004
0.104042
0.525115
0.229711
0.018162
-0.410137
-0.523566
0.127554
-0.190803
-0.252316
-0.248499
-0.123169
0.236143
0.172676
0.386062
0.683929
0.478051
0.405310
0.137968
-0.182249
0.190958
0.465839
0.462377
0.331979
0.117882
0.350145
0.132347
0.051722
0.059815
0.213326
0.355151
0.049033
-0.233779
-0.578011
-0.630741
-0.847182
-0.391121
-0.196461
-0.365782
-0.164178
0.102779
-0.115046
-0.165399
-0.445715
-0.229249
-0.089691
-0.107499
-0.175050
0.035693
-0.214836
-0.088674
-0.219133
-0.194085
-0.224553
-0.225354
-0.065443
-0.185477
0.354959
-0.205714
-0.607969
-0.474953
-0.366786
-0.138717
-0.094761
-0.051925
-0.211362
0.009525
0.087489
-0.378995
0.010916
-0.098960
0.221850
0.103145
-0.546093
-0.373529
0.049717
0.157627
-0.413435
-0.624652
-0.370056
-0.204047
0.047734
0.149145
0.337079
0.037586
0.319980
0.122451
-0.056807
0.249243
-0.048162
-0.322776
0.076842
-0.365078
-0.185007
-0.122530
-0.198206
0.038860
0.124165
0.008898
-0.025077
0.213353
-0.278843
0.257055
0.388860
-0.038253
-0.260142
-0.566650
-0.123381
-0.561655
-0.509524
-0.380550
-0.636553
-0.347574
0.088005
0.637958
1.105303
0.518299
0.421055
0.185162
0.029183
-0.258160
0.516053
0.193566
-0.435917
-0.298560
-0.131163
-0.188879
0.017648
-0.234631
-0.187365
-0.002285
0.086605
-0.120076
-0.281643
-0.552338
-0.249056
-0.019874
-0.523011
-0.706413
-0.519302
-0.267530
-0.458002
0.018217
-0.446173
-0.847995
-0.293887
0.096683
-0.162100
-0.021674
0.223257
0.176896
-0.252922
-0.158927
-0.015132
-0.088205
0.270667
0.056267
0.343299
-0.138980
-0.669387
-0.891335
-0.609831
-0.641939
-0.633138
-0.186491
-0.297268
-0.424069
-0.432131
-0.478776
0.141470
0.057225
0.322531
0.319743
-0.356976
-0.146912
0.104729
-0.297290
-0.662815
-0.929886
-0.296030
-0.092388
0.050003
0.216872
0.240009
0.272033
0.016747
-0.332134
-0.034531
0.306689
0.294913
-0.302857
-0.266427
-0.378382
-0.184168
-0.143430
-0.336384
-0.188900
-0.072092
0.118037
0.149609
-0.391272
-0.415934
0.215076
0.022512
-0.595252
-0.929398
-0.643093
-0.413014
-0.371027
-0.493834
-0.148823
-0.040003
-0.330607
-0.077737
0.030303
0.636784
0.193427
-0.014781
0.029858
0.026062
-0.608255
0.802156
0.068136
-0.467399
-0.524533
-0.335226
-0.020765
0.157427
0.040480
-0.021161
0.060444
0.090876
-0.361489
-0.498167
-0.454619
-0.160134
-0.073385
-0.208526
-0.615673
-0.131944
-0.113751
-0.071951
-0.098341
-0.254463
-0.256322
0.171909
0.184312
0.151453
0.236387
0.153255
-0.066649
-0.172035
-0.269775
-0.074236
-0.235299
0.019324
0.150105
0.522134
0.101527
-0.144939
-0.560237
-0.343865
-0.538694
-1.012542
-0.571512
-0.232923
-0.149634
-0.482250
-0.291180
0.191662
0.456076
0.244544
0.535097
-0.201323
0.243246
0.027697
-0.123568
-0.183764
-0.731339
-0.118344
-0.261402
-0.341224
-0.047111
0.404476
0.637360
0.557166
-0.074888
0.131662
0.208150
0.034488
-0.064019
-0.114091
0.018024
-0.127963
-0.150198
-0.115981
-0.195514
-0.346319
-0.044485
0.535744
0.243207
-0.112831
0.048284
0.094559
-0.580938
-0.726605
-1.068865
-0.441602
-0.290583
-0.000665
0.104679
0.213810
0.041860
0.156187
0.035158
0.105891
-0.136589
-0.469148
-0.182650
-0.108788
-0.215241
0.081103
0.132685
-0.370161
-0.454872
-0.424692
0.319228
0.639280
0.232052
0.231962
-0.110859
-0.288280
-0.756787
-0.547624
0.107536
0.276817
0.191702
-0.154506
0.091363
0.131552
0.223629
-0.145098
-0.013378
0.403800
0.412428
0.225235
0.092361
-0.377428
0.000418
-0.002334
0.104748
0.395078
0.064479
-0.269091
-0.383059
-0.158205
0.143350
0.291383
-0.111367
-0.220277
-0.287905
-0.395271
-0.062631
-0.473206
-0.465821
0.020487
-0.073652
-0.001446
-0.182066
0.078181
0.139682
-0.272558
0.096809
-0.289774
-0.150753
0.072874
-0.085665
0.253763
-0.356484
-0.277140
0.296109
0.082684
0.299861
0.259401
0.319553
0.361065
-0.125707
-0.104772
-0.047719
-0.111061
0.003605
0.093640
-0.128400
-0.326017
0.030355
0.102951
0.101607
-0.179049
0.073348
0.035192
-0.160251
-0.008050
0.463353
0.190007
-0.153157
-0.579397
-0.642593
-0.009184
-0.190682
0.095756
0.487349
0.414039
0.692538
0.110586
-0.131171
-0.035777
-0.272549
-0.431282
-0.368553
0.059686
-0.506143
-0.630825
-0.355892
-0.253755
-0.160781
-0.448628
0.067075
0.498209
-0.040253
-0.042174
-0.343733
-0.396531
-0.497801
-0.023302
0.182039
0.258192
-0.060923
-0.040779
0.332914
0.442135
0.162163
-0.128613
-0.001250
-0.096568
0.529480
0.589344
0.558482
0.009753
0.025065
-0.021244
0.019019
0.495871
0.152122
-0.089671
-0.315594
-0.575443
0.072872
-0.252445
-0.056431
-0.190032
-0.335168
-0.594944
-0.485106
-0.323157
-0.538309
-0.099158
-0.040087
0.412765
0.287725
0.340667
-0.053657
-0.361603
-0.219749
-0.499993
-0.251114
-0.412022
-0.372343
-0.305399
-0.536778
-0.362041
0.237406
0.051683
-0.035472
-0.021688
-0.125427
0.113819
-0.526544
-0.501737
-0.536307
-0.250964
-0.140949
0.098139
0.069233
-0.168348
-0.122221
-0.202710
-0.142937
-0.000166
-0.264527
-0.272479
-0.061497
-0.022646
0.271548
-0.008521
-0.174017
-0.358500
-0.131028
0.053087
-0.243435
0.003679
0.445383
0.254806
0.526419
0.203751
0.098538
0.198031
-0.119283
-0.505646
-0.314147
-0.258483
-0.135700
-0.195561
-0.450000
-0.162511
-0.292159
-0.339321
0.080107
0.185016
0.050571
-0.170036
-0.572677
-0.417696
-0.348630
-0.204234
-0.227451
0.426930
0.203621
-0.020796
0.233538
0.270757
0.279898
0.236868
0.416410
0.004655
-0.087529
0.065578
-0.101606
0.067640
0.009226
0.094780
0.014437
0.019122
0.348027
-0.072814
-0.567715
-0.920475
-0.285584
-0.575141
-0.740514
-0.678689
-0.413487
0.016610
-0.206778
-0.092264
-0.241336
-0.420930
0.244063
0.271420
0.359606
0.388314
-0.086628
-0.344211
-0.370605
-0.398414
-0.546076
-0.505337
-0.316082
-0.492493
-0.481824
-0.733854
0.308671
0.210286
0.165756
-0.137419
-0.205056
-0.122167
-0.552667
-0.412861
-0.022081
-0.340449
-0.413338
-0.076669
0.151028
0.168029
0.142554
0.109887
-0.185189
0.019291
-0.348150
-0.155934
0.480210
-0.085004
0.225202
-0.275618
-0.211697
-0.162246
-0.024101
-0.115357
0.010910
0.477190
0.385815
0.689730
0.622206
0.250684
0.205892
0.525541
0.104860
-0.601894
-0.152684
0.130538
-0.097532
0.270562
-0.432245
-0.669461
-0.119838
-0.197660
-0.017276
0.358342
0.116013
-0.111969
-0.428782
-0.650106
-0.325059
-0.184477
-0.106290
-0.244920
-0.187867
-0.138439
0.245198
0.392809
0.145698
0.273241
0.061976
-0.007260
-0.040643
0.205253
-0.073357
-0.199649
0.014113
0.211727
0.031025
-0.439376
0.013478
0.103688
-0.273255
-0.195502
-0.222125
-0.111996
-0.722716
-0.580122
-0.075393
0.237424
0.240833
0.637863
0.409740
0.111068
0.020800
-0.171752
0.042767
0.078346
-0.303458
-0.497393
-0.219557
-0.603114
-0.753532
-0.685286
-0.575555
-0.538288
-0.567281
-0.853567
-0.585727
-0.197731
0.144881
0.120585
0.035434
-0.030907
-0.244113
0.141249
0.152389
-0.096545
0.017044
-0.132312
-0.061131
-0.187120
0.135639
0.034464
0.437114
0.837027
0.536913
0.327003
0.242830
-0.042712
-0.186737
-0.356533
0.156996
0.283989
0.458152
0.085558
-0.046597
-0.229359
-0.362671
0.178234
0.305404
0.034194
0.196800
0.339939
-0.118337
-0.372148
-0.136667
-0.068247
-0.228341
-0.204846
-0.130141
-0.113260
0.477089
0.118955
-0.131866
-0.149408
-0.005282
-0.023404
-0.737422
-0.502723
-0.190318
0.022505
0.208463
-0.602954
-0.291181
0.117459
0.326592
0.290800
-0.035712
0.378874
0.071610
0.179912
0.100673
0.044209
0.320243
-0.228404
-0.385683
-0.305515
-0.284606
-0.325908
-0.184268
-0.091554
-0.140945
-0.021053
-0.361394
-0.307578
-0.435306
-0.938621
-0.331430
-0.255998
0.115794
0.327008
0.170119
0.343123
0.218616
0.178798
0.538727
0.281457
-0.183215
0.011986
-0.197718
-0.146011
-0.219594
-0.152259
-0.437359
-0.353689
-0.577868
-0.796013
-0.456816
-0.054289
0.105266
0.371965
0.355545
-0.099426
-0.017250
0.145102
0.199489
0.270222
0.381285
0.062687
0.117446
0.029933
0.443796
-0.181532
0.319904
0.499764
0.454916
0.244431
0.109302
-0.237967
-0.089508
-0.323185
0.269266
0.448639
0.361008
0.242275
0.147698
-0.231146
0.061199
0.162760
0.032056
-0.036686
0.379738
0.465645
0.075321
0.000045
-0.018137
-0.130513
-0.274667
-0.839921
-0.552428
-0.385759
0.418863
-0.027411
-0.003726
-0.082951
0.190100
0.046182
-0.388443
-0.429408
-0.069444
0.332492
0.121057
-0.485317
-0.145009
0.506603
0.544640
0.456086
0.291215
0.219787
0.301364
-0.078617
-0.033122
-0.004732
-0.046667
-0.375641
-0.161782
-0.369094
-0.310006
-0.140360
-0.402549
-0.056380
0.075146
0.048704
-0.130999
-0.299231
-0.624179
-0.486461
-0.430654
-0.336110
-0.175729
0.222782
-0.058797
0.277889
0.358258
0.591109
0.918129
0.206465
-0.003871
0.095662
0.215550
-0.006456
0.120263
-0.215253
-0.486424
-0.199333
-0.419496
-0.852627
-0.363679
0.055651
0.080659
0.105166
0.297547
-0.054857
-0.068973
0.146486
0.206911
0.517895
0.496674
0.230163
0.115280
0.236671
0.426520
0.071248
-0.007294
0.520926
0.260518
0.382870
0.201084
0.115847
0.262046
-0.176714
-0.234341
-0.062911
0.027206
0.209261
0.278638
0.021569
0.366993
0.503092
0.373860
0.083194
0.485288
0.263508
0.608224
-0.007863
-0.029962
0.193136
0.407453
-0.301273
-0.081922
0.006975
-0.020647
-0.083707
-0.094122
-0.183863
0.561577
-0.078949
0.216277
0.101550
0.055946
0.248520
-0.115061
0.224164
0.137193
0.382059
0.561025
0.477400
0.214501
0.210409
0.076327
-0.303934
-0.095619
-0.320284
-0.256447
-0.688483
-0.265967
-0.220700
0.370226
0.424377
0.368994
-0.197688
-0.495109
-0.075128
0.157710
0.279697
-0.062467
-0.190061
-0.651486
-0.273399
-0.034865
0.557832
0.662783
0.102634
-0.091381
-0.237844
0.206639
0.087971
-0.006121
0.122479
0.231870
0.277142
0.300792
0.222027
-0.328528
0.103345
0.102409
-0.287766
-0.039256
0.285161
0.518243
-0.192202
-0.322103
-0.331506
-0.200738
-0.257857
-0.133896
0.289400
0.070776
0.002362
0.462009
0.225919
-0.017307
-0.332017
0.149369
0.629376
-0.004395
0.010568
-0.006930
0.114645
0.374462
-0.078346
0.306733
-0.049731
0.170872
0.158181
-0.011737
-0.246370
0.093304
-0.032453
-0.383964
-0.084849
0.125671
0.228741
0.316216
-0.067055
0.219478
0.153485
0.828200
0.069636
0.162964
-0.035873
0.222722
0.321176
-0.096096
0.015520
0.601890
0.215555
-0.071971
0.218338
0.256395
0.354807
0.014197
0.034976
-0.210945
0.107565
0.343143
0.100935
0.100852
0.283033
0.194483
0.233843
0.119471
0.050075
-0.473868
-0.454036
-0.019690
-0.273192
0.303344
-0.039570
0.199513
-0.165639
-0.532806
-0.529358
-0.068430
-0.007532
0.029422
0.076013
-0.158139
0.052982
0.216975
0.173507
0.291496
-0.110463
0.075673
-0.434118
-0.188429
0.098253
-0.185949
0.073975
0.016405
0.079130
0.404377
0.348264
0.238361
-0.138387
0.118611
0.415812
0.376428
0.040489
0.065315
-0.074577
-0.536323
-0.385697
-0.411261
-0.345512
-0.290540
-0.147861
-0.073213
-0.131932
-0.106974
-0.225870
-0.548820
-0.485676
0.125028
-0.130071
0.057987
-0.145867
-0.064170
0.041095
0.224221
-0.087562
0.144170
0.119912
0.185544
-0.099881
0.062656
-0.090818
0.146165
0.119812
-0.100165
-0.023652
-0.055424
-0.268574
-0.328011
-0.254252
0.265361
0.309919
0.253676
0.255641
0.203951
-0.322599
-0.002376
0.192812
-0.232493
-0.218411
0.059265
0.091522
-0.314821
0.169090
0.579384
0.229704
0.360618
0.178212
-0.196873
-0.111773
0.395918
0.090027
-0.084480
0.043056
0.361966
0.440279
0.502238
0.077939
-0.188850
-0.356942
-0.572722
-0.329646
-0.093756
-0.386803
-0.414416
-0.050472
-0.895462
-1.085658
-0.757990
-0.036292
0.303768
0.047852
-0.115229
-0.153001
0.055159
0.193964
0.038412
-0.231209
-0.063912
-0.435402
-0.407266
-0.406368
-0.671968
-0.501505
-0.399127
-0.244368
0.200804
0.126196
0.026647
0.295254
-0.065967
-0.012531
0.072697
-0.396883
-0.028088
0.024509
0.028673
-0.408031
-0.633241
-0.883537
-0.511162
-0.268875
0.356882
0.278109
0.207254
-0.009386
-0.113555
-0.047065
0.272469
-0.133565
-0.086836
0.063953
0.137992
0.271616
0.355030
0.252107
0.329618
0.079725
0.323571
0.076129
0.088536
-0.267889
0.050753
-0.100970
0.115505
-0.195620
-0.079039
-0.060865
-0.226380
-0.303465
0.072686
0.500456
0.777561
0.420949
-0.011029
-0.078787
0.137311
0.296745
0.117451
-0.000961
0.093098
0.625231
-0.161560
-0.202596
0.127134
0.408363
0.387386
0.328241
-0.046393
-0.001970
0.439700
0.071397
-0.128064
-0.202531
-0.106260
0.043735
0.158595
-0.139753
-0.104247
-0.399307
-0.354770
-0.324417
-0.603861
-0.445660
-0.144841
-0.221359
-0.609115
-1.052884
-0.332246
0.130331
0.056364
0.004668
0.199390
0.177186
0.115411
0.008087
-0.161671
-0.262553
-0.333343
-0.593720
-0.296182
-0.149121
-0.394339
-0.271555
-0.129187
-0.181456
0.178054
0.123208
0.359464
0.614423
0.204704
0.303900
-0.116158
-0.463083
-0.331549
-0.078988
-0.017739
-0.434899
-0.459682
-0.769437
-0.501362
0.039693
0.272714
-0.171509
-0.117085
0.042733
0.167646
0.030435
0.051565
-0.033547
0.043430
0.132430
-0.201226
0.121732
0.287212
0.158697
0.447507
0.350922
0.670436
0.662187
0.353014
0.009905
-0.282413
-0.120922
0.294969
-0.093003
0.061042
-0.223996
-0.545181
-0.536528
0.085868
0.582826
0.580616
-0.153539
-0.421425
-0.340651
-0.096448
0.124402
0.176074
0.216710
0.006873
-0.154378
-0.147391
0.111747
0.254211
0.849189
0.494427
0.195953
0.000463
0.060657
0.037345
-0.090106
-0.416796
0.042872
-0.595417
-0.198913
-0.317434
-0.329535
-0.168583
-0.480270
-0.103887
0.116636
0.032087
-0.337264
-0.530163
0.143295
0.034363
-0.425657
-0.002471
-0.345986
0.208828
0.519048
0.384595
-0.106350
-0.080041
0.155126
0.147830
0.061115
-0.141576
-0.141697
-0.028595
0.085416
-0.329878
0.135918
-0.211961
-0.257228
-0.233004
0.043453
-0.034178
0.456155
0.543709
0.315080
0.117662
-0.180742
0.027171
0.035985
-0.068015
-0.193937
-0.131966
-0.006631
-0.209472
0.074656
0.000436
0.195021
-0.179208
-0.049044
0.255932
-0.060529
0.084593
-0.370439
0.058572
-0.096390
-0.074869
0.161336
0.344665
0.058226
0.272951
0.441059
0.109697
-0.016256
0.303849
0.194647
-0.153036
0.172253
-0.186874
-0.180494
0.053367
0.348038
-0.021095
-0.303137
-0.014623
-0.018406
0.213094
-0.144467
-0.441969
-0.501324
0.052203
-0.015555
-0.191903
-0.285792
-0.653035
-0.902211
-0.459215
-0.365752
-0.676305
-0.204573
0.466841
0.046848
-0.607701
-0.398128
-0.369383
-0.445897
-0.250371
-0.484088
-0.480891
-0.181188
-0.484563
-0.468932
-0.213582
-0.049828
0.059593
-0.370884
-0.118112
-0.301730
-0.407212
0.053752
0.470881
0.141282
0.112885
0.108695
0.156817
0.126701
-0.077731
-0.171094
0.026674
-0.007287
0.275297
0.279645
-0.241693
-0.389961
0.170495
0.509815
0.055992
0.704294
-0.010185
-0.410706
-0.640207
-0.187995
-0.282641
0.120261
0.354375
0.073132
0.143895
-0.104130
0.102725
-0.127416
-0.387979
-0.581184
-0.368158
-0.067825
-0.014838
-0.121325
-0.191664
0.041471
-0.438603
-0.075377
0.226261
0.096820
0.005720
-0.363901
-0.047495
0.057768
-0.289312
-0.651083
-0.007530
0.092151
0.140937
0.256551
0.149867
-0.385167
-0.418185
-0.143016
-0.080744
0.020208
-0.168950
0.331755
0.334080
0.158204
-0.317323
-0.106040
-0.285331
-0.494521
-0.227586
0.209343
-0.056075
0.224218
0.324789
0.247388
-0.274410
-0.336998
-0.595852
-1.076855
-0.542586
-0.614379
-0.898005
-0.453729
0.006034
0.520910
-0.104306
-0.392555
-0.038322
0.074951
-0.046917
-0.143987
-0.168185
0.267656
-0.220283
0.118193
0.060439
-0.098169
-0.155294
-0.321886
-0.083790
-0.019894
0.251343
-0.191703
0.084034
0.515121
-0.006774
-0.009104
0.041344
0.231289
0.063444
0.262203
0.162007
0.121867
0.340625
0.037128
-0.117650
-0.094714
0.430690
0.491370
0.019649
0.337369
0.099365
0.014028
-0.451072
-0.148644
-0.370294
-0.188099
0.051509
0.284556
0.249327
-0.212814
-0.149448
-0.250968
-0.119739
-0.272046
0.283770
0.153028
0.149526
-0.252051
-0.301387
0.041600
-0.239865
-0.297448
0.145537
0.228487
-0.018877
-0.362142
-0.161273
-0.513367
-0.534436
-0.477247
-0.082665
0.017281
0.047205
0.001940
0.125107
-0.666447
-0.046259
-0.174329
-0.135176
-0.273881
0.290636
0.451891
0.021091
-0.470703
-0.266230
0.278676
-0.364054
-0.360069
-0.158011
0.180118
-0.136353
-0.230326
0.115834
-0.005293
-0.012243
-0.572487
-0.290581
-0.257238
0.047834
0.481896
-0.297591
-0.115673
0.336467
0.493546
0.235222
-0.112941
0.067350
0.189790
-0.182132
-0.159279
-0.222944
0.208729
-0.136045
0.539274
0.191067
0.134009
-0.084118
0.140588
0.087514
0.897577
0.581729
0.395828
0.130966
0.344275
0.256197
0.328565
0.061888
0.110496
0.267757
0.051511
0.101693
-0.068129
0.122227
0.197076
0.307686
0.404014
0.696273
0.456409
0.370736
0.340264
-0.010861
0.109832
0.131893
0.121216
0.010226
-0.299676
-0.042742
-0.175416
-0.091875
0.085756
-0.096530
-0.211887
-0.316309
-0.375633
0.235032
0.178841
0.030291
-0.111481
0.356801
0.422897
0.271188
0.336828
0.086965
0.405069
0.235698
0.168576
-0.029386
-0.485372
-0.356223
-0.211919
-0.043424
0.020158
0.446652
-0.056478
0.055042
-0.153830
0.187696
-0.369057
-0.339466
0.063002
0.117266
0.274107
0.132156
-0.588694
-0.512407
-0.071880
-0.158588
0.040271
0.264055
-0.059948
-0.260711
-0.196332
0.325463
0.110260
-0.022553
-0.192397
-0.300484
-0.063602
0.195715
0.270742
-0.008616
0.135545
0.248424
0.298579
0.452923
0.294628
0.344845
0.580417
0.062405
0.258573
0.062884
0.282735
0.338834
0.285635
-0.098574
0.014554
-0.279949
0.178170
0.284184
0.083295
0.428389
0.407082
0.395651
0.211376
0.118518
0.273981
-0.218648
-0.341810
-0.109608
-0.198932
-0.449310
-0.270109
0.087707
0.229892
0.635728
0.293210
0.520477
0.546847
0.737558
0.613255
0.318024
0.089137
0.199401
0.123788
0.006111
-0.077895
-0.566995
-0.449547
-0.348742
-0.196624
-0.226004
-0.445340
-0.271382
-0.228642
0.156503
0.216884
0.088499
0.500493
0.281482
0.225727
0.132742
0.416062
0.133502
0.738323
0.716002
0.328095
0.268324
0.158611
-0.135690
-0.215135
0.042560
0.327767
0.569841
0.307168
0.125994
-0.046584
-0.003742
0.089737
0.097007
0.337922
0.067307
0.188221
0.315891
0.204477
-0.010220
0.384350
-0.134136
-0.179738
0.194335
-0.379203
-0.121979
0.105738
-0.016713
-0.004640
0.419711
0.232644
-0.074255
-0.008572
0.234410
0.360881
0.181008
0.341923
0.006025
-0.208036
0.284607
0.276026
0.404304
0.207950
0.043418
0.237003
0.094921
-0.040042
0.002847
0.382899
0.129254
-0.103592
0.177214
0.233917
0.124637
0.347017
0.254378
-0.115128
0.254507
0.402309
-0.012038
0.058977
-0.232231
-0.437402
-0.458590
-0.727868
-0.950608
-1.020617
0.258209
0.223453
0.235151
0.020133
0.404624
0.294821
0.330863
0.411343
-0.041793
-0.036207
0.234132
-0.222358
-0.406305
-0.637521
-0.750290
-0.505260
-0.172001
0.255051
-0.279643
-0.082370
-0.210959
0.432412
0.054586
0.269230
0.671590
-0.039816
-0.555336
-0.039482
0.331461
0.622972
0.606148
0.942162
0.744784
0.457690
-0.007626
-0.357362
-0.329896
-0.066012
-0.259460
0.230926
0.223699
0.628764
0.063352
-0.376011
-0.305898
0.032427
0.309038
0.248059
-0.211635
0.059476
-0.278769
-0.005280
0.207675
0.291775
0.358159
0.186293
0.686717
-0.544918
-0.096670
0.500576
0.180750
-0.146157
-0.184411
0.402795
-0.072425
0.085839
0.083816
-0.040576
0.136278
0.229205
0.278450
0.115649
0.331197
0.700589
0.781740
0.296723
-0.241085
0.239287
0.585141
0.369657
-0.074199
-0.212610
-0.077036
0.188725
0.195990
0.052507
-0.255566
-0.155569
-0.320301
0.031356
-0.143809
0.172026
0.168546
-0.064376
-0.300082
-0.008456
-0.229715
-0.342920
-0.568535
-0.228528
-0.063334
0.165915
0.318598
0.166431
0.260060
-0.024362
-0.183868
-0.046723
0.207612
0.074413
0.405816
0.276688
-0.221895
-0.352918
-0.643653
-0.430113
0.030994
-0.236604
-0.333592
-0.399353
-0.282651
-0.021303
-0.162414
0.279175
0.271790
-0.275845
-0.554561
-0.115207
0.266259
-0.117159
0.056268
0.780158
0.610534
0.565044
-0.028062
-0.272665
-0.283159
-0.404731
-0.609458
-0.502197
-0.291257
0.070817
-0.419356
-0.357868
-0.195241
0.395578
0.524302
0.337734
-0.192255
-0.005218
0.343223
0.247438
0.187348
0.127690
0.699336
0.148986
0.116863
0.337977
-0.101218
0.320383
0.176096
-0.529628
-0.464379
-0.100759
0.164053
0.386999
0.408698
-0.011373
-0.062257
0.235127
0.381109
0.690343
0.542282
0.074691
0.261380
0.164270
0.112436
0.740620
0.638631
0.330516
-0.066811
-0.154054
-0.306275
-0.304340
0.166465
0.297991
-0.086218
-0.409760
-0.611927
-0.395783
-0.371242
0.091645
-0.021707
-0.265124
0.017936
-0.337841
-0.114934
0.117362
-0.088742
0.476277
0.514175
0.046831
-0.327531
0.401721
0.503254
0.020559
-0.418342
-0.355313
-0.023954
0.007753
0.282678
0.615834
-0.209228
-0.147738
-0.362711
-0.041667
0.151810
-0.226065
-0.565751
-0.917794
-0.511429
-0.252972
-0.239909
0.044083
0.072332
-0.208605
-0.328188
-0.096833
0.290966
0.066629
-0.130688
0.360849
0.263076
0.230951
-0.136566
-0.388152
-0.318402
-0.120555
-0.190700
0.169975
0.409299
0.157053
0.218250
0.200249
0.111707
0.088201
0.210259
-0.070416
-0.288914
0.037464
0.197804
-0.180841
-0.302386
-0.032135
-0.191563
-0.696321
-0.191064
0.523538
0.251608
0.515748
0.090644
0.032962
-0.255465
0.009114
-0.093457
0.314646
-0.094079
-0.140862
-0.372822
0.247786
0.562469
0.242461
0.170963
-0.108217
0.221910
0.336901
0.385946
0.498644
0.865395
0.421307
0.038949
0.020793
-0.111754
0.022676
0.278280
-0.193517
-0.081559
-0.215011
-0.612026
-0.391262
-0.171652
0.375387
-0.076781
-0.383448
-0.007601
-0.266900
0.022570
-0.071911
0.115192
-0.128389
0.019660
-0.364483
-0.255565
0.119393
0.218701
0.195056
0.025998
-0.302431
-0.438269
-0.158573
-0.149961
0.016499
0.084596
-0.288325
-0.347752
-0.417738
-0.148180
-0.253850
-0.092248
-0.315525
-0.394226
-0.401510
-0.253809
-0.101908
-0.079301
0.025494
-0.408535
0.197025
-0.025648
0.001661
-0.244520
-0.112409
0.276574
0.369572
0.000159
-0.314000
-0.301614
-0.013240
0.164782
0.385119
0.261852
0.197612
0.018848
-0.046748
-0.185957
-0.052821
-0.137678
-0.285085
0.028422
0.213939
0.657731
0.337812
0.077017
0.247604
0.018761
-0.281180
0.168847
0.923426
0.095858
-0.452904
-0.453874
-0.379575
-0.058158
-0.221214
-0.344786
-0.048409
-0.370027
-0.335020
-0.196657
0.190519
0.573519
0.409550
0.156020
0.351247
0.039401
0.245487
-0.060877
0.157383
0.380547
0.176722
-0.094200
0.270312
0.265041
-0.297107
0.005231
-0.094375
0.341585
0.239776
-0.077888
-0.016641
-0.019983
0.423647
-0.112014
-0.225709
-0.067948
0.115647
0.042505
0.018095
0.099011
0.067795
-0.012059
-0.177002
0.093739
-0.109760
0.428663
0.000722
0.166233
0.186778
-0.208149
0.025292
-0.335107
0.034011
0.058894
-0.111102
0.058797
0.334624
0.074717
0.239886
0.249643
0.040998
0.058692
-0.029825
0.007875
-0.141006
-0.073840
-0.459276
-0.194596
-0.128243
-0.235708
0.169991
-0.086214
0.051168
0.248108
0.099874
0.110727
0.078445
0.247885
-0.025259
0.063014
0.202801
-0.108825
-0.218339
-0.411832
-0.289874
-0.181924
0.285327
0.244697
0.239001
-0.104791
0.156732
0.459034
0.392640
0.132090
-0.159597
-0.152473
0.190341
0.308463
-0.090922
0.029958
0.156410
0.005551
-0.123572
0.128317
0.228191
0.534613
0.130555
-0.199384
0.119005
-0.044164
0.171876
-0.007652
0.300484
0.405111
0.628428
0.426839
0.354922
0.306083
0.067621
0.235156
0.413527
0.116365
0.389106
0.419828
0.040908
0.341340
-0.023883
0.062403
-0.067224
-0.137607
-0.511936
-0.304306
-0.115933
-0.159905
0.203380
0.094218
0.287337
-0.027296
-0.060415
-0.234130
-0.163715
-0.100882
-0.184097
0.235516
0.163844
0.747830
0.209704
-0.187528
0.184355
0.259585
-0.240869
-0.234194
0.481388
0.257409
-0.179122
0.129791
0.012223
0.110689
0.108491
0.080906
0.181293
0.015405
-0.147118
0.404796
0.062058
0.006206
-0.531392
-0.635066
-0.038614
-0.637515
-0.294407
-0.016477
0.415522
0.177228
-0.119585
-0.228239
-0.089190
-0.251374
-0.371431
-0.088552
0.201651
0.052077
-0.043336
-0.354776
-0.315236
-0.216744
0.185953
0.240021
0.445071
0.444537
-0.132268
0.166199
0.608848
0.120849
0.039180
-0.354995
0.339427
0.880184
0.105520
-0.015986
0.319316
0.379838
-0.115143
-0.211110
0.094840
0.567509
0.082498
0.149210
0.300038
0.255450
0.296055
0.170086
0.202735
0.284168
0.283297
0.389719
0.104493
0.309219
0.005871
0.408467
0.087132
0.343790
0.132614
0.266209
0.043775
0.388420
-0.140306
-0.040204
-0.215380
-0.429165
-0.160377
-0.076969
0.123970
0.574467
0.233173
0.310833
0.301640
0.123869
-0.011570
0.114313
0.025429
0.570180
0.222190
-0.093528
0.095740
0.290832
0.073351
0.023326
0.042420
-0.238211
0.062519
0.262595
0.390532
0.237078
-0.099110
0.090489
-0.142793
-0.215410
-0.065115
0.230770
0.092049
-0.144394
-0.194905
0.037351
0.087692
0.066423
-0.370930
-0.332879
-0.142297
-0.151133
-0.199167
-0.242840
0.065786
0.334437
0.252087
0.095895
-0.038683
-0.238647
-0.403740
-0.096528
-0.046194
0.062396
0.158241
-0.268710
-0.190103
-0.636758
-0.001118
0.369923
0.110053
0.177574
-0.196677
0.024117
0.285432
-0.122438
-0.230040
0.126176
0.544480
0.746509
-0.175431
-0.130704
0.314467
-0.068658
0.035114
-0.468805
-0.055436
0.002596
0.103385
-0.241533
0.302285
0.514991
0.505687
-0.176719
-0.022574
0.200291
0.048209
-0.026400
-0.534210
0.106376
0.005085
0.267342
0.254285
0.309596
0.543289
0.410263
0.111163
0.470217
0.192634
0.065455
-0.167391
-0.144475
-0.099716
0.158323
0.224484
0.217885
-0.470682
0.177609
0.421875
0.342712
-0.361968
-0.420922
0.120253
0.315639
-0.011332
-0.146751
0.039077
0.082649
-0.362544
-0.614019
-0.148324
-0.146012
0.093211
0.557604
0.313461
0.385119
-0.225038
-0.485459
-0.238759
0.054157
0.243243
0.379294
-0.162906
0.284668
0.076949
0.187348
0.405036
0.110882
-0.351215
-0.619885
-0.411973
0.081222
0.070190
0.132904
0.208608
0.379868
-0.144959
-0.301198
-0.170542
0.035661
-0.509812
-0.269306
0.118413
0.152241
0.056564
-0.018145
0.027071
-0.334815
0.328212
0.259733
-0.153639
-0.135625
-0.232263
0.182667
-0.271295
-0.408676
-0.210119
0.145912
0.213149
0.205594
-0.189215
-0.603905
-0.166300
0.241264
0.095781
-0.323190
-0.089122
-0.228798
-0.140654
-0.028554
0.015303
0.419453
0.346470
0.373352
0.138020
-0.200814
0.146560
0.202918
0.133082
0.015163
-0.077619
0.428565
0.022098
-0.095091
-0.003487
0.254971
0.012046
0.217950
0.284212
-0.368827
-0.507296
-0.323735
0.244282
0.240983
0.002565
0.143604
-0.364709
0.140529
0.259070
0.334427
0.179400
-0.237766
-0.391029
0.228383
0.156280
-0.048172
0.211814
0.305434
-0.183609
-0.393530
-0.182331
-0.129763
-0.329382
-0.107210
0.352692
0.191281
0.227701
-0.401809
-0.156727
-0.018962
0.251514
0.362558
-0.537519
-0.071531
0.096225
0.314954
0.393992
-0.426150
-0.671483
-0.878580
-0.523133
-0.031246
0.244571
0.221029
0.027309
0.122722
-0.139177
-0.287708
0.079927
0.130455
-0.574651
-0.556386
-0.282482
-0.194805
-0.286538
0.079916
-0.118628
0.046979
0.166873
0.292340
0.404124
0.111867
0.239474
0.340892
-0.140112
-0.141506
-0.041556
0.121787
-0.144348
-0.482824
-0.290067
-0.431396
-0.217474
0.007339
-0.258900
-0.351037
-0.518698
-0.023079
-0.554416
-0.100692
-0.177394
0.410192
0.181292
0.309719
0.001983
-0.156100
0.153748
-0.073041
0.255384
0.636946
-0.032130
-0.100906
0.198989
0.099638
-0.197998
0.335207
-0.115178
0.229655
-0.141254
-0.119153
-0.103624
-0.388649
-0.017315
0.107162
0.023442
0.244300
0.281682
0.519156
0.710921
0.110443
0.613931
-0.148292
-0.183241
-0.188388
-0.115340
-0.161379
0.262938
0.244534
-0.169587
0.002003
-0.158334
-0.503248
-0.475192
-0.596365
-0.015442
0.074390
0.197769
-0.131680
0.074827
-0.184397
-0.288207
0.217869
-0.343256
-0.553760
-0.059395
-0.073930
-0.368819
-0.219232
-0.533106
-0.856370
-0.697786
-0.624917
0.077376
-0.108067
0.078576
0.370863
0.132054
-0.151601
-0.286112
-0.432337
-0.360962
-0.185157
-0.274308
-0.526226
-0.506980
-0.486042
-0.348343
0.077195
0.517771
0.235568
-0.027402
-0.053954
0.187878
0.038003
-0.024495
-0.048769
0.211577
0.028420
-0.306225
-0.813427
-0.323742
-0.123316
-0.173527
0.211548
-0.119037
0.002626
-0.207650
-0.064255
-0.078456
-0.238337
0.030346
0.212439
0.447896
0.097517
-0.203632
-0.108694
-0.259966
0.095403
-0.005725
0.222782
0.227953
-0.133888
0.144374
-0.302965
0.216872
0.050030
0.337181
0.545713
-0.249715
-0.424278
-0.129797
-0.249321
-0.064514
-0.271799
-0.268063
0.156709
-0.084761
0.119824
0.336516
0.197014
0.382947
-0.080003
-0.244514
-0.341899
0.253575
-0.338132
-0.162606
0.329245
0.023229
0.186937
-0.277865
-0.339906
-0.226401
-0.286444
-0.125754
0.193251
0.074302
0.017943
-0.052430
0.005689
0.074810
0.002018
-0.123365
-0.167104
-0.173259
-0.119892
-0.009269
-0.151685
-0.249182
-0.932515
-0.468275
-0.668231
-0.170671
0.084551
0.380652
0.455753
0.414651
-0.191721
-0.125164
-0.497128
-0.104253
-0.102638
-0.401175
-0.383160
-0.398807
-0.567233
-0.379489
-0.291140
-0.274525
-0.437337
-0.386292
-0.442444
-0.048237
0.100611
-0.110334
-0.610592
-0.247678
-0.117048
-0.126200
-0.393956
0.024463
-0.002307
-0.139387
0.276944
0.158252
0.507776
-0.033133
0.055466
0.152932
-0.109918
-0.136181
-0.095559
0.095652
0.177766
-0.245763
-0.177466
0.019089
0.442441
0.393085
0.325407
0.433289
-0.063790
0.281668
-0.419225
-0.051039
-0.000716
0.004111
-0.024582
-0.427885
-0.307211
0.100431
-0.109232
-0.301516
-0.202052
-0.292452
0.200067
0.187758
-0.059546
0.170380
-0.027269
-0.203946
-0.323442
-0.546909
0.117279
-0.206841
-0.246764
-0.252226
0.038171
0.019130
0.093958
0.200372
-0.432512
-0.128550
0.005998
0.106057
0.480308
0.216623
-0.186873
-0.168362
-0.015769
0.122186
-0.011523
-0.103007
-0.005623
-0.404379
-0.446154
-0.094337
-0.159559
-0.323131
-0.398084
-0.068150
0.021171
0.460186
0.143102
0.427401
0.288795
0.326601
0.101657
-0.233077
-0.330193
-0.214195
-0.204996
-0.451014
-0.040442
0.023325
-0.361911
-0.532566
-0.266249
-0.094237
-0.161453
-0.395362
-0.166624
0.015495
0.064743
-0.133091
-0.424853
-0.712378
-0.206798
-0.335067
-0.273180
0.155059
-0.122654
0.110866
-0.020517
-0.089130
-0.030415
-0.139040
-0.357541
-0.712649
-0.201836
-0.134456
-0.013523
0.007281
0.270143
-0.589483
-0.017024
0.724014
0.313824
0.532032
0.208683
0.267915
-0.057223
0.042805
-0.555700
-0.546780
0.338523
0.170147
-0.143077
-0.626141
-0.243153
0.048942
0.232436
-0.227435
-0.362547
-0.491861
-0.132536
0.056114
0.031138
-0.006303
0.135506
0.179606
-0.045283
-0.240505
-0.411465
-0.152078
-0.196598
-0.049051
0.211583
0.169702
0.333854
0.519266
0.063498
-0.317805
-0.264143
0.076510
0.346030
0.486882
0.121321
0.141328
-0.024174
-0.305578
0.238751
0.475868
0.284152
0.316405
-0.078838
-0.132756
-0.181681
-0.149243
-0.083123
0.170224
0.584401
0.494181
0.579875
0.269997
-0.164143
-0.165269
-0.028782
-0.725977
-0.247304
0.054050
0.274001
-0.226432
-0.132602
0.342823
0.172114
-0.141517
0.034358
-0.061067
-0.550420
-0.463823
-0.009890
-0.152852
-0.074152
-0.096415
0.058527
-0.247743
-0.388676
-0.291045
0.174478
0.289586
-0.073220
0.031037
0.101584
0.080626
0.148274
0.278974
-0.296334
-0.551271
-0.240467
-0.532437
0.087897
-0.243296
-0.034680
-0.159152
-0.183973
0.541598
0.657361
0.554564
0.201711
-0.210427
-0.293106
-0.043328
-0.289016
-0.286482
-0.070457
0.078917
-0.263324
-0.347755
-0.206633
-0.216912
0.091492
0.059167
-0.545039
-0.431355
-0.289488
0.215079
-0.429016
-0.320462
-0.172072
0.087368
0.160023
0.026063
-0.254124
-0.436617
-0.409384
0.268679
0.151600
0.283464
0.332150
0.768576
0.537391
-0.019996
0.468507
0.261090
0.375697
0.285545
0.376472
0.320513
0.266495
0.010168
-0.103503
0.295579
0.351505
-0.005349
-0.256551
-0.399007
-0.325391
-0.097437
0.080006
0.558565
0.548060
0.288153
0.537316
0.444633
0.256031
-0.034320
0.251780
-0.344404
-0.026952
0.120691
-0.180826
-0.488400
-0.304560
0.225857
0.310976
0.214456
0.272712
-0.212251
-0.409701
-0.452472
-0.338637
0.010166
-0.179779
-0.422850
-0.374238
0.018313
-0.081755
-0.081547
0.108851
0.333220
0.303267
0.509083
0.192746
0.153497
-0.017412
-0.086916
0.054687
0.391001
0.115992
-0.028839
0.094866
0.105484
-0.441758
-0.595789
-0.353066
0.017629
0.173543
0.424105
0.340511
0.205852
0.101484
0.368035
0.351917
0.550154
0.087909
-0.081831
-0.061211
-0.723387
-0.810269
-0.262874
0.047919
0.235728
-0.113396
0.025433
-0.611446
-0.199940
-0.331520
-0.402560
-0.374022
-0.340173
-0.106135
-0.346599
-0.368288
-0.154727
-0.215543
0.108207
0.378325
0.526571
0.346308
0.537972
0.621677
0.434530
0.345881
0.571341
0.328343
0.009678
0.309945
0.511686
0.426005
-0.197204
-0.090702
0.140436
0.200555
-0.287749
-0.613353
-0.665283
-0.358147
0.004025
0.181289
0.284605
0.500730
0.400866
0.362229
0.282355
-0.131248
0.019460
-0.076540
-0.371454
-0.075250
-0.243173
-0.232045
-0.485053
-0.671658
-0.082385
0.749868
0.914919
0.267455
-0.108534
-0.284117
-0.218438
0.121657
0.546288
0.283017
0.204639
0.132122
0.007319
0.115604
0.071061
0.262601
0.553178
0.663849
0.413023
-0.054078
0.216793
0.062825
0.322491
0.157903
0.439823
0.146272
0.002574
0.195125
-0.137874
-0.241869
-0.473896
-0.269326
-0.167226
0.185980
0.019424
0.512597
0.252229
0.106793
0.300785
0.198343
0.389126
-0.043155
0.429730
0.339697
-0.115372
-0.241016
-0.050612
0.053768
-0.123682
-0.203279
0.151339
-0.375272
-0.079811
-0.508006
-0.509346
-0.519929
-0.467024
-0.515359
-0.406351
-0.474158
-0.257168
-0.141589
-0.107007
0.191414
0.417374
0.417245
0.474776
0.483834
0.317411
0.444963
0.801970
0.559740
0.587018
0.245744
0.378918
0.071031
0.037628
-0.530976
-0.128325
-0.269835
-0.393719
-0.794863
-0.517915
-0.616665
-0.252744
0.402184
-0.133800
0.038358
0.431627
0.346117
-0.050111
0.098368
-0.102298
-0.021118
-0.107783
-0.143321
-0.088889
-0.258254
-0.201749
-0.895481
-0.638695
0.567916
0.758517
0.667063
0.139398
-0.414660
-0.214162
-0.012473
0.332213
0.315327
0.233874
0.319443
0.235261
0.305655
-0.193576
0.173812
0.384458
0.774771
0.694440
0.350830
0.273176
0.311574
0.268488
-0.118837
0.126942
0.007603
-0.182872
0.189480
-0.011995
-0.053020
-0.766872
-0.587637
-0.070468
0.150006
-0.072155
-0.193467
0.128936
0.089773
-0.023844
-0.020308
-0.198605
0.165686
0.312022
0.351742
0.161758
-0.056794
0.249043
-0.216676
-0.059460
-0.374045
-0.198085
-0.327200
-0.110307
-0.220458
-0.593894
-0.256330
-0.235121
-0.434371
-0.006737
0.361459
0.031117
-0.404639
-0.123949
0.205871
0.249812
0.456761
0.479907
0.196757
-0.121932
0.169505
0.689817
0.729016
0.336190
-0.097908
0.322209
0.056976
-0.377310
-0.715744
-0.248902
-0.089818
-0.072981
-0.369324
-0.252940
-0.391598
-0.221984
0.141781
0.152652
0.212347
-0.015554
-0.196375
-0.178617
-0.085189
0.203960
-0.130159
-0.484985
-0.178683
0.089712
-0.032991
0.121352
-0.757040
-0.509358
0.052740
0.398266
0.070849
-0.250894
-0.580774
-0.410398
-0.468408
-0.122767
0.119149
0.068245
0.017096
0.408638
0.391146
-0.221606
-0.158551
0.229867
0.370134
0.359790
0.655345
0.423986
-0.112398
-0.023696
-0.050835
0.133630
0.087357
0.012598
-0.291612
0.248346
-0.122575
-0.168793
-0.115481
0.119871
0.420448
0.440957
0.147187
0.333573
0.187511
-0.007443
0.194027
0.158529
0.247768
0.043506
0.223748
0.240782
-0.086312
-0.206714
-0.391390
-0.213058
-0.346875
-0.238655
-0.092504
-0.098974
-0.389575
-0.476785
-0.219648
-0.039423
-0.461883
-0.093838
-0.095091
0.035826
-0.245144
-0.219066
0.225671
0.108969
0.091656
0.195027
-0.217533
-0.219406
-0.164018
0.379425
0.326910
0.280054
-0.048993
0.220206
0.203988
-0.081060
-0.441960
-0.222882
0.029581
-0.070912
-0.215038
-0.393488
-0.064805
0.076306
-0.228162
-0.320336
-0.031706
-0.178511
-0.134241
0.350573
0.195665
0.141988
0.358600
-0.300888
-0.377494
-0.305544
-0.508435
0.091500
-0.046963
-0.160742
0.009541
0.106825
-0.223407
-0.230174
-0.174783
-0.063955
-0.126413
-0.166194
-0.048995
-0.382099
-0.356475
0.340997
0.365114
0.172131
-0.030839
-0.269984
-0.197585
-0.494038
0.113402
-0.223832
-0.593129
-0.546611
-0.350224
0.045117
-0.070824
-0.008371
-0.191699
0.035957
-0.250788
0.201433
0.033425
-0.063953
-0.428283
0.134851
0.361555
0.294359
0.308757
0.366989
0.390674
0.155790
-0.135316
0.068913
0.067261
-0.100951
0.019674
-0.325835
-0.290237
0.085171
-0.330008
-0.415603
-0.004436
0.110744
-0.299981
-0.292630
-0.256461
-0.503684
-0.220185
0.268233
0.292133
0.079580
-0.529888
-0.197496
0.019434
0.159359
0.093219
0.364836
-0.283911
-0.450916
-0.650825
0.122158
0.880417
0.881563
0.076082
-0.003549
0.178650
-0.352671
-0.367849
-0.395571
-0.297500
-0.309814
-0.057125
-0.252728
-0.020050
-0.217744
-0.365813
-0.095907
0.130153
0.150543
0.293265
0.110171
-0.081424
0.226052
-0.101446
-0.394315
-0.201838
0.016705
0.107227
0.123221
0.132857
-0.331096
-0.401694
-0.116910
-0.328092
-0.277639
-0.546938
-0.364767
-0.427372
-0.014887
-0.035912
-0.199698
0.067788
0.006277
-0.176575
-0.008527
0.127670
0.255371
-0.155923
-0.448411
0.233985
-0.082602
-0.178060
-0.127352
-0.392448
-0.148727
0.205267
0.367617
-0.006383
-0.307602
-0.759466
0.099018
0.102107
0.142685
-0.174428
0.179913
-0.060801
0.158022
0.261546
0.360339
-0.081361
0.000930
-0.094904
-0.040005
-0.356678
-0.186775
-0.314703
-0.364252
-0.204092
0.055835
-0.344730
-0.141255
0.258307
-0.029304
-0.338258
-0.362866
-0.476051
-0.417621
-0.279732
0.407033
0.206353
-0.049106
-0.153204
-0.243871
0.061062
0.295258
0.329017
-0.032079
0.024859
-0.347612
-0.312546
0.264769
0.984492
1.059930
0.321571
0.285239
0.535641
0.339476
0.053175
-0.399962
-0.173392
-0.370094
0.014650
-0.073959
-0.338065
-0.538472
-0.574977
-0.437927
-0.295718
0.312902
0.285107
0.086024
0.069662
0.274043
-0.045594
0.105136
-0.103309
-0.297393
-0.133096
-0.205798
-0.214297
0.083329
-0.099337
0.061911
-0.097332
-0.123656
-0.394203
-0.351143
-0.367776
0.253991
0.357350
-0.500570
-0.405574
-0.928422
-0.526185
0.030532
0.096289
-0.306851
-0.040238
-0.116248
-0.105217
-0.378925
-0.105427
-0.139220
-0.165229
-0.144441
-0.259074
-0.025652
-0.210687
-0.220012
-0.387235
0.087333
-0.004395
0.073102
0.207199
0.155776
-0.056012
0.274908
0.151171
-0.192668
0.072305
-0.256620
-0.582399
-0.362986
-0.342618
0.056591
0.050830
-0.076260
-0.067359
-0.168755
-0.297500
-0.061057
0.285339
0.059492
-0.362742
-0.069630
0.443129
0.073467
0.203697
0.437315
0.338463
0.217977
-0.024013
0.194369
0.182430
0.155357
0.388040
0.348494
0.251817
0.003084
-0.063118
0.082732
0.406533
0.722819
0.258886
0.418325
0.200038
0.563434
0.378341
-0.125050
-0.084545
-0.419479
0.095483
0.279332
-0.057105
0.056636
-0.320792
-0.583519
-0.131686
-0.099656
-0.299236
-0.194194
-0.092607
0.067321
-0.110734
-0.263428
-0.253632
0.083491
0.267378
0.178319
-0.093913
0.074166
-0.300276
-0.105431
0.127527
0.082480
0.140641
0.106421
-0.045277
0.392316
0.327321
0.021164
0.131709
-0.450620
-0.346041
-0.062978
0.425891
0.083235
0.116166
0.061339
-0.158539
-0.213496
-0.075120
0.048321
0.073909
-0.250668
0.062329
0.030829
-0.034345
-0.078119
0.041878
-0.090948
0.060048
0.059806
0.096385
0.240005
-0.059260
0.209530
0.286918
-0.067181
-0.197143
-0.237428
-0.205773
-0.372629
-0.383755
-0.298013
-0.050831
0.003246
-0.168158
-0.590395
-0.082858
0.213857
0.460195
0.404230
0.026140
0.073135
-0.138530
-0.333212
-0.013923
0.074221
-0.237952
-0.489528
0.089682
0.151064
0.365266
0.495437
0.306075
-0.451278
-0.167396
-0.187855
0.061052
0.056207
0.503085
0.262393
-0.049349
0.038975
0.108796
0.133144
0.130304
0.174877
-0.179004
-0.409625
-0.000409
-0.174655
-0.205398
-0.397384
-0.421332
-0.557055
-0.275844
0.055448
-0.494253
-0.147493
0.268932
0.484751
-0.010190
0.216295
0.441444
0.368217
0.498628
0.163251
-0.172607
-0.181707
-0.167905
-0.397050
-0.035834
0.164305
0.066563
-0.368804
-0.318009
0.037485
0.001711
0.185286
0.213697
0.081355
-0.101580
-0.435553
-0.286098
-0.220482
-0.119275
-0.246623
-0.260139
-0.221417
-0.226486
0.105603
-0.104924
-0.117904
-0.042480
0.172784
0.245735
0.144367
-0.201871
-0.066123
-0.289165
0.034605
-0.221068
0.187314
0.016819
0.104184
0.431680
0.219337
0.287028
0.036043
-0.077918
0.032643
-0.173985
-0.499019
-0.135515
0.071822
-0.133814
-0.134999
-0.280272
0.220227
0.398075
0.226297
0.095138
0.045876
0.560225
-0.104033
-0.138762
0.213684
0.125913
-0.431365
-0.077783
-0.248732
0.183207
0.366460
0.279801
-0.253150
-0.480985
0.189150
0.352096
0.503619
0.704815
0.231397
-0.463362
-0.237270
-0.037320
-0.126366
-0.034898
0.078582
-0.169524
-0.624160
-0.507931
-0.112781
-0.048103
0.332345
0.322373
-0.189561
-0.214726
0.004779
-0.212115
-0.007980
0.124277
0.110219
-0.056337
0.397132
0.313928
0.052301
-0.028442
0.155014
-0.170693
-0.011753
-0.037506
-0.021336
-0.172784
0.045262
0.139309
-0.070524
-0.464880
-0.592866
-0.368975
-0.030627
-0.108449
0.043858
0.032681
-0.338770
0.514589
0.078109
-0.087766
0.301092
0.098990
0.078546
-0.310117
-0.289363
-0.296676
-0.014299
-0.034223
0.173249
0.141008
0.103916
0.085193
-0.229019
-0.445892
0.245702
-0.070036
0.188226
0.145723
0.026870
0.265409
0.241041
0.308645
0.214572
-0.105468
0.380995
0.218191
0.122504
0.536551
0.019004
-0.003866
-0.013525
-0.118729
0.022520
0.042098
0.075009
0.014650
0.099650
-0.246951
-0.245121
0.052469
0.126881
0.174027
-0.392382
-0.054918
0.017012
0.238878
0.130518
-0.080148
-0.556535
-0.059359
0.389904
0.026993
0.366254
0.365890
-0.142748
-0.742011
-0.024193
-0.548135
-0.229469
0.404023
-0.021993
-0.315074
0.014039
-0.309672
-0.171100
-0.141462
0.268281
0.097790
-0.233503
-0.396585
0.013662
0.097250
0.521844
0.250682
0.068453
0.266052
0.568830
0.509534
0.501638
0.682248
0.306257
0.400353
0.124625
-0.085231
-0.135848
-0.577187
-0.420980
0.028509
0.321105
-0.232541
-0.097847
-0.057600
0.228524
-0.000592
-0.117287
-0.102776
-0.279000
0.105277
-0.108213
-0.090345
0.107211
0.370217
0.068524
-0.193863
-0.105017
0.203295
0.003921
0.138338
0.201745
0.012964
0.270758
0.128398
0.157137
-0.095416
0.024728
-0.007396
0.136206
0.476140
0.315271
0.452056
0.348117
-0.314641
-0.009632
0.111000
0.070998
0.191134
0.051759
0.471859
0.195148
0.631112
0.335768
0.536803
0.043037
0.090198
-0.093354
-0.546268
-0.175197
-0.168941
-0.382060
-0.048045
0.591459
0.291091
-0.071602
-0.145755
-0.207455
-0.141122
0.190763
-0.154189
-0.388395
-0.350959
0.084638
0.498089
0.619754
0.287746
0.078607
-0.390884
-0.522822
-0.400105
-0.066952
-0.145947
0.162822
-0.127119
0.038095
-0.224911
-0.139192
0.013078
0.245475
0.170567
0.236165
-0.096288
-0.150932
0.000294
0.159254
-0.054697
0.068579
0.148552
0.272065
0.206630
0.611298
0.944931
0.823321
0.047593
-0.141491
-0.504208
-0.620163
-0.372363
-0.580868
-0.558647
-0.367021
-0.456917
-0.485221
0.024384
-0.194109
0.307800
0.105798
0.006529
-0.228149
-0.147357
-0.328627
-0.007684
0.225722
0.398941
0.394852
0.075437
-0.161807
-0.277177
-0.067436
0.026352
0.139890
0.038839
0.104909
0.403338
0.790626
0.178689
0.328663
0.302723
0.153752
-0.057972
-0.099723
0.155092
0.275880
0.186886
0.230199
0.741649
0.338501
0.108304
0.244591
0.236785
0.158033
0.307010
0.069173
0.275000
0.319403
0.148251
0.265095
-0.117243
-0.327944
0.043481
-0.362805
-0.078403
0.376647
0.120298
-0.270564
-0.223601
-0.327958
-0.331245
-0.062012
-0.091470
0.008720
0.354173
0.820865
0.587126
0.658123
0.192704
0.241267
-0.222169
-0.309155
-0.213117
-0.085981
-0.185903
0.180863
0.239083
0.312110
-0.128531
0.055225
0.298602
-0.078130
0.262522
0.068952
-0.019410
-0.047688
-0.139697
0.144837
0.005152
0.125965
-0.147712
-0.038640
0.107998
0.113697
0.483365
0.478096
0.218364
-0.151547
-0.058125
-0.079990
-0.345209
-0.589742
-0.338127
-0.093138
-0.366564
-0.540187
-0.081620
-0.034743
-0.152656
-0.337106
0.115165
-0.185352
-0.062255
0.239144
0.062113
0.266910
-0.050000
-0.397818
-0.287393
-0.551343
-0.270385
-0.054094
-0.265788
-0.148781
-0.270394
-0.275636
0.135730
0.718640
0.666802
0.309235
-0.127783
-0.044417
0.011726
-0.233816
-0.403215
-0.015542
-0.188134
0.283052
0.484996
0.236757
0.099020
0.222167
-0.185988
-0.277026
0.162930
0.147211
0.064197
-0.040666
0.021298
0.666920
0.264361
-0.125541
0.308804
-0.051038
0.198604
0.309471
-0.089888
-0.334750
-0.082695
-0.162002
-0.138038
0.092162
0.271231
0.099152
0.282841
0.737159
0.606485
0.407393
0.333302
0.060676
-0.284513
-0.147944
0.203588
0.388310
0.147005
0.099275
0.099916
0.113290
-0.043455
0.337577
0.125099
0.118711
0.065426
-0.019609
0.117763
0.348999
0.108580
-0.323633
-0.661914
-0.147812
-0.046651
0.071675
0.256772
0.085239
0.254140
0.036462
0.038952
0.232104
0.141594
0.039537
-0.091816
-0.022857
-0.218973
-0.337199
-0.472670
-0.027966
0.093884
0.134771
-0.073746
0.029794
0.288400
0.239380
0.151620
-0.121569
-0.145200
0.157507
-0.204991
-0.224391
-0.033046
-0.441640
-0.354764
-0.258758
-0.016973
0.084279
-0.281326
-0.386586
0.217774
0.477392
0.896457
0.527347
0.429267
0.068733
0.395235
-0.385010
-0.623394
-0.520802
-0.142249
0.101472
0.579638
0.520135
0.282655
0.468136
0.105475
-0.132476
-0.245053
0.162510
0.121392
0.236111
0.317505
0.476955
0.183651
-0.185206
0.345912
-0.158630
0.252293
0.369235
-0.266126
-0.235132
-0.394179
-0.160244
0.161822
-0.017950
0.266171
0.547019
0.546241
0.451869
0.262906
0.298343
-0.160253
-0.284912
-0.278402
-0.314218
0.194799
0.255716
-0.363494
0.172866
-0.192302
0.094287
0.505826
0.289464
0.091895
-0.111222
0.331461
-0.079462
-0.017859
0.117106
-0.146423
-0.182191
-0.362465
-0.366820
-0.302259
0.273510
0.017786
-0.221471
0.007611
0.092339
-0.178066
0.061921
0.587694
0.524588
0.293882
0.407323
0.057818
-0.066699
-0.280283
0.474951
0.262243
0.187865
-0.086433
0.261954
0.242927
0.253445
0.362251
-0.438228
-0.370032
-0.339932
-0.515084
0.024054
0.305645
-0.224416
-0.563082
-0.075516
-0.074640
0.317346
-0.307205
-0.018857
0.296853
0.381902
0.818196
0.214696
0.173900
0.188530
0.489829
-0.256825
-0.436616
-0.356273
-0.454215
-0.210838
0.461785
0.417560
0.241919
0.408618
0.234451
-0.190018
-0.358030
0.032027
0.345201
0.644835
0.814447
0.304318
0.090839
-0.071042
-0.182249
-0.310636
-0.128856
0.069616
-0.379894
-0.341110
-0.236623
-0.056104
0.271814
0.532650
0.516604
0.288393
0.408072
0.313037
0.373481
0.485875
-0.074276
-0.056666
-0.063574
0.198799
-0.055308
-0.034836
-0.532998
0.315245
0.078975
-0.315309
0.220955
0.015014
0.346660
0.112760
0.271980
0.146967
-0.001363
0.005700
0.001015
-0.124661
-0.169083
-0.523501
-0.498134
-0.099300
-0.063202
-0.053050
-0.049533
-0.067254
-0.305083
0.152171
0.815375
0.498790
0.359591
0.418230
0.364381
0.095569
0.511101
0.598548
0.109830
-0.101678
-0.492906
-0.385782
-0.137529
0.063349
0.233749
0.126087
0.050743
-0.157059
-0.235119
-0.078548
0.172168
0.095169
0.020623
0.176476
-0.261976
0.105312
-0.257383
0.070014
0.332130
0.212313
0.503114
0.471771
0.291373
0.048034
-0.087447
-0.562775
-0.591266
-0.151861
0.048956
0.253322
0.417347
0.246255
0.529491
0.198191
0.156477
-0.352279
-0.202799
-0.008757
0.406454
0.774029
0.376174
0.267568
0.142993
-0.242264
-0.136469
-0.140934
-0.376578
-0.514874
-0.305860
-0.149658
-0.084137
0.073386
0.144152
0.284838
0.160219
0.097472
0.086059
-0.229850
-0.320077
0.071234
0.302619
-0.250056
-0.137218
-0.123933
-0.225351
0.287923
0.073738
-0.051765
-0.299592
0.164392
0.384604
0.222196
0.386810
0.093331
-0.258791
-0.038394
0.266216
-0.227823
-0.255271
-0.143797
-0.177854
-0.091010
-0.286876
-0.438414
-0.006479
-0.129864
-0.264296
-0.177550
-0.327165
0.185203
0.974164
0.521513
0.179029
0.211983
0.257192
-0.156651
-0.230861
0.052949
-0.183992
-0.182125
-0.331340
-0.674734
-0.708582
-0.302642
-0.510972
-0.167556
0.003182
-0.111998
0.323715
-0.316418
0.220842
0.298816
0.334719
0.122279
0.005549
-0.298324
-0.376378
0.168019
-0.011595
-0.207452
0.240810
0.425445
-0.069887
-0.423504
-0.273105
-0.205469
-0.206061
-0.127527
-0.085308
-0.059672
0.127997
-0.129807
-0.111423
0.309625
0.013727
-0.168492
-0.057691
-0.092267
-0.197926
0.006722
0.266679
-0.111540
-0.157387
0.192298
-0.428392
-0.459461
-0.273363
-0.516611
-0.461129
-0.214747
-0.026404
-0.252079
-0.221854
-0.173981
-0.142145
-0.530246
-0.084717
0.043718
0.073502
0.190644
0.289760
0.111031
0.408297
-0.077976
-0.323614
-0.164239
-0.256874
-0.407075
-0.112298
0.036489
0.041365
-0.012266
0.393515
0.187555
0.014379
-0.136399
0.175724
-0.461137
-0.421633
-0.228901
-0.406168
-0.145105
-0.063733
-0.181654
0.160845
0.406833
0.055988
-0.125294
-0.171029
0.046329
0.385904
0.344329
0.565920
0.152796
0.199630
0.025127
-0.077744
-0.234877
0.105413
-0.210092
-0.413121
-0.820309
-0.467740
-0.499799
-0.164747
0.190278
-0.021846
-0.415771
0.123037
0.245570
0.192804
0.194222
0.166208
0.025885
-0.017525
-0.042302
-0.235348
-0.176372
-0.304970
-0.005760
-0.186648
0.027772
0.204933
-0.008341
-0.030417
0.106996
0.375472
0.340668
-0.093115
-0.027966
-0.219056
-0.621594
-0.506763
-0.244186
-0.211153
-0.171955
0.016232
-0.486412
-0.127347
0.201180
0.497299
0.137684
-0.160554
0.119033
-0.010479
-0.692699
-0.309036
-0.260485
0.017230
0.175969
0.181583
-0.059566
-0.410336
-0.217833
-0.341489
-0.413670
-0.296616
0.196891
-0.154250
-0.082313
-0.093137
-0.140023
-0.085226
-0.572618
-0.286283
-0.475583
-0.608527
-0.462715
0.096667
-0.147885
-0.051577
0.189627
0.047033
-0.111107
-0.343119
-0.285202
0.101020
-0.211505
-0.458177
-0.434991
-0.320666
-0.139479
-0.068982
-0.071571
0.078640
0.016353
-0.216699
-0.524386
-0.171959
-0.140271
0.082729
0.181967
0.367904
0.382277
0.640833
0.195722
0.038288
0.099417
0.140694
-0.112769
-0.324152
-0.463920
-0.190670
0.170795
0.395593
-0.046925
0.067271
-0.144561
-0.258684
-0.198155
0.027250
0.624703
0.002245
0.081251
-0.014686
-0.417368
-0.507081
-0.285862
-0.115410
0.092288
-0.165782
-0.123417
0.333949
-0.058900
0.291461
0.294038
-0.041798
0.207797
-0.178775
-0.455622
-0.502113
-0.874089
-0.708588
-0.535673
-0.139069
-0.017484
-0.030190
0.088161
-0.052722
0.106413
0.169199
0.163845
-0.269590
-0.361119
-0.234757
-0.358375
-0.142882
-0.402216
-0.180050
0.221412
-0.014740
-0.036050
-0.359056
-0.609269
-0.292602
-0.292020
-0.223847
0.168359
-0.126736
-0.162597
-0.123571
0.178908
0.339652
-0.243414
-0.341985
-0.234405
-0.000664
-0.235682
-0.039416
0.087846
0.450195
0.217292
-0.173575
-0.026306
0.178899
-0.045268
-0.052232
-0.112915
-0.338768
0.043998
-0.087953
0.086894
0.048100
0.298233
-0.126661
-0.396023
-0.322556
-0.404705
-0.124774
0.004827
0.033578
0.125911
-0.067942
0.107786
0.057408
0.142232
0.389478
0.441477
0.531431
0.174927
-0.252771
-0.499208
-0.182559
-0.622492
-0.194534
-0.501701
-0.530938
-0.247923
-0.502699
-0.257837
-0.077916
0.130807
-0.019374
0.255560
0.284149
-0.002270
-0.537470
-0.257529
0.355268
-0.242214
0.096119
-0.228469
-0.004743
-0.278395
-0.315965
-0.328370
-0.143886
-0.159432
-0.547173
-0.308702
-0.265157
-0.533440
-0.370578
-0.583850
-0.275343
0.124490
0.363415
0.611975
0.151981
0.016966
0.397437
0.737319
0.195005
-0.101370
-0.334898
-0.045683
-0.085205
0.267774
0.489708
-0.139378
0.051778
-0.418345
-0.266800
-0.607227
-0.326436
-0.373417
-0.224845
0.206192
0.198113
0.166440
0.124732
-0.019067
0.128553
-0.029719
0.014681
0.137667
-0.006464
-0.282887
-0.264461
0.037493
0.532262
0.154240
-0.507380
-0.456236
-0.025718
0.093700
-0.007075
0.042734
-0.558769
0.242716
0.071528
-0.161826
0.141421
0.239373
0.070702
-0.168804
-0.362328
-0.007615
0.080916
0.170486
0.651667
0.409280
-0.108215
-0.143019
0.059099
0.147677
0.019193
-0.065399
0.001831
-0.138098
-0.126128
-0.221806
-0.258060
-0.349852
-0.776835
-0.275143
0.160444
0.287807
-0.050890
-0.034392
-0.197567
-0.176926
0.012474
0.057672
0.014754
-0.022670
-0.150818
-0.024347
0.238340
-0.001376
-0.060692
-0.158963
0.052268
0.245518
-0.188250
0.011249
-0.014017
0.328292
0.255152
0.120225
0.414348
0.173544
0.059933
-0.215084
-0.043908
-0.133374
0.229316
0.000265
-0.040114
0.357901
0.576584
0.513859
0.195645
-0.077221
-0.376151
0.048255
0.268752
0.407735
0.237423
0.207660
0.691862
0.125207
0.084701
-0.345687
-0.286800
-0.097489
0.098166
0.239982
0.422829
0.605570
-0.046010
0.161150
0.000272
-0.105884
-0.461856
-0.192694
-0.299892
-0.136990
-0.000025
0.418331
0.265091
0.011646
-0.311333
-0.642383
-0.184581
0.051705
0.130875
0.035782
-0.395939
-0.247183
0.096377
-0.208482
-0.062873
0.227703
0.413863
0.149902
-0.109388
0.314578
-0.053224
0.213585
0.773397
0.403972
-0.189766
-0.179035
0.449822
0.233746
0.035835
-0.005190
-0.421050
-0.589742
-0.271608
0.060707
-0.235007
-0.068239
-0.785736
-0.130335
0.238284
0.507002
0.094705
-0.078871
-0.307010
-0.076241
-0.049184
0.170585
0.435240
0.171501
-0.147338
-0.295776
-0.398031
0.203852
0.020057
-0.109725
0.218171
0.467715
0.236603
0.077167
-0.035671
0.148862
-0.080807
-0.167534
0.095503
-0.021589
0.034016
0.258102
0.343757
0.080586
0.128404
-0.405780
0.112158
0.362028
0.215069
0.686899
0.167442
0.218044
-0.382214
-0.223680
-0.048861
0.032284
0.074059
0.179480
0.327969
0.284519
-0.044338
0.026147
-0.336163
0.386459
0.570395
0.584169
0.602431
0.606250
0.380042
0.596557
0.088967
-0.349022
-0.494082
-0.518835
-0.091701
0.030518
-0.149410
0.316321
0.208097
-0.004009
0.019770
-0.241877
-0.066109
-0.100183
0.091544
-0.429148
-0.612480
-0.218523
-0.044195
-0.107225
0.086991
0.072240
0.049118
0.024676
0.102228
0.409311
0.096136
0.061568
0.586158
0.487388
0.338284
0.221615
0.487314
0.316111
0.479801
0.464424
-0.076092
-0.115912
-0.150958
0.057284
0.100428
-0.008486
-0.653339
-0.157294
0.044255
-0.006137
-0.089488
0.105673
-0.052092
0.087720
0.351662
-0.041111
-0.166088
-0.246677
-0.311184
-0.111397
-0.334204
0.309336
0.123001
0.291623
0.140580
0.263849
0.229749
-0.207170
-0.167014
-0.037317
-0.063031
-0.213698
-0.124223
-0.312904
0.067463
0.165958
0.220423
-0.071471
0.515626
0.040169
-0.039349
0.056082
0.107314
0.269855
-0.022046
0.054557
0.055362
0.132026
-0.008545
-0.054922
-0.291672
0.144795
0.529393
0.316088
0.185403
-0.476520
-0.410327
-0.090106
-0.050725
0.140701
-0.195798
0.226427
0.250399
0.542116
0.004367
0.156345
-0.580310
-0.243368
-0.202072
0.023787
0.376760
0.093972
0.255568
0.579170
0.301130
0.086914
-0.428334
-0.212879
-0.203295
-0.028822
-0.382792
-0.255724
-0.228263
-0.038996
0.002442
0.079625
0.005080
-0.355068
-0.198596
0.013930
0.037287
-0.033454
0.361034
0.198718
0.118951
-0.212839
0.035252
-0.141828
0.110387
0.089638
0.051880
0.296584
0.285958
0.156859
0.062876
-0.309280
-0.295888
-0.270226
0.379748
0.082132
0.169924
-0.062316
-0.120058
0.208761
0.528793
0.210853
-0.549617
-0.924291
-0.671809
-0.282422
-0.320401
-0.155012
-0.117082
-0.149413
0.041161
0.528264
0.239374
0.116717
0.184634
-0.058416
-0.314968
-0.193875
0.046946
0.328603
0.454567
0.234424
-0.101525
0.375855
0.487546
0.117227
-0.125519
-0.132833
-0.270323
-0.149867
0.011399
0.161827
0.250800
-0.316363
-0.234066
-0.186319
-0.308233
0.058782
0.160084
0.179949
-0.099087
-0.030406
-0.223826
-0.089107
-0.111013
-0.295947
0.162414
0.429358
0.544408
0.491467
-0.194765
-0.335154
-0.604993
-0.100347
-0.111661
-0.152414
-0.166741
-0.389569
-0.012714
0.284553
0.628249
0.295215
0.260140
0.009484
-0.048819
-0.014175
-0.344888
0.129605
-0.108725
0.123859
-0.091599
-0.195503
0.141827
-0.083671
-0.376297
-0.396002
-0.241101
0.319210
0.439067
0.053891
-0.381919
-0.631919
-0.181930
-0.026254
0.330116
0.022104
-0.031914
0.321355
0.547020
0.450970
0.003991
0.122565
-0.468964
0.535840
0.380732
0.358258
0.332114
0.333267
0.361353
0.431612
0.290993
-0.289289
-0.435182
-0.491996
-0.267281
-0.176571
-0.028302
-0.086285
-0.396948
0.129660
0.355487
0.456988
0.505357
0.148164
0.232759
0.006514
-0.075424
0.149135
0.051961
0.213187
0.439763
0.217974
-0.136575
0.008823
0.424244
0.162819
-0.400731
-0.300798
0.040770
0.289476
0.490844
0.092293
-0.201032
-0.351747
-0.314227
0.015689
-0.082187
0.338486
0.070104
-0.305475
-0.313769
-0.048099
-0.057976
-0.016784
0.064914
-0.418602
0.080477
0.399925
0.236286
0.140295
-0.537062
-0.199259
-0.240034
-0.425395
-0.070685
-0.284526
-0.411878
-0.298649
-0.091505
0.033468
0.032838
0.343795
-0.143786
0.053178
-0.054239
0.021376
-0.379414
-0.210630
-0.169705
0.215223
0.352608
-0.177586
0.059096
-0.144887
0.019083
-0.167620
-0.267678
0.188847
0.415831
0.129296
0.101877
-0.320662
0.090288
0.545906
0.430358
0.063689
-0.226784
0.097547
0.045978
-0.200363
-0.014056
-0.014950
0.013294
0.751171
0.720138
0.225396
0.458229
0.413322
0.098667
0.084997
0.206136
0.111380
-0.092847
-0.055237
0.277449
0.108160
0.016047
0.421563
0.044558
0.196966
0.446066
0.330853
0.518940
0.239814
0.577760
0.150684
-0.370600
-0.202690
0.204518
0.308496
0.284522
-0.120197
-0.017971
0.098318
0.430096
0.084730
-0.358812
-0.269790
-0.507625
0.290336
0.304346
-0.247140
-0.033973
0.080912
0.020039
0.305843
0.363834
0.334580
-0.243412
-0.063635
0.083402
-0.015841
-0.098056
0.265913
0.247971
-0.301692
0.211771
0.511785
0.311690
0.350696
-0.329170
-0.066368
-0.203822
-0.320400
-0.126343
0.017055
0.085573
0.124899
0.251380
-0.134192
-0.031643
0.266013
0.329620
0.237555
-0.132380
-0.435313
-0.231806
-0.315529
-0.162917
0.431349
0.506655
0.293932
0.252352
0.343139
-0.074238
-0.017959
-0.188840
-0.307172
0.127554
0.266788
-0.088060
0.264298
0.304540
0.266122
0.224630
0.258826
-0.187633
0.405509
0.058539
-0.176713
0.028282
0.533151
0.722376
1.068386
0.970566
0.480783
0.154685
0.271295
-0.380900
-0.415110
-0.084845
0.307176
-0.249287
-0.294294
-0.295552
-0.124706
0.147896
0.236245
0.256714
0.267546
0.100052
-0.179754
0.077272
-0.007846
0.400399
0.344490
0.126426
0.410200
0.613194
0.228706
0.003507
-0.003417
0.109938
-0.196827
0.030076
-0.083489
-0.355244
-0.195669
-0.201194
0.412342
0.717363
0.107748
0.105524
0.310109
0.467586
0.563089
0.321977
0.301229
0.192268
0.125800
-0.103941
-0.248690
-0.351948
0.396860
0.610656
0.607329
0.563747
0.559254
0.571614
0.322893
0.110688
-0.000101
0.141481
-0.198776
-0.214456
-0.092484
0.016172
0.116353
0.438627
0.155152
-0.183999
-0.234913
0.087011
0.237699
-0.069914
-0.549702
-0.435701
-0.259452
-0.070838
0.402118
0.246327
0.464774
0.529293
0.499074
-0.522362
-0.318272
-0.219566
-0.417625
0.006255
0.026362
0.004856
0.337924
0.557471
0.225759
-0.337500
0.118344
0.029959
0.201209
0.007034
-0.130417
0.005244
0.212362
-0.059549
0.517374
0.190313
0.273579
0.346032
0.133573
-0.149770
-0.078735
-0.058273
0.074023
-0.488144
0.036497
-0.110774
-0.364794
0.016004
0.008038
-0.253549
0.162285
0.271697
0.386111
-0.037086
-0.262815
0.215447
0.568985
0.110262
-0.247460
-0.063801
0.005913
-0.529944
0.172374
0.201838
-0.310391
-0.575473
-0.185005
0.189965
0.134713
0.103095
0.326007
0.387439
-0.050755
0.062956
0.448931
0.864279
0.587189
0.248609
0.151460
0.017938
-0.086701
-0.354499
-0.347392
-0.080898
-0.171577
0.270459
0.252494
0.050181
0.481975
0.559163
0.211433
0.135254
0.175231
0.129121
-0.525935
-0.536748
-0.480738
-0.550309
-0.444852
-0.121843
0.075286
-0.269279
-0.082209
0.444899
0.748085
0.157979
-0.235734
-0.466514
-0.122476
-0.283883
0.268144
0.001699
0.147020
-0.265178
-0.214527
-0.698745
-0.304758
-0.038882
-0.164566
-0.206331
-0.041266
-0.204964
0.129154
0.583961
0.474204
-0.186037
-0.288595
-0.537246
-0.275076
-0.333035
-0.124870
0.135578
0.404973
0.095568
0.417818
-0.047236
0.191883
-0.013718
-0.102758
-0.042076
-0.525344
-0.226983
0.079912
-0.020865
0.252812
0.308849
-0.291840
-0.383069
0.033212
-0.230689
0.240934
0.686876
0.427031
0.103561
-0.159714
0.299853
0.270894
-0.112076
-0.154489
-0.135428
-0.041154
-0.250746
0.238285
0.076584
-0.386072
-0.535509
0.092359
0.112928
0.147636
-0.236234
0.056966
-0.250050
0.136936
0.536497
0.215214
0.467961
0.263953
-0.020379
-0.031360
0.090248
0.058702
0.151640
-0.220288
-0.055119
-0.009171
0.157083
0.083405
0.097006
-0.122759
0.291026
0.157537
0.020740
-0.053321
-0.029257
-0.560599
-0.423908
-0.554129
-0.782568
-0.405526
0.143111
-0.016235
-0.307302
-0.171924
0.566657
0.417091
0.258590
-0.044386
-0.127826
0.172847
-0.099461
0.186301
0.282081
0.425373
-0.353329
-0.436735
-0.681739
-0.387553
-0.201511
0.036132
0.130632
0.055097
-0.016505
0.025783
0.349035
0.627683
0.270256
-0.407746
-0.195668
-0.296842
-0.012950
-0.015561
-0.362211
-0.213530
-0.133082
-0.131660
0.414914
0.748543
0.180833
0.162493
0.145792
-0.088605
0.005969
-0.008465
0.406030
0.438205
0.580748
0.038718
-0.158219
0.073212
-0.035804
0.407782
0.460539
0.335860
0.271420
0.141738
0.316045
0.268186
0.117912
0.230426
-0.357848
-0.059518
-0.086559
0.211806
0.593687
0.017193
0.100734
0.203858
-0.169539
0.137930
-0.298332
0.192963
0.194761
-0.061790
0.274498
0.491664
0.258781
0.394378
-0.038908
0.130608
0.151160
-0.038414
-0.134800
-0.274262
-0.272349
0.297270
0.309104
-0.076940
0.045635
0.342028
0.326566
0.200621
0.091492
-0.267069
0.124320
-0.320072
-0.512427
-0.522283
-0.497886
0.263076
0.502397
-0.088231
0.099323
-0.539807
0.025133
0.215072
0.126628
0.196135
-0.157514
-0.051384
-0.331294
-0.337084
-0.160388
-0.565195
-0.291804
-0.177970
-0.109438
-0.405788
-0.323159
-0.019958
0.328593
0.535781
0.685839
0.054607
0.073083
0.119359
0.206667
-0.337619
0.270898
-0.231136
-0.124321
-0.287497
-0.243120
-0.624667
-0.688776
-0.193046
0.512482
0.130282
0.261834
0.215083
0.081940
-0.225102
-0.248631
-0.469736
-0.139860
0.179487
0.524064
0.245717
-0.351163
0.242601
0.314465
0.422003
0.377283
0.064433
0.101527
-0.034128
-0.181339
-0.395073
0.140734
-0.297525
-0.262018
-0.183147
0.160189
0.339810
0.372363
0.074239
0.302357
-0.094147
-0.256946
0.147906
-0.356523
-0.267009
0.005397
-0.386724
-0.225379
0.232914
0.310983
0.298312
0.118824
-0.084934
-0.039246
0.329995
0.031764
-0.086938
-0.124848
0.473566
0.284116
-0.004656
0.090107
-0.435488
-0.081052
0.008866
0.245960
0.037893
0.242796
-0.182829
-0.152947
-0.199273
0.304347
0.169335
0.023445
-0.394925
-0.217015
0.022790
-0.116082
0.294372
0.205561
0.293898
-0.130032
-0.111609
-0.514023
-0.662009
-0.221967
-0.197821
-0.535795
-0.292047
-0.143075
-0.292617
-0.606550
-0.486549
-0.329108
0.044989
0.524050
0.385766
0.399796
0.175342
0.231027
-0.054972
0.287220
0.024103
-0.107449
0.288216
0.060688
-0.288817
-0.520523
0.182104
0.613184
0.220202
-0.148332
-0.342738
-0.006267
0.134475
-0.176797
-0.452944
-0.329843
0.165790
0.251885
-0.211324
0.034929
0.405573
0.042085
0.114307
0.277554
0.053415
0.093176
0.134499
-0.508633
-0.295242
0.349668
0.250921
0.318213
-0.096057
0.043886
0.051792
0.272260
0.263859
0.172512
-0.171869
-0.172148
-0.088943
-0.440390
-0.505570
-0.400678
-0.146608
-0.037083
0.464261
0.574891
0.195056
0.368534
0.170447
-0.219139
0.122200
-0.323654
-0.437927
-0.543568
-0.019680
-0.184232
-0.589937
0.020774
-0.381943
-0.197239
-0.101302
-0.158906
0.159503
0.445307
0.126146
-0.087113
0.236820
0.372860
0.135284
-0.029062
-0.572174
-0.500847
-0.153300
-0.298578
0.122620
0.034052
-0.098380
0.301927
-0.258419
-0.260313
-0.481470
-0.371713
-0.591999
-0.190640
0.177386
-0.483234
-0.455306
-0.731791
-0.338552
0.027114
0.089276
0.436996
0.397486
0.019372
-0.104557
-0.320790
-0.545241
-0.089019
0.033541
-0.172367
-0.045204
0.046162
-0.017739
-0.231569
-0.269820
-0.027979
0.187791
-0.539187
-0.450151
-0.081649
0.269176
-0.334216
-0.106007
-0.360444
-0.274081
0.054945
-0.090793
-0.341146
-0.291120
-0.063971
-0.033765
-0.205111
0.044206
0.003440
0.160331
-0.200039
-0.326700
0.009600
0.618374
0.506128
0.377262
-0.083846
-0.028367
-0.023538
-0.060354
0.002310
-0.325642
-0.624125
-0.058408
0.093645
-0.347983
-0.415505
-0.591973
0.126228
0.161936
0.304369
0.040798
0.287491
-0.403210
-0.709120
-0.219687
-0.249027
-0.123597
-0.444192
-0.235955
0.264578
0.025629
-0.273009
-0.608070
-0.303804
-0.057993
-0.060783
0.120802
0.208917
0.461083
-0.158067
0.418427
-0.013408
0.139740
0.297349
-0.190962
-0.606800
-0.039939
-0.231876
0.187571
-0.011479
-0.050374
0.314112
-0.152809
-0.504856
-0.433391
-0.160315
-0.354151
0.077527
0.215953
0.155751
-0.334765
-0.332606
-0.370223
-0.258267
-0.053808
0.428245
0.204118
-0.149924
-0.025229
0.068329
0.112379
0.249080
0.339047
0.436982
0.333063
-0.103845
-0.139930
0.315045
-0.418258
-0.170600
0.062998
-0.167856
-0.207165
0.006768
-0.181791
-0.268491
-0.161254
-0.444436
0.132352
0.286570
0.014107
-0.012786
0.137770
-0.088773
-0.066953
-0.020826
0.456211
0.130025
-0.145093
-0.237160
-0.118913
0.220007
0.323372
0.107790
0.085240
0.201274
0.057827
0.222873
-0.263373
-0.113650
-0.050903
-0.206133
-0.100076
-0.104172
-0.274121
-0.192260
-0.522277
-0.324395
-0.387076
0.131953
-0.095989
0.042670
-0.176302
-0.404711
-0.184087
-0.502682
-0.071448
-0.087025
-0.189368
0.095751
0.222633
-0.025141
-0.399085
0.056629
0.041146
-0.038059
-0.074282
-0.117492
0.156549
-0.039756
0.524438
0.197803
0.253680
0.161831
0.075567
-0.813067
-0.398873
-0.237223
0.404939
0.146116
-0.161465
0.002303
-0.553712
-0.329329
-0.184730
-0.220929
-0.207319
0.208432
0.498823
0.239447
-0.102107
-0.233797
0.480832
-0.038109
-0.420113
0.119335
0.182367
0.045778
0.191636
0.070922
0.088537
0.198699
0.389205
0.470479
-0.061730
-0.336242
-0.172525
0.797755
0.268136
-0.200264
0.034796
-0.113454
-0.038710
-0.105889
-0.264757
-0.264063
0.348621
0.132805
0.286882
0.385693
0.010937
0.092720
0.298162
0.096285
0.006163
-0.021242
0.231817
-0.230310
-0.047424
-0.194286
-0.421897
0.156497
-0.107469
-0.103246
0.019946
0.374077
0.138430
-0.113221
-0.244996
0.013958
0.216374
0.525790
0.131459
0.054533
-0.104730
0.008242
-0.249666
-0.408831
-0.110063
0.066795
0.081001
0.242756
-0.113984
-0.458282
-0.801041
-0.234904
-0.069573
0.028154
-0.145540
0.042544
0.412199
0.366949
0.105687
0.031508
0.389653
0.231015
-0.059026
-0.531241
-0.063850
0.422684
0.681339
0.307067
0.154070
0.245035
-0.095268
-0.449085
-0.405949
0.024300
0.078396
-0.063690
-0.087598
-0.403904
-0.657435
-0.162747
0.046884
-0.231967
-0.383144
0.091611
0.015647
-0.366605
-0.047853
-0.338847
0.014984
-0.057444
-0.310605
-0.193279
-0.567282
-0.440840
-0.041634
-0.425331
-0.220783
-0.451019
-0.036992
-0.331276
0.057789
0.457302
0.801996
0.872702
0.389856
0.397521
0.304600
0.950938
0.508701
0.513964
-0.008106
0.579297
0.435304
0.348696
0.479629
0.157681
-0.009286
0.213415
0.357456
0.021458
-0.029219
0.103827
0.154760
0.199843
0.375323
-0.156251
0.104223
0.214468
-0.241317
-0.134370
-0.426663
-0.100149
0.235072
0.027144
-0.068565
0.150910
0.660515
0.545318
0.570632
0.387611
-0.036620
0.426820
0.165565
0.045438
0.270498
0.172601
0.247324
0.106835
-0.064726
0.097897
-0.750878
-0.235005
-0.244122
-0.010146
0.044603
0.033592
0.335051
0.321915
-0.145579
-0.318146
0.459570
0.076336
-0.138236
-0.053150
0.042991
-0.078886
0.160192
-0.093639
-0.094185
0.094200
0.247031
0.091167
0.293003
0.150234
0.134620
0.160233
-0.076067
0.012421
-0.015915
0.033772
-0.212845
0.003379
-0.067997
-0.054655
-0.092406
-0.273419
-0.027936
-0.075031
0.075875
0.453928
-0.086304
-0.269471
-0.372414
-0.333807
-0.450321
-0.273916
-0.221332
-0.511782
-0.371864
-0.244332
0.024781
0.644859
0.966135
0.501935
0.162948
0.840933
0.566720
0.691631
0.455955
0.392470
-0.155706
0.287355
0.030407
0.235635
0.065594
0.001383
0.234136
0.109363
0.108608
0.153553
0.085569
-0.061581
-0.424009
-0.006007
0.382149
-0.067151
-0.109683
0.401738
-0.034030
-0.151346
-0.014965
0.178429
-0.246926
-0.363320
-0.450025
0.304346
0.698873
0.520881
0.292765
0.324243
0.152182
0.468162
0.229495
0.170177
-0.392757
0.226168
0.179505
-0.099909
0.036819
0.133728
-0.436851
0.036651
0.162996
0.305835
0.394078
0.315966
-0.024493
-0.312767
-0.140981
0.042530
-0.156433
0.129844
-0.369628
-0.021289
0.282185
-0.113568
-0.042515
-0.077690
-0.518333
-0.206473
0.112047
0.269078
0.462456
-0.024181
-0.212252
0.225937
0.396800
0.228573
0.315885
0.076025
0.020821
-0.141803
0.472286
-0.148712
0.297413
0.153660
0.482427
0.050933
-0.496030
-0.268056
-0.115058
-0.456459
-0.483911
-0.227419
-0.008555
0.058470
-0.096326
-0.573568
-0.310998
-0.268710
-0.036333
0.039824
0.860343
0.680516
-0.090916
0.654839
0.317041
0.300594
0.212920
-0.087235
0.322336
0.251339
-0.229879
0.122311
-0.155033
-0.426195
-0.360213
-0.060038
0.201285
0.250772
0.024653
-0.101873
-0.329409
0.357232
0.080453
0.067619
0.150411
0.150518
0.197775
0.077818
0.477055
0.310997
-0.196058
-0.417609
0.094456
0.374147
0.091173
0.202417
-0.000025
0.025635
-0.025009
0.059160
0.202565
0.173723
-0.241762
0.267892
0.145057
-0.125655
-0.440053
-0.227357
-0.175907
0.101250
0.045682
0.322675
0.375975
0.131925
-0.160544
-0.185554
0.360801
0.304870
-0.051749
0.273238
0.068680
-0.254548
0.054027
-0.307534
-0.253112
-0.051799
0.164770
0.155161
0.179481
-0.068046
0.227905
-0.091387
-0.111761
0.124049
0.485544
0.602245
0.437594
-0.137771
-0.280461
-0.543177
-0.043055
-0.025420
0.317334
0.403412
0.123235
-0.043297
-0.249761
0.075352
0.266995
0.249289
-0.165046
0.126585
0.200432
-0.029613
-0.051053
-0.037331
-0.264930
-0.317928
0.210887
0.158316
0.023177
0.212907
0.211943
0.648235
0.556856
0.306505
0.047051
0.002242
0.057511
0.453610
0.107101
0.299928
-0.035936
-0.172826
-0.184677
-0.114954
0.333033
0.358827
-0.000267
0.026397
-0.200661
0.515226
0.243402
0.040733
0.154599
-0.107072
-0.055273
-0.317889
-0.068448
0.183626
-0.078816
-0.122395
0.289018
-0.100063
-0.003770
0.062205
0.334625
0.276289
-0.177189
-0.021227
0.119333
0.017744
-0.030996
0.089558
-0.445005
0.080769
-0.497446
-0.231474
-0.269347
-0.392133
-0.194704
-0.125674
0.378352
0.180408
-0.388142
-0.085627
0.529438
0.453842
0.019248
-0.285269
-0.094196
0.137518
0.108885
-0.084856
0.031894
0.236258
-0.405652
0.087437
0.019431
-0.154990
-0.203463
-0.225359
-0.324263
-0.113950
0.258271
0.512406
0.335066
-0.092153
0.243889
-0.272599
0.048914
0.291259
0.011981
0.092218
0.095451
0.214951
0.131232
0.181098
0.324484
0.213078
0.238958
-0.012691
0.162452
0.112321
-0.179103
0.023551
-0.172947
0.159246
0.205948
-0.017277
-0.092838
0.140746
-0.075768
0.446895
0.327632
0.072694
0.021845
0.183016
0.299418
0.651058
0.403751
0.608185
0.232419
-0.016514
0.151719
0.181773
0.470380
0.501226
0.525169
0.092187
0.254922
0.437548
0.381542
0.173375
0.213239
0.127473
-0.060536
-0.233419
-0.304718
-0.027071
-0.224402
0.091482
-0.035904
-0.011330
-0.398190
0.344362
0.267567
0.180469
0.201423
-0.201052
0.297868
0.274856
0.206255
0.585252
0.236336
0.209403
-0.189438
-0.369749
-0.142582
-0.543831
-0.713072
-0.593453
0.210475
-0.002502
-0.558254
0.305922
0.652107
0.255371
-0.289733
-0.352368
0.282131
0.116276
0.060793
0.013630
0.250193
0.333576
0.132778
-0.155027
-0.219052
-0.724094
-0.595392
-0.647436
0.034063
0.093695
0.063422
0.127840
0.103718
-0.139868
-0.126198
-0.202468
-0.193247
0.322352
-0.333225
-0.196700
-0.237622
-0.296415
-0.075168
0.254176
0.184570
-0.147242
0.249613
-0.498553
-0.243385
-0.081998
-0.062253
-0.118554
0.060625
-0.069464
-0.091682
-0.424883
-0.590688
-0.001291
0.390522
0.334189
0.541921
0.195598
0.251590
0.427474
0.251497
0.044311
0.527685
0.801587
0.158074
-0.116949
-0.105827
-0.036249
0.357029
0.331729
0.645743
0.416257
0.357819
0.109139
-0.039587
0.201176
0.516166
0.167412
0.267735
0.123012
0.014737
0.092466
-0.051101
0.066158
-0.137695
-0.584297
-0.395213
0.119721
-0.159908
0.194295
-0.354680
0.212520
0.306438
0.217262
0.108775
0.522017
0.190686
-0.096463
-0.230143
-0.172388
-0.180314
-0.816744
-0.523573
-0.171601
0.068800
-0.089991
-0.162142
0.357016
0.641007
0.255561
-0.545021
-0.263414
0.294974
0.511134
0.657899
0.533084
0.463008
0.358059
0.253812
0.107334
0.018065
-0.243969
-0.102062
-0.338278
-0.224551
0.175311
0.243021
0.141158
0.263021
-0.081862
-0.150957
-0.473548
0.157344
0.056569
-0.530531
-0.235273
-0.743108
-0.508088
0.305714
0.192364
-0.060177
-0.203891
0.361981
0.234862
0.113658
0.496112
0.177669
-0.200934
0.040008
-0.168868
-0.093607
-0.300380
-0.357511
-0.051321
0.350126
0.576282
0.247460
0.055061
0.216006
0.269617
0.143126
-0.255987
0.332675
0.554312
0.025404
0.112268
-0.106285
-0.389351
0.288218
0.695684
0.827367
0.543359
0.114377
0.138457
-0.080910
0.396098
0.593670
-0.024937
0.237471
0.563170
0.096871
0.005288
0.199364
0.231518
0.135280
-0.330904
-0.409345
-0.373632
-0.611518
-0.308181
-0.057914
-0.102725
0.145864
-0.136464
0.101440
-0.158667
-0.312917
-0.130892
-0.215613
-0.077457
0.030835
-0.665603
-0.580452
-0.585368
-0.215095
-0.196188
-0.382736
-0.251067
0.014984
0.175724
-0.106642
-0.060547
-0.224801
0.210875
0.438709
0.376213
0.329142
0.008695
0.002023
-0.644654
-0.376059
-0.251259
0.276914
-0.251457
-0.219069
0.082893
-0.593511
-0.728286
-0.145598
-0.411314
-0.032934
-0.465090
0.025563
0.004881
-0.793521
-0.922410
-0.766207
-0.198303
0.099343
-0.220750
-0.425991
-0.548758
-0.111409
0.004529
0.209296
0.419347
0.066479
0.093875
-0.374818
-0.551323
-0.374809
-0.373060
-0.278318
-0.080443
0.241654
0.397180
0.206835
0.234023
0.484608
0.064738
-0.135308
0.052255
0.155130
0.171290
-0.275940
0.106700
-0.213332
-0.402763
-0.098290
-0.067138
0.317879
-0.103652
-0.115325
-0.042226
0.201154
0.338721
0.352083
0.174485
0.294570
0.018569
-0.075277
0.483109
0.242710
0.323194
0.116415
-0.553376
-0.307378
-0.585101
-0.207116
-0.119584
-0.235013
-0.302323
0.236317
-0.226385
0.123864
0.078371
0.022504
-0.102881
0.055255
0.231119
0.231010
-0.198163
-0.524018
-0.619995
-0.000675
0.316495
-0.236239
-0.314747
-0.331237
-0.040586
0.165789
0.470334
0.111337
0.373864
0.249307
0.268230
0.375178
-0.124036
-0.101090
-0.398460
-0.237317
-0.150760
0.376800
0.412159
0.076472
0.090060
-0.363624
-0.648256
-0.487976
-0.309325
0.064347
-0.029982
-0.067049
-0.211160
-0.447183
-0.562016
-0.425875
-0.182040
0.017111
-0.087603
-0.240117
-0.262291
-0.140465
-0.315364
-0.037344
0.217002
0.173961
0.342003
-0.229871
-0.614461
-0.560004
-0.491596
-0.382707
-0.545262
0.115318
0.363310
0.157791
0.176702
0.113701
0.219927
-0.028720
-0.199969
-0.038612
-0.222850
-0.195411
0.185459
-0.054082
-0.460276
-0.405557
0.130311
0.274072
-0.313465
-0.674965
-0.424196
0.061050
0.111714
-0.176083
-0.295969
-0.171994
-0.040856
-0.174348
0.015784
0.304276
0.244142
0.203500
-0.493632
-0.919639
-0.697642
-0.743213
-0.493663
-0.127573
0.196895
0.090545
-0.242667
0.009851
0.247993
0.517479
0.555107
0.817570
0.214947
0.482224
-0.059665
0.113122
0.025816
-0.101543
-0.080637
-0.427940
-0.468174
0.011363
0.185864
0.477979
0.478516
-0.059097
0.219747
-0.013147
-0.166078
0.202707
-0.188037
-0.242604
0.122797
0.061736
-0.249001
-0.136001
-0.380034
-0.068893
-0.045120
-0.001994
-0.456303
-0.552187
-0.279277
-0.342004
-0.125662
0.380262
0.201863
0.192668
0.051273
-0.311064
-0.525169
-0.228744
-0.026453
0.265987
0.372353
0.010792
0.120969
-0.060334
0.079001
-0.105201
0.122546
-0.217290
-0.186276
-0.487586
-0.395676
-0.545119
-0.486239
0.077680
0.192132
0.079670
-0.152213
-0.172578
0.060877
0.126154
-0.097633
-0.159074
-0.223562
-0.107094
-0.273662
-0.189063
-0.675962
-0.580038
0.048211
0.296340
-0.208329
-0.509260
-0.459107
0.154019
-0.017489
0.114018
-0.018993
0.033990
-0.138940
0.122250
-0.003352
-0.103436
-0.215452
-0.066338
-0.424320
-0.220171
-0.532513
-0.436408
-0.133367
-0.254821
0.187553
-0.306684
-0.345618
0.243806
0.281918
0.469510
0.455576
0.660860
-0.186263
0.301871
0.010126
0.196536
0.246693
0.001595
-0.158537
-0.599349
-0.526254
0.186541
0.456339
0.493663
0.141600
0.213417
0.209530
-0.150294
-0.184373
0.113366
0.142109
-0.055024
0.315533
0.114628
-0.238296
-0.164991
-0.609401
-0.330150
0.004584
0.003767
0.061063
0.105437
0.091602
-0.074609
0.070640
0.238276
0.213006
0.063444
-0.129070
-0.096714
-0.477061
-0.309357
-0.153792
0.220747
0.152759
0.451573
0.296266
0.263573
-0.023526
-0.062728
-0.027698
0.097882
-0.129601
-0.143371
-0.121834
-0.307104
-0.053060
0.185224
-0.066939
0.072639
0.020892
-0.090554
0.308000
0.544172
-0.056643
-0.077289
-0.180672
-0.249094
-0.775635
-0.425719
-0.977138
-0.246678
0.058401
0.257276
0.184073
0.031064
-0.490096
0.083035
0.241366
0.082197
0.323411
-0.017438
0.098635
-0.031172
0.280697
0.285949
0.026960
0.075593
0.165193
0.218292
-0.350739
-0.105740
0.000130
-0.038453
0.083981
-0.179199
-0.681977
0.042080
0.015036
0.148442
0.254063
0.323662
-0.164841
0.245781
0.299324
0.106868
0.461450
-0.099066
-0.559318
-0.155012
-0.163558
0.740188
0.685584
0.805563
0.026453
0.379833
0.300989
0.052523
-0.151670
-0.137336
0.089904
-0.156350
-0.226889
-0.480990
-0.326551
-0.247175
-0.326685
-0.400364
-0.632704
-0.389546
-0.065394
0.254756
0.236280
0.230889
0.080423
0.010729
-0.237749
-0.436958
-0.157224
0.004331
-0.299234
-0.298128
-0.153907
-0.051967
-0.409955
0.065424
0.219144
0.129648
-0.218366
-0.055888
-0.059592
0.109174
0.221083
0.101018
-0.143705
-0.230579
0.050604
0.379401
0.264360
0.153556
0.261876
0.105877
0.778100
0.667859
-0.138233
0.300393
0.344440
-0.004010
-0.294466
-0.166511
0.029399
0.004725
0.003592
0.220139
-0.154953
-0.092159
-0.357411
0.162311
-0.137292
0.114198
0.342965
0.155380
0.398062
0.318628
0.343310
0.413024
0.236020
0.330110
0.565329
0.080288
-0.032970
0.206715
0.012237
-0.109129
-0.131633
-0.243785
-0.172034
0.221016
0.157984
0.240815
0.487227
0.135986
0.000923
-0.014778
-0.068555
0.265003
0.085940
-0.019158
-0.187700
0.234961
0.199124
0.454102
0.372267
0.347435
0.248353
-0.004129
-0.114165
-0.087836
0.168867
-0.026716
-0.099894
-0.121257
-0.160053
0.125700
-0.035545
0.084924
-0.383925
-0.502988
-0.643717
-0.246992
-0.045919
-0.031211
0.242349
0.113746
-0.121583
-0.200748
-0.164987
-0.670917
-0.500922
-0.571699
-0.537727
-0.877659
-0.569489
-0.192388
-0.327645
-0.056093
0.078593
0.051675
-0.306309
0.208918
0.154178
0.131735
0.208756
0.001361
-0.294398
0.024610
0.027098
0.425690
0.406828
0.366342
0.590990
0.460956
0.677917
0.377984
0.202194
0.346383
0.228452
-0.296524
-0.476432
-0.292185
0.224301
0.426902
0.209704
0.325122
-0.291578
-0.312570
-0.265884
0.033697
0.223045
0.594993
0.338147
0.228387
0.078579
0.417245
0.705023
0.703859
0.313496
0.139136
-0.136698
-0.640222
-0.017902
0.285387
-0.338164
-0.275473
-0.102869
0.095847
0.180264
0.593709
0.453664
0.422712
0.279189
0.242399
-0.356675
-0.163651
0.068180
-0.224760
-0.073401
0.009567
-0.147872
0.051596
0.181871
0.377716
0.164750
0.289548
0.097287
-0.122103
-0.222645
-0.284502
0.054185
-0.171279
-0.023206
0.228319
0.258020
0.387135
0.255045
0.566269
0.256054
-0.003011
-0.298732
-0.432681
-0.166515
-0.355390
-0.198287
0.087452
-0.334055
-0.425222
-0.008283
-0.318767
-0.497570
-0.340377
-0.535082
-0.619265
-0.561860
-0.346019
0.076825
-0.075165
0.026551
-0.175419
-0.435196
-0.149821
0.012148
-0.195792
0.359089
0.735718
0.322346
-0.065818
-0.191119
0.441224
0.058370
0.280064
0.227323
-0.087101
0.675161
-0.217982
-0.271791
-0.150849
0.022317
-0.423191
-0.324216
0.121542
-0.156097
0.169308
0.067267
0.063246
-0.474245
-0.374019
-0.224036
-0.091691
-0.293611
0.032455
-0.015439
0.836550
0.412237
0.039633
0.285442
0.447577
0.109832
-0.002743
-0.003181
-0.671932
-0.274321
-0.259631
-0.468631
-0.279278
0.002470
-0.060912
0.024554
0.125015
0.175410
0.292129
0.453266
0.143064
0.094633
0.053420
0.361505
-0.091125
0.046014
0.115031
0.040931
0.181966
0.149904
0.196985
0.089385
0.024827
-0.263874
-0.021523
-0.108608
0.186118
-0.074011
-0.026191
0.125892
0.259310
-0.132717
-0.030097
0.204557
0.221226
-0.008304
-0.066271
-0.195267
-0.199702
-0.063134
-0.165199
-0.191460
0.141417
-0.231616
-0.194133
-0.133746
-0.195117
0.018878
0.022676
-0.269846
-0.467451
-0.231393
-0.583893
-0.303286
-0.271016
-0.335253
-0.426869
-0.143104
0.273425
-0.200522
-0.033091
-0.195356
0.099136
-0.449991
-0.128674
0.133890
0.438517
0.146045
0.195642
0.379618
-0.208679
0.213575
-0.664465
-0.411277
-0.167819
0.020942
-0.159105
-0.349322
-0.267616
-0.128316
0.349316
0.061163
0.520348
0.177789
0.002390
-0.225938
-0.143193
0.435032
0.237024
0.107036
0.510145
0.174495
-0.184174
-0.046961
-0.033750
0.115498
-0.013137
-0.492547
-0.650213
-0.118112
0.119872
0.055046
-0.236391
-0.106752
0.273083
0.473944
-0.201068
0.162585
0.222249
0.317257
0.037306
0.419176
0.015911
-0.292321
-0.194158
0.175533
-0.156351
0.050321
0.550234
-0.018772
-0.060074
-0.042983
0.322813
0.344441
0.185151
-0.115084
-0.409480
-0.341669
-0.277963
-0.320375
0.093156
0.201970
0.267932
-0.022205
0.072186
0.038426
-0.466291
-0.283653
-0.172617
-0.142305
-0.219869
0.043939
-0.130530
-0.627863
-0.354063
0.090131
0.128939
0.137103
-0.069201
-0.100068
-0.037397
-0.113787
-0.073231
-0.234249
-0.183772
-0.351779
-0.273911
-0.389827
-0.099150
0.047407
-0.059662
-0.386724
-0.205849
-0.103771
-0.440633
-0.095126
0.268190
0.143836
-0.029742
0.223205
-0.168203
0.033314
-0.286989
-0.714794
-0.358448
-0.178010
0.186370
0.057949
0.043755
-0.190631
0.124128
0.122406
-0.011562
0.023983
-0.034992
0.137749
0.167221
0.709893
0.550041
0.613968
0.508330
0.368203
-0.001318
0.031234
-0.297337
0.009012
-0.018841
-0.103124
-0.225196
0.398155
0.449500
0.078787
0.446915
0.020356
0.040756
0.356435
-0.685561
-0.602763
-0.005508
0.039723
-0.002365
-0.088574
-0.136406
-0.281011
-0.120200
-0.094034
-0.110234
-0.021607
0.119560
0.033714
0.144298
0.173676
-0.027752
0.740511
0.324688
0.518417
0.364617
-0.102816
-0.224787
-0.621544
-0.266636
0.192521
0.100318
0.316899
0.039710
-0.117097
-0.201882
0.066759
-0.150896
0.100835
-0.239085
0.044433
0.182170
0.147013
0.117949
0.182192
0.179520
-0.091522
0.005431
0.152524
0.331826
0.081742
0.451112
0.126558
-0.271778
-0.432124
0.234143
0.061064
-0.250587
0.035527
0.165580
-0.338503
-0.416897
-0.230887
-0.121323
0.014274
0.480878
-0.024649
-0.120155
0.052842
-0.231486
-0.037383
-0.274652
-0.245788
0.090832
0.344564
0.004325
-0.176696
-0.346029
-0.318085
-0.183745
-0.177286
-0.322726
0.002403
-0.150231
-0.584025
0.108930
-0.075849
-0.244191
-0.269095
0.275488
-0.143079
0.135815
0.094036
-0.188997
-0.036209
0.195323
0.036911
0.047526
-0.277628
-0.121234
-0.065717
0.135454
0.088130
0.352343
0.172551
-0.130723
-0.344849
-0.050594
0.140605
-0.064737
-0.110922
-0.245781
-0.341778
-0.359461
-0.417514
0.280681
0.320592
0.023320
0.118396
-0.024700
-0.008802
0.082653
0.171681
0.160613
0.183565
0.158137
-0.633639
-0.486451
-0.672270
-0.287772
-0.325764
0.196566
0.492617
-0.035385
-0.056875
0.069720
-0.155104
-0.136972
-0.057692
-0.111692
0.040572
0.146652
0.375084
-0.028286
0.200677
-0.057114
-0.131378
-0.335441
-0.252583
0.038219
0.299703
0.333993
0.086622
-0.013217
-0.050516
0.350714
0.100710
-0.056139
-0.147034
-0.028083
-0.050146
-0.011225
-0.411722
-0.369618
-0.171276
0.513419
-0.074468
0.166555
0.017125
0.140917
-0.321610
-0.262114
-0.275286
-0.166574
0.348074
-0.251353
-0.096564
-0.461444
-0.400421
-0.013099
-0.232125
-0.340850
-0.081848
-0.366528
-0.372377
-0.039586
0.058024
-0.444677
0.295918
0.639380
-0.426297
-0.926028
-0.428174
-0.726505
-0.794441
-0.142110
-0.210719
0.128205
-0.187780
-0.188646
-0.236582
-0.287334
0.041051
0.388398
-0.030279
0.375939
0.077372
-0.073351
-0.451673
-0.443981
-0.599837
-0.497668
-0.394243
-0.129567
0.303627
0.589486
0.297058
-0.195534
-0.344866
0.233116
0.249067
0.130516
0.386317
-0.311191
-0.111906
-0.173124
-0.725722
-0.501506
-0.858858
-0.391223
-0.643197
0.086987
0.221736
0.164003
-0.035408
0.228308
-0.189114
0.006485
0.433994
0.098710
-0.035313
0.328994
0.736492
-0.165878
0.165696
-0.321570
-0.626268
-0.041968
-0.148392
0.305457
0.553140
0.444435
0.451310
0.294350
0.381733
0.082879
0.002833
-0.370635
-0.254781
-0.169017
-0.504595
-0.189090
-0.112743
-0.466804
-0.463612
